DATE,AUSLORSGPNOSTSAM
1960-02-01,102.5594
1960-03-01,102.8785
1960-04-01,103.1563
1960-05-01,103.334
1960-06-01,103.3649
1960-07-01,103.2491
1960-08-01,103.0093
1960-09-01,102.6754
1960-10-01,102.2788
1960-11-01,101.8417
1960-12-01,101.3705
1961-01-01,100.8537
1961-02-01,100.2742
1961-03-01,99.62677
1961-04-01,98.9378
1961-05-01,98.25169
1961-06-01,97.62052
1961-07-01,97.09399
1961-08-01,96.71667
1961-09-01,96.5179
1961-10-01,96.50562
1961-11-01,96.6678
1961-12-01,96.97426
1962-01-01,97.36513
1962-02-01,97.77372
1962-03-01,98.14299
1962-04-01,98.44066
1962-05-01,98.65451
1962-06-01,98.79237
1962-07-01,98.88719
1962-08-01,98.97756
1962-09-01,99.09073
1962-10-01,99.22586
1962-11-01,99.36261
1962-12-01,99.46778
1963-01-01,99.50142
1963-02-01,99.43975
1963-03-01,99.30269
1963-04-01,99.18694
1963-05-01,99.20601
1963-06-01,99.4294
1963-07-01,99.81152
1963-08-01,100.2529
1963-09-01,100.6482
1963-10-01,100.9306
1963-11-01,101.0685
1963-12-01,101.0705
1964-01-01,100.9987
1964-02-01,100.9289
1964-03-01,100.9148
1964-04-01,100.9534
1964-05-01,101.019
1964-06-01,101.0929
1964-07-01,101.1907
1964-08-01,101.3382
1964-09-01,101.5461
1964-10-01,101.7804
1964-11-01,101.9904
1964-12-01,102.1343
1965-01-01,102.2065
1965-02-01,102.2145
1965-03-01,102.1611
1965-04-01,102.0306
1965-05-01,101.8003
1965-06-01,101.4575
1965-07-01,101.0223
1965-08-01,100.5273
1965-09-01,100.0037
1965-10-01,99.47164
1965-11-01,98.94868
1965-12-01,98.4579
1966-01-01,98.03586
1966-02-01,97.7235
1966-03-01,97.55275
1966-04-01,97.52539
1966-05-01,97.62647
1966-06-01,97.82684
1966-07-01,98.07582
1966-08-01,98.32646
1966-09-01,98.55686
1966-10-01,98.79095
1966-11-01,99.06301
1966-12-01,99.38123
1967-01-01,99.68804
1967-02-01,99.90572
1967-03-01,99.9826
1967-04-01,99.94468
1967-05-01,99.84787
1967-06-01,99.73788
1967-07-01,99.61468
1967-08-01,99.45375
1967-09-01,99.22807
1967-10-01,98.93215
1967-11-01,98.58338
1967-12-01,98.22809
1968-01-01,97.95123
1968-02-01,97.83902
1968-03-01,97.93706
1968-04-01,98.2047
1968-05-01,98.56512
1968-06-01,98.95007
1968-07-01,99.33778
1968-08-01,99.72356
1968-09-01,100.0896
1968-10-01,100.3746
1968-11-01,100.5111
1968-12-01,100.4689
1969-01-01,100.3083
1969-02-01,100.124
1969-03-01,99.99928
1969-04-01,99.96148
1969-05-01,100.0086
1969-06-01,100.129
1969-07-01,100.3145
1969-08-01,100.5603
1969-09-01,100.8608
1969-10-01,101.2002
1969-11-01,101.5584
1969-12-01,101.914
1970-01-01,102.2454
1970-02-01,102.5281
1970-03-01,102.7331
1970-04-01,102.8292
1970-05-01,102.7903
1970-06-01,102.6105
1970-07-01,102.3282
1970-08-01,101.9991
1970-09-01,101.6759
1970-10-01,101.393
1970-11-01,101.1709
1970-12-01,101.0178
1971-01-01,100.9273
1971-02-01,100.892
1971-03-01,100.9133
1971-04-01,101.0063
1971-05-01,101.1816
1971-06-01,101.42
1971-07-01,101.643
1971-08-01,101.7537
1971-09-01,101.68
1971-10-01,101.4249
1971-11-01,101.0352
1971-12-01,100.5824
1972-01-01,100.1534
1972-02-01,99.82253
1972-03-01,99.62338
1972-04-01,99.51355
1972-05-01,99.42601
1972-06-01,99.31322
1972-07-01,99.18949
1972-08-01,99.10065
1972-09-01,99.09504
1972-10-01,99.19254
1972-11-01,99.39094
1972-12-01,99.66473
1973-01-01,99.95667
1973-02-01,100.2063
1973-03-01,100.3775
1973-04-01,100.4895
1973-05-01,100.5881
1973-06-01,100.7211
1973-07-01,100.916
1973-08-01,101.1765
1973-09-01,101.4759
1973-10-01,101.7452
1973-11-01,101.9003
1973-12-01,101.8719
1974-01-01,101.6445
1974-02-01,101.2384
1974-03-01,100.7065
1974-04-01,100.1433
1974-05-01,99.64567
1974-06-01,99.27783
1974-07-01,99.03245
1974-08-01,98.87234
1974-09-01,98.76226
1974-10-01,98.69439
1974-11-01,98.68053
1974-12-01,98.74167
1975-01-01,98.89371
1975-02-01,99.13618
1975-03-01,99.43405
1975-04-01,99.69279
1975-05-01,99.80553
1975-06-01,99.70363
1975-07-01,99.41715
1975-08-01,99.03345
1975-09-01,98.66833
1975-10-01,98.445
1975-11-01,98.46194
1975-12-01,98.75151
1976-01-01,99.21951
1976-02-01,99.72518
1976-03-01,100.1479
1976-04-01,100.4521
1976-05-01,100.65
1976-06-01,100.7707
1976-07-01,100.8371
1976-08-01,100.8623
1976-09-01,100.849
1976-10-01,100.793
1976-11-01,100.6907
1976-12-01,100.5494
1977-01-01,100.4012
1977-02-01,100.2802
1977-03-01,100.2003
1977-04-01,100.1314
1977-05-01,100.0271
1977-06-01,99.85094
1977-07-01,99.60527
1977-08-01,99.31429
1977-09-01,99.01182
1977-10-01,98.73248
1977-11-01,98.50712
1977-12-01,98.35649
1978-01-01,98.2813
1978-02-01,98.27485
1978-03-01,98.32994
1978-04-01,98.44089
1978-05-01,98.60413
1978-06-01,98.81479
1978-07-01,99.05939
1978-08-01,99.32417
1978-09-01,99.601
1978-10-01,99.89162
1978-11-01,100.1924
1978-12-01,100.4775
1979-01-01,100.6818
1979-02-01,100.7374
1979-03-01,100.6169
1979-04-01,100.3857
1979-05-01,100.1467
1979-06-01,99.99262
1979-07-01,99.95976
1979-08-01,100.0473
1979-09-01,100.2269
1979-10-01,100.4435
1979-11-01,100.6373
1979-12-01,100.7625
1980-01-01,100.8086
1980-02-01,100.7858
1980-03-01,100.7158
1980-04-01,100.6273
1980-05-01,100.5505
1980-06-01,100.5117
1980-07-01,100.5289
1980-08-01,100.6106
1980-09-01,100.7523
1980-10-01,100.9268
1980-11-01,101.1043
1980-12-01,101.2693
1981-01-01,101.438
1981-02-01,101.6394
1981-03-01,101.8969
1981-04-01,102.2066
1981-05-01,102.5442
1981-06-01,102.8684
1981-07-01,103.1211
1981-08-01,103.2446
1981-09-01,103.2029
1981-10-01,103.0126
1981-11-01,102.7163
1981-12-01,102.3667
1982-01-01,102.0179
1982-02-01,101.7102
1982-03-01,101.4552
1982-04-01,101.2179
1982-05-01,100.9429
1982-06-01,100.5784
1982-07-01,100.1028
1982-08-01,99.51491
1982-09-01,98.83124
1982-10-01,98.09131
1982-11-01,97.3441
1982-12-01,96.63886
1983-01-01,96.01677
1983-02-01,95.51703
1983-03-01,95.1769
1983-04-01,95.02306
1983-05-01,95.07231
1983-06-01,95.31861
1983-07-01,95.71471
1983-08-01,96.19794
1983-09-01,96.71475
1983-10-01,97.23915
1983-11-01,97.7596
1983-12-01,98.26473
1984-01-01,98.7286
1984-02-01,99.12022
1984-03-01,99.41579
1984-04-01,99.61555
1984-05-01,99.73104
1984-06-01,99.77868
1984-07-01,99.77884
1984-08-01,99.75336
1984-09-01,99.7262
1984-10-01,99.72559
1984-11-01,99.77953
1984-12-01,99.9091
1985-01-01,100.1176
1985-02-01,100.3962
1985-03-01,100.7229
1985-04-01,101.0568
1985-05-01,101.3498
1985-06-01,101.5571
1985-07-01,101.6513
1985-08-01,101.6188
1985-09-01,101.4641
1985-10-01,101.2225
1985-11-01,100.9363
1985-12-01,100.6367
1986-01-01,100.33
1986-02-01,100.0113
1986-03-01,99.67864
1986-04-01,99.34724
1986-05-01,99.04234
1986-06-01,98.79164
1986-07-01,98.6162
1986-08-01,98.53011
1986-09-01,98.53456
1986-10-01,98.60558
1986-11-01,98.7134
1986-12-01,98.83677
1987-01-01,98.97462
1987-02-01,99.13777
1987-03-01,99.33947
1987-04-01,99.58413
1987-05-01,99.87083
1987-06-01,100.1936
1987-07-01,100.5385
1987-08-01,100.885
1987-09-01,101.2055
1987-10-01,101.4643
1987-11-01,101.6262
1987-12-01,101.669
1988-01-01,101.6027
1988-02-01,101.4541
1988-03-01,101.2581
1988-04-01,101.0564
1988-05-01,100.889
1988-06-01,100.787
1988-07-01,100.7636
1988-08-01,100.8215
1988-09-01,100.9547
1988-10-01,101.1449
1988-11-01,101.3734
1988-12-01,101.6287
1989-01-01,101.9118
1989-02-01,102.2259
1989-03-01,102.5632
1989-04-01,102.8903
1989-05-01,103.1634
1989-06-01,103.3444
1989-07-01,103.4215
1989-08-01,103.3995
1989-09-01,103.2974
1989-10-01,103.1541
1989-11-01,103.0089
1989-12-01,102.8856
1990-01-01,102.7779
1990-02-01,102.6639
1990-03-01,102.52
1990-04-01,102.3357
1990-05-01,102.1095
1990-06-01,101.8491
1990-07-01,101.5732
1990-08-01,101.2987
1990-09-01,101.0281
1990-10-01,100.7376
1990-11-01,100.3978
1990-12-01,99.99434
1991-01-01,99.55335
1991-02-01,99.11787
1991-03-01,98.72818
1991-04-01,98.40192
1991-05-01,98.1428
1991-06-01,97.9444
1991-07-01,97.78918
1991-08-01,97.65919
1991-09-01,97.5437
1991-10-01,97.44468
1991-11-01,97.37077
1991-12-01,97.32986
1992-01-01,97.31983
1992-02-01,97.33616
1992-03-01,97.37708
1992-04-01,97.44654
1992-05-01,97.55331
1992-06-01,97.70763
1992-07-01,97.91499
1992-08-01,98.17413
1992-09-01,98.47097
1992-10-01,98.76814
1992-11-01,99.02137
1992-12-01,99.19562
1993-01-01,99.28393
1993-02-01,99.29417
1993-03-01,99.24129
1993-04-01,99.14487
1993-05-01,99.02808
1993-06-01,98.91957
1993-07-01,98.85641
1993-08-01,98.87408
1993-09-01,98.99294
1993-10-01,99.19861
1993-11-01,99.46092
1993-12-01,99.74622
1994-01-01,100.0251
1994-02-01,100.274
1994-03-01,100.4767
1994-04-01,100.6276
1994-05-01,100.7266
1994-06-01,100.7774
1994-07-01,100.7885
1994-08-01,100.7663
1994-09-01,100.7115
1994-10-01,100.616
1994-11-01,100.4713
1994-12-01,100.2785
1995-01-01,100.0621
1995-02-01,99.85749
1995-03-01,99.70068
1995-04-01,99.6174
1995-05-01,99.62001
1995-06-01,99.69923
1995-07-01,99.80925
1995-08-01,99.89699
1995-09-01,99.92879
1995-10-01,99.91832
1995-11-01,99.89817
1995-12-01,99.89434
1996-01-01,99.90125
1996-02-01,99.89871
1996-03-01,99.86781
1996-04-01,99.80706
1996-05-01,99.72404
1996-06-01,99.62907
1996-07-01,99.53036
1996-08-01,99.43503
1996-09-01,99.3504
1996-10-01,99.28476
1996-11-01,99.25041
1996-12-01,99.26511
1997-01-01,99.35122
1997-02-01,99.52389
1997-03-01,99.7739
1997-04-01,100.0439
1997-05-01,100.2641
1997-06-01,100.3869
1997-07-01,100.4239
1997-08-01,100.4124
1997-09-01,100.3875
1997-10-01,100.3568
1997-11-01,100.3152
1997-12-01,100.2582
1998-01-01,100.1973
1998-02-01,100.1524
1998-03-01,100.1457
1998-04-01,100.1939
1998-05-01,100.3074
1998-06-01,100.4853
1998-07-01,100.706
1998-08-01,100.9383
1998-09-01,101.1495
1998-10-01,101.3128
1998-11-01,101.4077
1998-12-01,101.4238
1999-01-01,101.3692
1999-02-01,101.2624
1999-03-01,101.129
1999-04-01,101.0018
1999-05-01,100.9131
1999-06-01,100.8857
1999-07-01,100.9226
1999-08-01,101.0135
1999-09-01,101.1374
1999-10-01,101.2609
1999-11-01,101.3502
1999-12-01,101.3833
2000-01-01,101.3646
2000-02-01,101.3081
2000-03-01,101.2239
2000-04-01,101.1084
2000-05-01,100.9501
2000-06-01,100.7387
2000-07-01,100.4767
2000-08-01,100.1758
2000-09-01,99.85756
2000-10-01,99.55676
2000-11-01,99.3091
2000-12-01,99.13857
2001-01-01,99.04105
2001-02-01,99.00063
2001-03-01,99.00051
2001-04-01,99.02977
2001-05-01,99.0827
2001-06-01,99.1561
2001-07-01,99.24488
2001-08-01,99.34354
2001-09-01,99.44646
2001-10-01,99.54746
2001-11-01,99.64279
2001-12-01,99.73411
2002-01-01,99.83185
2002-02-01,99.94545
2002-03-01,100.0731
2002-04-01,100.1901
2002-05-01,100.2647
2002-06-01,100.2749
2002-07-01,100.227
2002-08-01,100.1389
2002-09-01,100.0261
2002-10-01,99.89201
2002-11-01,99.73445
2002-12-01,99.55507
2003-01-01,99.36945
2003-02-01,99.20153
2003-03-01,99.07851
2003-04-01,99.02464
2003-05-01,99.05933
2003-06-01,99.19018
2003-07-01,99.3996
2003-08-01,99.65804
2003-09-01,99.93126
2003-10-01,100.1841
2003-11-01,100.3862
2003-12-01,100.5187
2004-01-01,100.5852
2004-02-01,100.5992
2004-03-01,100.5769
2004-04-01,100.5334
2004-05-01,100.4804
2004-06-01,100.4262
2004-07-01,100.376
2004-08-01,100.3323
2004-09-01,100.2951
2004-10-01,100.2622
2004-11-01,100.2301
2004-12-01,100.1955
2005-01-01,100.1567
2005-02-01,100.1141
2005-03-01,100.0719
2005-04-01,100.0396
2005-05-01,100.0264
2005-06-01,100.0356
2005-07-01,100.0565
2005-08-01,100.0715
2005-09-01,100.0616
2005-10-01,100.0122
2005-11-01,99.9144
2005-12-01,99.76863
2006-01-01,99.59174
2006-02-01,99.40945
2006-03-01,99.25107
2006-04-01,99.1448
2006-05-01,99.11417
2006-06-01,99.17078
2006-07-01,99.30164
2006-08-01,99.48421
2006-09-01,99.69596
2006-10-01,99.92013
2006-11-01,100.1439
2006-12-01,100.3556
2007-01-01,100.5419
2007-02-01,100.6914
2007-03-01,100.7994
2007-04-01,100.8766
2007-05-01,100.9373
2007-06-01,100.9917
2007-07-01,101.038
2007-08-01,101.0699
2007-09-01,101.0839
2007-10-01,101.0881
2007-11-01,101.0933
2007-12-01,101.1046
2008-01-01,101.1132
2008-02-01,101.1047
2008-03-01,101.0675
2008-04-01,101.0026
2008-05-01,100.9145
2008-06-01,100.8052
2008-07-01,100.6691
2008-08-01,100.501
2008-09-01,100.3063
2008-10-01,100.1129
2008-11-01,99.95479
2008-12-01,99.85526
2009-01-01,99.80828
2009-02-01,99.79401
2009-03-01,99.79025
2009-04-01,99.78178
2009-05-01,99.76028
2009-06-01,99.72482
2009-07-01,99.68308
2009-08-01,99.64503
2009-09-01,99.6169
2009-10-01,99.59497
2009-11-01,99.57168
2009-12-01,99.54113
2010-01-01,99.50471
2010-02-01,99.46762
2010-03-01,99.43582
2010-04-01,99.41307
2010-05-01,99.40094
2010-06-01,99.3981
2010-07-01,99.39889
2010-08-01,99.39429
2010-09-01,99.37268
2010-10-01,99.32082
2010-11-01,99.23096
2010-12-01,99.11004
2011-01-01,98.99129
2011-02-01,98.9166
2011-03-01,98.91876
2011-04-01,99.00075
2011-05-01,99.15002
2011-06-01,99.34691
2011-07-01,99.56792
2011-08-01,99.79125
2011-09-01,100.0006
2011-10-01,100.1887
2011-11-01,100.3525
2011-12-01,100.4908
2012-01-01,100.6021
2012-02-01,100.6843
2012-03-01,100.7364
2012-04-01,100.7608
2012-05-01,100.7613
2012-06-01,100.741
2012-07-01,100.7033
2012-08-01,100.6508
2012-09-01,100.5859
2012-10-01,100.5116
2012-11-01,100.4313
2012-12-01,100.3478
2013-01-01,100.2639
2013-02-01,100.1829
2013-03-01,100.1099
2013-04-01,100.0528
2013-05-01,100.0197
2013-06-01,100.0156
2013-07-01,100.0376
2013-08-01,100.0789
2013-09-01,100.1317
2013-10-01,100.1885
2013-11-01,100.2421
2013-12-01,100.2858
2014-01-01,100.3137
2014-02-01,100.3204
2014-03-01,100.3029
2014-04-01,100.2633
2014-05-01,100.2056
2014-06-01,100.1354
2014-07-01,100.0592
2014-08-01,99.98418
2014-09-01,99.91777
2014-10-01,99.86696
2014-11-01,99.8361
2014-12-01,99.82333
2015-01-01,99.81572
2015-02-01,99.799
2015-03-01,99.76711
2015-04-01,99.73211
2015-05-01,99.71257
2015-06-01,99.72221
2015-07-01,99.7574
2015-08-01,99.80732
2015-09-01,99.86206
2015-10-01,99.9198
2015-11-01,99.98188
2015-12-01,100.0477
2016-01-01,100.1095
2016-02-01,100.1559
2016-03-01,100.1762
2016-04-01,100.1652
2016-05-01,100.1238
2016-06-01,100.0608
2016-07-01,99.99741
2016-08-01,99.95601
2016-09-01,99.94896
2016-10-01,99.96587
2016-11-01,99.98767
2016-12-01,99.99884
2017-01-01,99.9993
2017-02-01,99.99723
2017-03-01,100.0027
2017-04-01,100.0217
2017-05-01,100.0563
2017-06-01,100.1046
2017-07-01,100.159
2017-08-01,100.2121
2017-09-01,100.2615
2017-10-01,100.3154
2017-11-01,100.3849
2017-12-01,100.4764
2018-01-01,100.5825
2018-02-01,100.6889
2018-03-01,100.7804
2018-04-01,100.8462
2018-05-01,100.8794
2018-06-01,100.8769
2018-07-01,100.8432
2018-08-01,100.7856
2018-09-01,100.7136
2018-10-01,100.6386
2018-11-01,100.5709
2018-12-01,100.5159
2019-01-01,100.4712
2019-02-01,100.4313
2019-03-01,100.392
2019-04-01,100.355
2019-05-01,100.3241
2019-06-01,100.3027
2019-07-01,100.2902
2019-08-01,100.2841
2019-09-01,100.2813
2019-10-01,100.28
2019-11-01,100.2774
2019-12-01,100.2686
2020-01-01,100.2449
2020-02-01,100.1961
2020-03-01,97.56255
2020-04-01,93.12304
2020-05-01,90.91188
2020-06-01,91.89319
2020-07-01,92.83675
2020-08-01,93.74194
2020-09-01,95.17403
2020-10-01,96.63923
2020-11-01,98.1659
2020-12-01,98.44521
2021-01-01,98.65411
2021-02-01,98.75201
2021-03-01,98.80414
2021-04-01,98.77211
2021-05-01,98.65337
2021-06-01,98.49148
2021-07-01,98.39213
2021-08-01,98.46675
2021-09-01,98.77222
2021-10-01,99.23693
2021-11-01,99.7369
2021-12-01,100.1598
2022-01-01,100.4671
2022-02-01,100.6626
2022-03-01,100.7674
2022-04-01,100.8028
2022-05-01,100.7878
2022-06-01,100.7407
2022-07-01,100.6849
2022-08-01,100.6419
2022-09-01,100.6238
2022-10-01,100.6262
2022-11-01,100.6367
2022-12-01,100.6417
2023-01-01,100.6334
2023-02-01,100.6072
2023-03-01,100.561
2023-04-01,100.4951
2023-05-01,100.4117
2023-06-01,100.3145
2023-07-01,100.2113
2023-08-01,100.1097
