DATE,DEULOLITONOSTSAM
1961-01-01,100.8466
1961-02-01,100.6923
1961-03-01,100.5191
1961-04-01,100.3382
1961-05-01,100.1657
1961-06-01,100.0246
1961-07-01,99.91451
1961-08-01,99.82996
1961-09-01,99.76566
1961-10-01,99.72577
1961-11-01,99.72247
1961-12-01,99.73952
1962-01-01,99.7612
1962-02-01,99.76884
1962-03-01,99.76752
1962-04-01,99.76188
1962-05-01,99.74014
1962-06-01,99.68548
1962-07-01,99.59759
1962-08-01,99.48317
1962-09-01,99.35069
1962-10-01,99.20352
1962-11-01,99.05945
1962-12-01,98.92874
1963-01-01,98.83437
1963-02-01,98.80105
1963-03-01,98.8531
1963-04-01,98.96011
1963-05-01,99.09486
1963-06-01,99.24375
1963-07-01,99.3921
1963-08-01,99.53616
1963-09-01,99.67786
1963-10-01,99.83472
1963-11-01,100.0363
1963-12-01,100.2904
1964-01-01,100.5912
1964-02-01,100.8794
1964-03-01,101.1184
1964-04-01,101.3022
1964-05-01,101.4294
1964-06-01,101.4896
1964-07-01,101.4799
1964-08-01,101.423
1964-09-01,101.3512
1964-10-01,101.2902
1964-11-01,101.2568
1964-12-01,101.2397
1965-01-01,101.2119
1965-02-01,101.1384
1965-03-01,101.0199
1965-04-01,100.8787
1965-05-01,100.7278
1965-06-01,100.5703
1965-07-01,100.4249
1965-08-01,100.2886
1965-09-01,100.154
1965-10-01,100.0135
1965-11-01,99.88911
1965-12-01,99.79562
1966-01-01,99.72008
1966-02-01,99.62046
1966-03-01,99.45846
1966-04-01,99.21587
1966-05-01,98.89565
1966-06-01,98.50827
1966-07-01,98.07306
1966-08-01,97.61302
1966-09-01,97.15875
1966-10-01,96.7476
1966-11-01,96.43748
1966-12-01,96.27245
1967-01-01,96.26035
1967-02-01,96.38698
1967-03-01,96.62324
1967-04-01,96.94395
1967-05-01,97.33158
1967-06-01,97.7708
1967-07-01,98.23871
1967-08-01,98.71239
1967-09-01,99.16124
1967-10-01,99.55453
1967-11-01,99.8747
1967-12-01,100.1189
1968-01-01,100.3063
1968-02-01,100.489
1968-03-01,100.6951
1968-04-01,100.9352
1968-05-01,101.1989
1968-06-01,101.4712
1968-07-01,101.7413
1968-08-01,101.9778
1968-09-01,102.1656
1968-10-01,102.3094
1968-11-01,102.4359
1968-12-01,102.5551
1969-01-01,102.6674
1969-02-01,102.8238
1969-03-01,102.9595
1969-04-01,103.0595
1969-05-01,103.0955
1969-06-01,103.0413
1969-07-01,102.8879
1969-08-01,102.6485
1969-09-01,102.3408
1969-10-01,101.9857
1969-11-01,101.6098
1969-12-01,101.2333
1970-01-01,100.9006
1970-02-01,100.6358
1970-03-01,100.4363
1970-04-01,100.2944
1970-05-01,100.2015
1970-06-01,100.1383
1970-07-01,100.0948
1970-08-01,100.0548
1970-09-01,100.0043
1970-10-01,99.94836
1970-11-01,99.89726
1970-12-01,99.84704
1971-01-01,99.77993
1971-02-01,99.68726
1971-03-01,99.55472
1971-04-01,99.3773
1971-05-01,99.1685
1971-06-01,98.93391
1971-07-01,98.68397
1971-08-01,98.44877
1971-09-01,98.29388
1971-10-01,98.26658
1971-11-01,98.38316
1971-12-01,98.63103
1972-01-01,98.97343
1972-02-01,99.36433
1972-03-01,99.77779
1972-04-01,100.1875
1972-05-01,100.5783
1972-06-01,100.9507
1972-07-01,101.2972
1972-08-01,101.6137
1972-09-01,101.8964
1972-10-01,102.1424
1972-11-01,102.3484
1972-12-01,102.4883
1973-01-01,102.514
1973-02-01,102.2394
1973-03-01,101.8465
1973-04-01,101.3775
1973-05-01,100.8644
1973-06-01,100.348
1973-07-01,99.87411
1973-08-01,99.47657
1973-09-01,99.16273
1973-10-01,98.93687
1973-11-01,98.81506
1973-12-01,98.80228
1974-01-01,98.88819
1974-02-01,99.0292
1974-03-01,99.17101
1974-04-01,99.26277
1974-05-01,99.26495
1974-06-01,99.15131
1974-07-01,98.92641
1974-08-01,98.60576
1974-09-01,98.23495
1974-10-01,97.88416
1974-11-01,97.60039
1974-12-01,97.41513
1975-01-01,97.36039
1975-02-01,97.43277
1975-03-01,97.61502
1975-04-01,97.89058
1975-05-01,98.23487
1975-06-01,98.64168
1975-07-01,99.08652
1975-08-01,99.5545
1975-09-01,100.029
1975-10-01,100.4748
1975-11-01,100.8614
1975-12-01,101.1708
1976-01-01,101.3973
1976-02-01,101.5375
1976-03-01,101.6085
1976-04-01,101.6389
1976-05-01,101.6413
1976-06-01,101.6109
1976-07-01,101.5435
1976-08-01,101.4335
1976-09-01,101.27
1976-10-01,101.0613
1976-11-01,100.8188
1976-12-01,100.5505
1977-01-01,100.2779
1977-02-01,100.0323
1977-03-01,99.81489
1977-04-01,99.63727
1977-05-01,99.51019
1977-06-01,99.43443
1977-07-01,99.4102
1977-08-01,99.43172
1977-09-01,99.47739
1977-10-01,99.5229
1977-11-01,99.5465
1977-12-01,99.54517
1978-01-01,99.53112
1978-02-01,99.53524
1978-03-01,99.59678
1978-04-01,99.73679
1978-05-01,99.9562
1978-06-01,100.2407
1978-07-01,100.5556
1978-08-01,100.8714
1978-09-01,101.1518
1978-10-01,101.3849
1978-11-01,101.5769
1978-12-01,101.7369
1979-01-01,101.8827
1979-02-01,102.0223
1979-03-01,102.1356
1979-04-01,102.1894
1979-05-01,102.1629
1979-06-01,102.0531
1979-07-01,101.8718
1979-08-01,101.6407
1979-09-01,101.3905
1979-10-01,101.1439
1979-11-01,100.9117
1979-12-01,100.7077
1980-01-01,100.5166
1980-02-01,100.3122
1980-03-01,100.0714
1980-04-01,99.79619
1980-05-01,99.51324
1980-06-01,99.2611
1980-07-01,99.07017
1980-08-01,98.93869
1980-09-01,98.84245
1980-10-01,98.75731
1980-11-01,98.68032
1980-12-01,98.61962
1981-01-01,98.56694
1981-02-01,98.51286
1981-03-01,98.45026
1981-04-01,98.38969
1981-05-01,98.33464
1981-06-01,98.30581
1981-07-01,98.31352
1981-08-01,98.3474
1981-09-01,98.40762
1981-10-01,98.47369
1981-11-01,98.52137
1981-12-01,98.54131
1982-01-01,98.52779
1982-02-01,98.47849
1982-03-01,98.37391
1982-04-01,98.20413
1982-05-01,97.99075
1982-06-01,97.76788
1982-07-01,97.57517
1982-08-01,97.47791
1982-09-01,97.52431
1982-10-01,97.74031
1982-11-01,98.10387
1982-12-01,98.55879
1983-01-01,99.03589
1983-02-01,99.47256
1983-03-01,99.83997
1983-04-01,100.1148
1983-05-01,100.3165
1983-06-01,100.4609
1983-07-01,100.5787
1983-08-01,100.6979
1983-09-01,100.8161
1983-10-01,100.9313
1983-11-01,101.0399
1983-12-01,101.1119
1984-01-01,101.1185
1984-02-01,101.0461
1984-03-01,100.9092
1984-04-01,100.7508
1984-05-01,100.6095
1984-06-01,100.5117
1984-07-01,100.4761
1984-08-01,100.4762
1984-09-01,100.4899
1984-10-01,100.5029
1984-11-01,100.509
1984-12-01,100.5116
1985-01-01,100.5074
1985-02-01,100.4945
1985-03-01,100.4782
1985-04-01,100.463
1985-05-01,100.4512
1985-06-01,100.4431
1985-07-01,100.4433
1985-08-01,100.4416
1985-09-01,100.432
1985-10-01,100.4014
1985-11-01,100.3435
1985-12-01,100.2694
1986-01-01,100.1932
1986-02-01,100.1191
1986-03-01,100.0533
1986-04-01,99.99671
1986-05-01,99.93279
1986-06-01,99.86643
1986-07-01,99.78445
1986-08-01,99.68069
1986-09-01,99.56395
1986-10-01,99.4367
1986-11-01,99.30871
1986-12-01,99.20016
1987-01-01,99.12703
1987-02-01,99.11718
1987-03-01,99.16349
1987-04-01,99.24569
1987-05-01,99.34438
1987-06-01,99.4445
1987-07-01,99.51772
1987-08-01,99.5628
1987-09-01,99.57507
1987-10-01,99.54978
1987-11-01,99.51146
1987-12-01,99.505
1988-01-01,99.5667
1988-02-01,99.6916
1988-03-01,99.85632
1988-04-01,100.0335
1988-05-01,100.1949
1988-06-01,100.3245
1988-07-01,100.4145
1988-08-01,100.4826
1988-09-01,100.5246
1988-10-01,100.5437
1988-11-01,100.5537
1988-12-01,100.5478
1989-01-01,100.5307
1989-02-01,100.5235
1989-03-01,100.5327
1989-04-01,100.5554
1989-05-01,100.5829
1989-06-01,100.6099
1989-07-01,100.6214
1989-08-01,100.622
1989-09-01,100.6246
1989-10-01,100.6397
1989-11-01,100.6793
1989-12-01,100.7439
1990-01-01,100.8253
1990-02-01,100.9234
1990-03-01,101.0407
1990-04-01,101.1662
1990-05-01,101.2824
1990-06-01,101.3713
1990-07-01,101.4209
1990-08-01,101.407
1990-09-01,101.3106
1990-10-01,101.1379
1990-11-01,100.9075
1990-12-01,100.6407
1991-01-01,100.3635
1991-02-01,100.1175
1991-03-01,99.93736
1991-04-01,99.83362
1991-05-01,99.78673
1991-06-01,99.77295
1991-07-01,99.77295
1991-08-01,99.78689
1991-09-01,99.80772
1991-10-01,99.82354
1991-11-01,99.81325
1991-12-01,99.76999
1992-01-01,99.69337
1992-02-01,99.5858
1992-03-01,99.4455
1992-04-01,99.27464
1992-05-01,99.0733
1992-06-01,98.83721
1992-07-01,98.55522
1992-08-01,98.2296
1992-09-01,97.88844
1992-10-01,97.56841
1992-11-01,97.3126
1992-12-01,97.1469
1993-01-01,97.05743
1993-02-01,97.03252
1993-03-01,97.06989
1993-04-01,97.16104
1993-05-01,97.2928
1993-06-01,97.45608
1993-07-01,97.64392
1993-08-01,97.85194
1993-09-01,98.0636
1993-10-01,98.28041
1993-11-01,98.52363
1993-12-01,98.80924
1994-01-01,99.14463
1994-02-01,99.53133
1994-03-01,99.94477
1994-04-01,100.3556
1994-05-01,100.7356
1994-06-01,101.071
1994-07-01,101.3553
1994-08-01,101.5978
1994-09-01,101.7958
1994-10-01,101.9258
1994-11-01,101.9678
1994-12-01,101.9121
1995-01-01,101.7673
1995-02-01,101.5675
1995-03-01,101.3384
1995-04-01,101.1039
1995-05-01,100.9323
1995-06-01,100.7679
1995-07-01,100.6107
1995-08-01,100.4446
1995-09-01,100.264
1995-10-01,100.0698
1995-11-01,99.8688
1995-12-01,99.66775
1996-01-01,99.48525
1996-02-01,99.35076
1996-03-01,99.28153
1996-04-01,99.27634
1996-05-01,99.3185
1996-06-01,99.3954
1996-07-01,99.50045
1996-08-01,99.61834
1996-09-01,99.73797
1996-10-01,99.84572
1996-11-01,99.93206
1996-12-01,100.0121
1997-01-01,100.1001
1997-02-01,100.1906
1997-03-01,100.2892
1997-04-01,100.3909
1997-05-01,100.4799
1997-06-01,100.568
1997-07-01,100.6485
1997-08-01,100.7231
1997-09-01,100.7877
1997-10-01,100.8276
1997-11-01,100.8386
1997-12-01,100.8326
1998-01-01,100.8138
1998-02-01,100.7878
1998-03-01,100.753
1998-04-01,100.6898
1998-05-01,100.5885
1998-06-01,100.4509
1998-07-01,100.2775
1998-08-01,100.0782
1998-09-01,99.88234
1998-10-01,99.70935
1998-11-01,99.57784
1998-12-01,99.49007
1999-01-01,99.44395
1999-02-01,99.43272
1999-03-01,99.45969
1999-04-01,99.52535
1999-05-01,99.63992
1999-06-01,99.79528
1999-07-01,99.96986
1999-08-01,100.1681
1999-09-01,100.3837
1999-10-01,100.6074
1999-11-01,100.8199
1999-12-01,101.0126
2000-01-01,101.1878
2000-02-01,101.356
2000-03-01,101.5145
2000-04-01,101.6664
2000-05-01,101.7998
2000-06-01,101.897
2000-07-01,101.9627
2000-08-01,101.9785
2000-09-01,101.9359
2000-10-01,101.8291
2000-11-01,101.6541
2000-12-01,101.4011
2001-01-01,101.0771
2001-02-01,100.7019
2001-03-01,100.3048
2001-04-01,99.90783
2001-05-01,99.5288
2001-06-01,99.17577
2001-07-01,98.87408
2001-08-01,98.64307
2001-09-01,98.49424
2001-10-01,98.45448
2001-11-01,98.52251
2001-12-01,98.67961
2002-01-01,98.88789
2002-02-01,99.11546
2002-03-01,99.30654
2002-04-01,99.41932
2002-05-01,99.44383
2002-06-01,99.38393
2002-07-01,99.26202
2002-08-01,99.10548
2002-09-01,98.94007
2002-10-01,98.78864
2002-11-01,98.6787
2002-12-01,98.62881
2003-01-01,98.6413
2003-02-01,98.69389
2003-03-01,98.76521
2003-04-01,98.85798
2003-05-01,98.98766
2003-06-01,99.17265
2003-07-01,99.39389
2003-08-01,99.62808
2003-09-01,99.84749
2003-10-01,100.0379
2003-11-01,100.1794
2003-12-01,100.2631
2004-01-01,100.3088
2004-02-01,100.3416
2004-03-01,100.3695
2004-04-01,100.3884
2004-05-01,100.3881
2004-06-01,100.3685
2004-07-01,100.3398
2004-08-01,100.3035
2004-09-01,100.2599
2004-10-01,100.2047
2004-11-01,100.1432
2004-12-01,100.0753
2005-01-01,99.98443
2005-02-01,99.86947
2005-03-01,99.75175
2005-04-01,99.66335
2005-05-01,99.62487
2005-06-01,99.64769
2005-07-01,99.73216
2005-08-01,99.86318
2005-09-01,100.0379
2005-10-01,100.2406
2005-11-01,100.4559
2005-12-01,100.6825
2006-01-01,100.9026
2006-02-01,101.0878
2006-03-01,101.2243
2006-04-01,101.3082
2006-05-01,101.3411
2006-06-01,101.339
2006-07-01,101.3192
2006-08-01,101.3069
2006-09-01,101.3205
2006-10-01,101.3682
2006-11-01,101.4491
2006-12-01,101.5429
2007-01-01,101.6366
2007-02-01,101.7198
2007-03-01,101.7903
2007-04-01,101.8418
2007-05-01,101.8682
2007-06-01,101.8523
2007-07-01,101.7887
2007-08-01,101.6979
2007-09-01,101.6035
2007-10-01,101.521
2007-11-01,101.4418
2007-12-01,101.3588
2008-01-01,101.2637
2008-02-01,101.1351
2008-03-01,100.9472
2008-04-01,100.6802
2008-05-01,100.3184
2008-06-01,99.8373
2008-07-01,99.23529
2008-08-01,98.5265
2008-09-01,97.734
2008-10-01,96.91682
2008-11-01,96.17068
2008-12-01,95.59207
2009-01-01,95.24885
2009-02-01,95.15369
2009-03-01,95.30791
2009-04-01,95.69268
2009-05-01,96.26027
2009-06-01,96.94085
2009-07-01,97.65761
2009-08-01,98.33845
2009-09-01,98.92831
2009-10-01,99.40716
2009-11-01,99.78546
2009-12-01,100.0891
2010-01-01,100.3557
2010-02-01,100.6105
2010-03-01,100.8661
2010-04-01,101.1112
2010-05-01,101.3287
2010-06-01,101.532
2010-07-01,101.7338
2010-08-01,101.9235
2010-09-01,102.0906
2010-10-01,102.23
2010-11-01,102.3333
2010-12-01,102.39
2011-01-01,102.3919
2011-02-01,102.3279
2011-03-01,102.1936
2011-04-01,101.99
2011-05-01,101.7241
2011-06-01,101.4016
2011-07-01,101.0371
2011-08-01,100.6668
2011-09-01,100.3439
2011-10-01,100.1052
2011-11-01,99.95941
2011-12-01,99.90107
2012-01-01,99.8877
2012-02-01,99.88049
2012-03-01,99.84373
2012-04-01,99.75495
2012-05-01,99.61266
2012-06-01,99.43143
2012-07-01,99.24551
2012-08-01,99.09033
2012-09-01,98.99431
2012-10-01,98.97469
2012-11-01,99.03597
2012-12-01,99.15627
2013-01-01,99.30755
2013-02-01,99.45973
2013-03-01,99.58633
2013-04-01,99.69926
2013-05-01,99.82328
2013-06-01,99.96521
2013-07-01,100.1207
2013-08-01,100.2865
2013-09-01,100.4405
2013-10-01,100.5639
2013-11-01,100.6561
2013-12-01,100.7106
2014-01-01,100.7287
2014-02-01,100.7008
2014-03-01,100.6254
2014-04-01,100.5095
2014-05-01,100.3578
2014-06-01,100.1852
2014-07-01,100.0081
2014-08-01,99.84071
2014-09-01,99.70879
2014-10-01,99.6328
2014-11-01,99.61808
2014-12-01,99.65566
2015-01-01,99.73009
2015-02-01,99.82196
2015-03-01,99.91543
2015-04-01,99.991
2015-05-01,100.0328
2015-06-01,100.0375
2015-07-01,100.0085
2015-08-01,99.95154
2015-09-01,99.87706
2015-10-01,99.80045
2015-11-01,99.72748
2015-12-01,99.65849
2016-01-01,99.59698
2016-02-01,99.54979
2016-03-01,99.52949
2016-04-01,99.52894
2016-05-01,99.54229
2016-06-01,99.56425
2016-07-01,99.59849
2016-08-01,99.65031
2016-09-01,99.7314
2016-10-01,99.83147
2016-11-01,99.93891
2016-12-01,100.0653
2017-01-01,100.2028
2017-02-01,100.3488
2017-03-01,100.4981
2017-04-01,100.642
2017-05-01,100.7686
2017-06-01,100.8859
2017-07-01,100.9924
2017-08-01,101.0853
2017-09-01,101.1654
2017-10-01,101.228
2017-11-01,101.2642
2017-12-01,101.2686
2018-01-01,101.2345
2018-02-01,101.1695
2018-03-01,101.0796
2018-04-01,100.9794
2018-05-01,100.8833
2018-06-01,100.7972
2018-07-01,100.7271
2018-08-01,100.656
2018-09-01,100.5669
2018-10-01,100.4462
2018-11-01,100.3019
2018-12-01,100.1305
2019-01-01,99.94383
2019-02-01,99.75725
2019-03-01,99.57082
2019-04-01,99.38371
2019-05-01,99.19299
2019-06-01,99.00707
2019-07-01,98.86066
2019-08-01,98.79155
2019-09-01,98.79841
2019-10-01,98.86211
2019-11-01,98.94813
2019-12-01,99.01477
2020-01-01,99.03963
2020-02-01,99.00423
2020-03-01,96.61015
2020-04-01,92.18928
2020-05-01,94.12167
2020-06-01,97.65724
2020-07-01,98.82632
2020-08-01,99.20975
2020-09-01,99.40795
2020-10-01,99.59925
2020-11-01,99.78551
2020-12-01,100.0054
2021-01-01,100.2896
2021-02-01,100.6635
2021-03-01,101.1016
2021-04-01,101.5312
2021-05-01,101.9087
2021-06-01,102.1986
2021-07-01,102.3618
2021-08-01,102.3964
2021-09-01,102.343
2021-10-01,102.2245
2021-11-01,102.0697
2021-12-01,101.896
2022-01-01,101.6991
2022-02-01,101.4522
2022-03-01,101.1481
2022-04-01,100.83
2022-05-01,100.5146
2022-06-01,100.1941
2022-07-01,99.88229
2022-08-01,99.61954
2022-09-01,99.43666
2022-10-01,99.3606
2022-11-01,99.39754
2022-12-01,99.51646
2023-01-01,99.65597
2023-02-01,99.75908
2023-03-01,99.79018
2023-04-01,99.74075
2023-05-01,99.61353
2023-06-01,99.45547
2023-07-01,99.31889
2023-08-01,99.23302
2023-09-01,99.21037
2023-10-01,99.23579
2023-11-01,99.28629
2023-12-01,99.34068
2024-01-01,99.3924
