DATE,JPNLOLITONOSTSAM
1960-01-01,100.5981
1960-02-01,100.6443
1960-03-01,100.6568
1960-04-01,100.6447
1960-05-01,100.6297
1960-06-01,100.642
1960-07-01,100.6978
1960-08-01,100.796
1960-09-01,100.9405
1960-10-01,101.1215
1960-11-01,101.3238
1960-12-01,101.525
1961-01-01,101.7187
1961-02-01,101.8882
1961-03-01,102.0137
1961-04-01,102.0966
1961-05-01,102.1138
1961-06-01,102.05
1961-07-01,101.8986
1961-08-01,101.6577
1961-09-01,101.3424
1961-10-01,100.9937
1961-11-01,100.6441
1961-12-01,100.311
1962-01-01,99.9978
1962-02-01,99.68893
1962-03-01,99.39469
1962-04-01,99.11977
1962-05-01,98.87488
1962-06-01,98.65821
1962-07-01,98.47899
1962-08-01,98.3457
1962-09-01,98.26662
1962-10-01,98.24866
1962-11-01,98.30408
1962-12-01,98.42069
1963-01-01,98.58556
1963-02-01,98.80083
1963-03-01,99.05198
1963-04-01,99.29841
1963-05-01,99.50946
1963-06-01,99.66403
1963-07-01,99.75063
1963-08-01,99.77193
1963-09-01,99.75357
1963-10-01,99.71486
1963-11-01,99.67119
1963-12-01,99.63456
1964-01-01,99.60223
1964-02-01,99.56741
1964-03-01,99.51897
1964-04-01,99.45323
1964-05-01,99.38053
1964-06-01,99.29347
1964-07-01,99.18898
1964-08-01,99.06786
1964-09-01,98.92915
1964-10-01,98.77116
1964-11-01,98.60966
1964-12-01,98.46185
1965-01-01,98.31957
1965-02-01,98.1673
1965-03-01,98.00356
1965-04-01,97.84505
1965-05-01,97.71501
1965-06-01,97.63369
1965-07-01,97.61517
1965-08-01,97.66836
1965-09-01,97.78293
1965-10-01,97.94579
1965-11-01,98.1365
1965-12-01,98.34109
1966-01-01,98.56261
1966-02-01,98.80074
1966-03-01,99.03518
1966-04-01,99.25262
1966-05-01,99.44349
1966-06-01,99.59669
1966-07-01,99.70323
1966-08-01,99.76659
1966-09-01,99.80865
1966-10-01,99.8427
1966-11-01,99.8638
1966-12-01,99.87336
1967-01-01,99.87949
1967-02-01,99.87022
1967-03-01,99.84092
1967-04-01,99.7909
1967-05-01,99.72744
1967-06-01,99.65998
1967-07-01,99.60186
1967-08-01,99.5516
1967-09-01,99.51243
1967-10-01,99.4977
1967-11-01,99.50455
1967-12-01,99.52612
1968-01-01,99.55639
1968-02-01,99.56441
1968-03-01,99.54808
1968-04-01,99.52311
1968-05-01,99.48786
1968-06-01,99.45383
1968-07-01,99.46466
1968-08-01,99.5445
1968-09-01,99.66119
1968-10-01,99.7748
1968-11-01,99.86195
1968-12-01,99.91614
1969-01-01,99.96109
1969-02-01,100.0098
1969-03-01,100.0687
1969-04-01,100.1355
1969-05-01,100.1991
1969-06-01,100.2448
1969-07-01,100.27
1969-08-01,100.2975
1969-09-01,100.3377
1969-10-01,100.3939
1969-11-01,100.4806
1969-12-01,100.5895
1970-01-01,100.693
1970-02-01,100.7423
1970-03-01,100.6948
1970-04-01,100.5454
1970-05-01,100.3064
1970-06-01,100.0188
1970-07-01,99.69341
1970-08-01,99.34636
1970-09-01,98.98898
1970-10-01,98.64555
1970-11-01,98.32692
1970-12-01,98.03974
1971-01-01,97.79987
1971-02-01,97.63759
1971-03-01,97.57085
1971-04-01,97.57305
1971-05-01,97.62959
1971-06-01,97.72002
1971-07-01,97.81805
1971-08-01,97.89272
1971-09-01,97.94749
1971-10-01,98.01502
1971-11-01,98.12761
1971-12-01,98.31135
1972-01-01,98.57977
1972-02-01,98.91777
1972-03-01,99.3159
1972-04-01,99.76147
1972-05-01,100.2349
1972-06-01,100.7114
1972-07-01,101.1944
1972-08-01,101.7173
1972-09-01,102.2899
1972-10-01,102.9018
1972-11-01,103.5043
1972-12-01,104.0367
1973-01-01,104.4453
1973-02-01,104.7044
1973-03-01,104.8351
1973-04-01,104.8195
1973-05-01,104.6914
1973-06-01,104.4857
1973-07-01,104.2432
1973-08-01,104.0052
1973-09-01,103.7389
1973-10-01,103.4131
1973-11-01,102.9859
1973-12-01,102.4497
1974-01-01,101.7992
1974-02-01,101.0628
1974-03-01,100.2831
1974-04-01,99.53471
1974-05-01,98.86118
1974-06-01,98.28334
1974-07-01,97.78115
1974-08-01,97.31422
1974-09-01,96.8556
1974-10-01,96.40927
1974-11-01,96.02594
1974-12-01,95.74844
1975-01-01,95.61057
1975-02-01,95.629
1975-03-01,95.79
1975-04-01,96.05379
1975-05-01,96.40784
1975-06-01,96.82484
1975-07-01,97.2896
1975-08-01,97.77966
1975-09-01,98.28709
1975-10-01,98.78065
1975-11-01,99.23955
1975-12-01,99.6602
1976-01-01,100.0154
1976-02-01,100.313
1976-03-01,100.5645
1976-04-01,100.7913
1976-05-01,100.9919
1976-06-01,101.1527
1976-07-01,101.2577
1976-08-01,101.3178
1976-09-01,101.3512
1976-10-01,101.3655
1976-11-01,101.3485
1976-12-01,101.2762
1977-01-01,101.1228
1977-02-01,100.8536
1977-03-01,100.4913
1977-04-01,100.0814
1977-05-01,99.68671
1977-06-01,99.35396
1977-07-01,99.15437
1977-08-01,99.11228
1977-09-01,99.17447
1977-10-01,99.29995
1977-11-01,99.46532
1977-12-01,99.65923
1978-01-01,99.87447
1978-02-01,100.0908
1978-03-01,100.2969
1978-04-01,100.4883
1978-05-01,100.6702
1978-06-01,100.8596
1978-07-01,101.0764
1978-08-01,101.3066
1978-09-01,101.5591
1978-10-01,101.8172
1978-11-01,102.0621
1978-12-01,102.3082
1979-01-01,102.5541
1979-02-01,102.8056
1979-03-01,103.0331
1979-04-01,103.1949
1979-05-01,103.2677
1979-06-01,103.2647
1979-07-01,103.1792
1979-08-01,102.9975
1979-09-01,102.7371
1979-10-01,102.4027
1979-11-01,101.998
1979-12-01,101.5355
1980-01-01,101.0461
1980-02-01,100.5487
1980-03-01,100.0715
1980-04-01,99.63574
1980-05-01,99.25688
1980-06-01,98.96255
1980-07-01,98.7519
1980-08-01,98.63032
1980-09-01,98.61793
1980-10-01,98.70561
1980-11-01,98.87011
1980-12-01,99.09954
1981-01-01,99.36217
1981-02-01,99.63013
1981-03-01,99.87138
1981-04-01,100.0747
1981-05-01,100.2223
1981-06-01,100.3141
1981-07-01,100.3659
1981-08-01,100.4123
1981-09-01,100.465
1981-10-01,100.5297
1981-11-01,100.5938
1981-12-01,100.6308
1982-01-01,100.621
1982-02-01,100.5643
1982-03-01,100.469
1982-04-01,100.357
1982-05-01,100.2597
1982-06-01,100.1794
1982-07-01,100.1134
1982-08-01,100.0606
1982-09-01,100.0039
1982-10-01,99.93323
1982-11-01,99.84167
1982-12-01,99.73019
1983-01-01,99.61565
1983-02-01,99.48619
1983-03-01,99.39304
1983-04-01,99.35879
1983-05-01,99.38287
1983-06-01,99.45287
1983-07-01,99.52913
1983-08-01,99.61788
1983-09-01,99.70774
1983-10-01,99.78687
1983-11-01,99.83878
1983-12-01,99.85076
1984-01-01,99.82567
1984-02-01,99.77459
1984-03-01,99.71065
1984-04-01,99.63183
1984-05-01,99.52579
1984-06-01,99.38054
1984-07-01,99.22799
1984-08-01,99.08143
1984-09-01,98.96611
1984-10-01,98.94264
1984-11-01,99.04021
1984-12-01,99.26144
1985-01-01,99.55995
1985-02-01,99.82328
1985-03-01,100.0232
1985-04-01,100.1064
1985-05-01,100.0585
1985-06-01,99.90102
1985-07-01,99.67625
1985-08-01,99.42638
1985-09-01,99.18919
1985-10-01,98.97641
1985-11-01,98.7909
1985-12-01,98.65877
1986-01-01,98.5911
1986-02-01,98.58038
1986-03-01,98.61383
1986-04-01,98.68847
1986-05-01,98.78017
1986-06-01,98.87149
1986-07-01,98.95335
1986-08-01,99.01211
1986-09-01,99.04594
1986-10-01,99.06149
1986-11-01,99.08694
1986-12-01,99.15271
1987-01-01,99.25983
1987-02-01,99.42167
1987-03-01,99.66663
1987-04-01,100.005
1987-05-01,100.4105
1987-06-01,100.8318
1987-07-01,101.2141
1987-08-01,101.5192
1987-09-01,101.7291
1987-10-01,101.8517
1987-11-01,101.9142
1987-12-01,101.9293
1988-01-01,101.9313
1988-02-01,101.929
1988-03-01,101.909
1988-04-01,101.8824
1988-05-01,101.862
1988-06-01,101.8264
1988-07-01,101.7516
1988-08-01,101.6462
1988-09-01,101.5268
1988-10-01,101.4363
1988-11-01,101.4102
1988-12-01,101.4445
1989-01-01,101.5202
1989-02-01,101.611
1989-03-01,101.6758
1989-04-01,101.6618
1989-05-01,101.5871
1989-06-01,101.4899
1989-07-01,101.4031
1989-08-01,101.3538
1989-09-01,101.3466
1989-10-01,101.3839
1989-11-01,101.4552
1989-12-01,101.5469
1990-01-01,101.633
1990-02-01,101.6983
1990-03-01,101.7376
1990-04-01,101.751
1990-05-01,101.7373
1990-06-01,101.6967
1990-07-01,101.6219
1990-08-01,101.5016
1990-09-01,101.3309
1990-10-01,101.1051
1990-11-01,100.8469
1990-12-01,100.5912
1991-01-01,100.3481
1991-02-01,100.132
1991-03-01,99.94147
1991-04-01,99.76909
1991-05-01,99.61335
1991-06-01,99.45585
1991-07-01,99.30657
1991-08-01,99.17102
1991-09-01,99.06297
1991-10-01,98.96908
1991-11-01,98.87404
1991-12-01,98.77267
1992-01-01,98.66942
1992-02-01,98.56267
1992-03-01,98.46004
1992-04-01,98.36082
1992-05-01,98.26136
1992-06-01,98.16701
1992-07-01,98.06912
1992-08-01,97.97056
1992-09-01,97.88102
1992-10-01,97.81229
1992-11-01,97.78094
1992-12-01,97.8021
1993-01-01,97.88126
1993-02-01,98.01047
1993-03-01,98.17619
1993-04-01,98.34602
1993-05-01,98.49957
1993-06-01,98.61536
1993-07-01,98.69122
1993-08-01,98.73624
1993-09-01,98.74516
1993-10-01,98.74691
1993-11-01,98.78182
1993-12-01,98.88247
1994-01-01,99.07103
1994-02-01,99.31821
1994-03-01,99.60102
1994-04-01,99.89935
1994-05-01,100.1876
1994-06-01,100.4452
1994-07-01,100.6487
1994-08-01,100.7962
1994-09-01,100.8751
1994-10-01,100.9034
1994-11-01,100.8838
1994-12-01,100.8145
1995-01-01,100.6982
1995-02-01,100.5398
1995-03-01,100.3666
1995-04-01,100.2138
1995-05-01,100.1013
1995-06-01,100.0692
1995-07-01,100.1415
1995-08-01,100.3013
1995-09-01,100.5266
1995-10-01,100.7956
1995-11-01,101.0696
1995-12-01,101.3201
1996-01-01,101.5254
1996-02-01,101.6812
1996-03-01,101.801
1996-04-01,101.9161
1996-05-01,102.0084
1996-06-01,102.0786
1996-07-01,102.1373
1996-08-01,102.1609
1996-09-01,102.1536
1996-10-01,102.103
1996-11-01,102.0007
1996-12-01,101.8659
1997-01-01,101.7081
1997-02-01,101.5433
1997-03-01,101.3757
1997-04-01,101.2105
1997-05-01,101.04
1997-06-01,100.8403
1997-07-01,100.594
1997-08-01,100.2983
1997-09-01,99.96362
1997-10-01,99.59961
1997-11-01,99.2374
1997-12-01,98.90557
1998-01-01,98.60493
1998-02-01,98.32914
1998-03-01,98.07941
1998-04-01,97.86523
1998-05-01,97.69331
1998-06-01,97.56441
1998-07-01,97.47378
1998-08-01,97.42713
1998-09-01,97.43423
1998-10-01,97.51698
1998-11-01,97.68765
1998-12-01,97.94318
1999-01-01,98.26847
1999-02-01,98.63139
1999-03-01,98.98993
1999-04-01,99.33068
1999-05-01,99.63592
1999-06-01,99.91241
1999-07-01,100.1587
1999-08-01,100.3753
1999-09-01,100.5629
1999-10-01,100.7335
1999-11-01,100.8952
1999-12-01,101.0442
2000-01-01,101.1811
2000-02-01,101.2768
2000-03-01,101.3248
2000-04-01,101.3278
2000-05-01,101.2894
2000-06-01,101.2281
2000-07-01,101.1425
2000-08-01,101.0458
2000-09-01,100.9416
2000-10-01,100.8251
2000-11-01,100.6905
2000-12-01,100.5338
2001-01-01,100.3427
2001-02-01,100.1452
2001-03-01,99.94844
2001-04-01,99.74659
2001-05-01,99.54507
2001-06-01,99.33704
2001-07-01,99.13774
2001-08-01,98.95284
2001-09-01,98.79642
2001-10-01,98.69062
2001-11-01,98.64582
2001-12-01,98.6674
2002-01-01,98.75742
2002-02-01,98.90327
2002-03-01,99.06747
2002-04-01,99.22495
2002-05-01,99.34928
2002-06-01,99.41749
2002-07-01,99.44091
2002-08-01,99.43114
2002-09-01,99.3989
2002-10-01,99.35979
2002-11-01,99.33324
2002-12-01,99.33118
2003-01-01,99.35557
2003-02-01,99.40095
2003-03-01,99.46198
2003-04-01,99.5447
2003-05-01,99.65149
2003-06-01,99.77617
2003-07-01,99.90935
2003-08-01,100.0534
2003-09-01,100.2001
2003-10-01,100.3221
2003-11-01,100.4136
2003-12-01,100.4809
2004-01-01,100.5344
2004-02-01,100.5795
2004-03-01,100.6284
2004-04-01,100.6741
2004-05-01,100.7204
2004-06-01,100.7636
2004-07-01,100.783
2004-08-01,100.7698
2004-09-01,100.7416
2004-10-01,100.7019
2004-11-01,100.6628
2004-12-01,100.6304
2005-01-01,100.6016
2005-02-01,100.5653
2005-03-01,100.5325
2005-04-01,100.5145
2005-05-01,100.5235
2005-06-01,100.5663
2005-07-01,100.6425
2005-08-01,100.7411
2005-09-01,100.8588
2005-10-01,100.9923
2005-11-01,101.1253
2005-12-01,101.252
2006-01-01,101.368
2006-02-01,101.4596
2006-03-01,101.5156
2006-04-01,101.533
2006-05-01,101.4967
2006-06-01,101.4357
2006-07-01,101.3791
2006-08-01,101.3445
2006-09-01,101.3316
2006-10-01,101.3368
2006-11-01,101.3551
2006-12-01,101.3823
2007-01-01,101.4019
2007-02-01,101.4044
2007-03-01,101.3595
2007-04-01,101.2601
2007-05-01,101.1048
2007-06-01,100.9031
2007-07-01,100.6885
2007-08-01,100.5031
2007-09-01,100.3871
2007-10-01,100.3547
2007-11-01,100.3909
2007-12-01,100.4675
2008-01-01,100.5535
2008-02-01,100.6335
2008-03-01,100.6846
2008-04-01,100.6959
2008-05-01,100.6282
2008-06-01,100.4515
2008-07-01,100.1541
2008-08-01,99.74203
2008-09-01,99.22974
2008-10-01,98.64439
2008-11-01,98.03757
2008-12-01,97.47389
2009-01-01,97.021
2009-02-01,96.74361
2009-03-01,96.67034
2009-04-01,96.7815
2009-05-01,97.0275
2009-06-01,97.35297
2009-07-01,97.70706
2009-08-01,98.05621
2009-09-01,98.39297
2009-10-01,98.70526
2009-11-01,98.9955
2009-12-01,99.25979
2010-01-01,99.48828
2010-02-01,99.6711
2010-03-01,99.81058
2010-04-01,99.9045
2010-05-01,99.95276
2010-06-01,99.97272
2010-07-01,99.97754
2010-08-01,99.97952
2010-09-01,99.98177
2010-10-01,100.0032
2010-11-01,100.0566
2010-12-01,100.1219
2011-01-01,100.1731
2011-02-01,100.1839
2011-03-01,100.1595
2011-04-01,100.1155
2011-05-01,100.0609
2011-06-01,100.0184
2011-07-01,99.98171
2011-08-01,99.93371
2011-09-01,99.88636
2011-10-01,99.87038
2011-11-01,99.87653
2011-12-01,99.89455
2012-01-01,99.91601
2012-02-01,99.92007
2012-03-01,99.89967
2012-04-01,99.85095
2012-05-01,99.7782
2012-06-01,99.68909
2012-07-01,99.59686
2012-08-01,99.5104
2012-09-01,99.4402
2012-10-01,99.40388
2012-11-01,99.41759
2012-12-01,99.49574
2013-01-01,99.6328
2013-02-01,99.82948
2013-03-01,100.0578
2013-04-01,100.2935
2013-05-01,100.5129
2013-06-01,100.7016
2013-07-01,100.8685
2013-08-01,101.0187
2013-09-01,101.1547
2013-10-01,101.2602
2013-11-01,101.3217
2013-12-01,101.318
2014-01-01,101.2388
2014-02-01,101.0925
2014-03-01,100.9037
2014-04-01,100.6764
2014-05-01,100.4588
2014-06-01,100.2832
2014-07-01,100.1527
2014-08-01,100.0682
2014-09-01,100.0222
2014-10-01,100.0067
2014-11-01,100.0234
2014-12-01,100.059
2015-01-01,100.1157
2015-02-01,100.1901
2015-03-01,100.2658
2015-04-01,100.3418
2015-05-01,100.3995
2015-06-01,100.421
2015-07-01,100.392
2015-08-01,100.326
2015-09-01,100.2303
2015-10-01,100.1215
2015-11-01,100.0134
2015-12-01,99.9167
2016-01-01,99.84539
2016-02-01,99.79587
2016-03-01,99.75788
2016-04-01,99.73204
2016-05-01,99.71615
2016-06-01,99.71838
2016-07-01,99.74297
2016-08-01,99.78663
2016-09-01,99.85554
2016-10-01,99.94787
2016-11-01,100.0472
2016-12-01,100.1461
2017-01-01,100.2321
2017-02-01,100.3043
2017-03-01,100.385
2017-04-01,100.4624
2017-05-01,100.523
2017-06-01,100.5649
2017-07-01,100.585
2017-08-01,100.5884
2017-09-01,100.5859
2017-10-01,100.583
2017-11-01,100.5824
2017-12-01,100.576
2018-01-01,100.5644
2018-02-01,100.5658
2018-03-01,100.5653
2018-04-01,100.5756
2018-05-01,100.5866
2018-06-01,100.5826
2018-07-01,100.5674
2018-08-01,100.5466
2018-09-01,100.5206
2018-10-01,100.4784
2018-11-01,100.4148
2018-12-01,100.3335
2019-01-01,100.2523
2019-02-01,100.1845
2019-03-01,100.1283
2019-04-01,100.0738
2019-05-01,100.0154
2019-06-01,99.94221
2019-07-01,99.85781
2019-08-01,99.75948
2019-09-01,99.64703
2019-10-01,99.51146
2019-11-01,99.35807
2019-12-01,99.18215
2020-01-01,98.97241
2020-02-01,98.73473
2020-03-01,98.20744
2020-04-01,97.69557
2020-05-01,97.29474
2020-06-01,97.47076
2020-07-01,98.05213
2020-08-01,98.43314
2020-09-01,98.70078
2020-10-01,98.94138
2020-11-01,99.18755
2020-12-01,99.42772
2021-01-01,99.67135
2021-02-01,99.91705
2021-03-01,100.152
2021-04-01,100.359
2021-05-01,100.513
2021-06-01,100.6028
2021-07-01,100.6326
2021-08-01,100.6202
2021-09-01,100.5893
2021-10-01,100.5574
2021-11-01,100.5383
2021-12-01,100.5295
2022-01-01,100.5235
2022-02-01,100.511
2022-03-01,100.4976
2022-04-01,100.484
2022-05-01,100.4625
2022-06-01,100.4307
2022-07-01,100.386
2022-08-01,100.3275
2022-09-01,100.2504
2022-10-01,100.1659
2022-11-01,100.079
2022-12-01,100.01
2023-01-01,99.96635
2023-02-01,99.94936
2023-03-01,99.95546
2023-04-01,99.97155
2023-05-01,99.99653
2023-06-01,100.0219
2023-07-01,100.045
2023-08-01,100.0642
2023-09-01,100.0683
2023-10-01,100.053
2023-11-01,100.0263
2023-12-01,100.0039
2024-01-01,99.99614
