DATE,EA19LOLITONOSTSAM
1965-12-01,99.9378901834153
1966-01-01,99.9845434733894
1966-02-01,100.000057029444
1966-03-01,99.9660683789901
1966-04-01,99.8724624135903
1966-05-01,99.7233927894826
1966-06-01,99.5246346968819
1966-07-01,99.2860132032672
1966-08-01,99.0202077134226
1966-09-01,98.7415808256727
1966-10-01,98.467082465848
1966-11-01,98.2329580493156
1966-12-01,98.0482151328918
1967-01-01,97.9290444335146
1967-02-01,97.8704098520336
1967-03-01,97.8597846268006
1967-04-01,97.8918432784367
1967-05-01,97.9631694480635
1967-06-01,98.0743172848126
1967-07-01,98.2252767695952
1967-08-01,98.4087653959149
1967-09-01,98.6093555831971
1967-10-01,98.7977376373447
1967-11-01,98.9575400911036
1967-12-01,99.0885683821939
1968-01-01,99.2046454474291
1968-02-01,99.3371013098729
1968-03-01,99.5004627113766
1968-04-01,99.6982979626799
1968-05-01,99.9205272241239
1968-06-01,100.171500058949
1968-07-01,100.435816105072
1968-08-01,100.685056161585
1968-09-01,100.905686808175
1968-10-01,101.108026029315
1968-11-01,101.296450421642
1968-12-01,101.459341760577
1969-01-01,101.595021555973
1969-02-01,101.734653054361
1969-03-01,101.864723920974
1969-04-01,101.976494340081
1969-05-01,102.041779461769
1969-06-01,102.036540765987
1969-07-01,101.956567127832
1969-08-01,101.81565730181
1969-09-01,101.624884024209
1969-10-01,101.408990119992
1969-11-01,101.182572310819
1969-12-01,100.950636738448
1970-01-01,100.724036299131
1970-02-01,100.510079505739
1970-03-01,100.314103926951
1970-04-01,100.13635462259
1970-05-01,99.982469709646
1970-06-01,99.8537541016033
1970-07-01,99.7474436708408
1970-08-01,99.6594513396411
1970-09-01,99.584884840466
1970-10-01,99.5215943480189
1970-11-01,99.470479051164
1970-12-01,99.4193010441972
1971-01-01,99.355921616388
1971-02-01,99.2766599219232
1971-03-01,99.1784091091462
1971-04-01,99.067203889006
1971-05-01,98.9527867974913
1971-06-01,98.8356124506325
1971-07-01,98.7255579325478
1971-08-01,98.6323725116311
1971-09-01,98.5858796803719
1971-10-01,98.6119587796458
1971-11-01,98.7153173403088
1971-12-01,98.8896183592556
1972-01-01,99.1156982160518
1972-02-01,99.372673830097
1972-03-01,99.6490148834217
1972-04-01,99.9367120148366
1972-05-01,100.2309022483
1972-06-01,100.52961473728
1972-07-01,100.829247700794
1972-08-01,101.120683409063
1972-09-01,101.396591702702
1972-10-01,101.649921252964
1972-11-01,101.872806666719
1972-12-01,102.059373975991
1973-01-01,102.197934007883
1973-02-01,102.20189170209
1973-03-01,102.157656171349
1973-04-01,102.080450117358
1973-05-01,101.980228367855
1973-06-01,101.863398902775
1973-07-01,101.73200848773
1973-08-01,101.583129852327
1973-09-01,101.407133682487
1973-10-01,101.207130390318
1973-11-01,100.998586714723
1973-12-01,100.803007972232
1974-01-01,100.632388850421
1974-02-01,100.47172922097
1974-03-01,100.299742794883
1974-04-01,100.090798974426
1974-05-01,99.8132412483625
1974-06-01,99.4466275428936
1974-07-01,98.9917038716874
1974-08-01,98.469318713431
1974-09-01,97.9306034309594
1974-10-01,97.445816578282
1974-11-01,97.0721520928722
1974-12-01,96.8324861409047
1975-01-01,96.7266065682476
1975-02-01,96.7374389126303
1975-03-01,96.8480197411817
1975-04-01,97.0405972530029
1975-05-01,97.3050733961038
1975-06-01,97.6367655237067
1975-07-01,98.0270194753976
1975-08-01,98.4715928001094
1975-09-01,98.9501990643432
1975-10-01,99.4256409318362
1975-11-01,99.8530504491719
1975-12-01,100.199365473691
1976-01-01,100.446310318193
1976-02-01,100.597048135618
1976-03-01,100.675584426472
1976-04-01,100.703579197342
1976-05-01,100.691872882069
1976-06-01,100.642277906424
1976-07-01,100.558243015229
1976-08-01,100.440308377589
1976-09-01,100.296607089516
1976-10-01,100.134142516302
1976-11-01,99.9609218514651
1976-12-01,99.7764039860139
1977-01-01,99.584048798247
1977-02-01,99.3919415219146
1977-03-01,99.2070850771723
1977-04-01,99.0468061546144
1977-05-01,98.9323433974904
1977-06-01,98.8751011417732
1977-07-01,98.8736682132012
1977-08-01,98.9230465202294
1977-09-01,99.0115332341142
1977-10-01,99.1250741500811
1977-11-01,99.2426547287587
1977-12-01,99.3608699335464
1978-01-01,99.4827997105209
1978-02-01,99.6252801968779
1978-03-01,99.8025009188197
1978-04-01,100.014278368056
1978-05-01,100.253347169279
1978-06-01,100.514664177827
1978-07-01,100.788515910606
1978-08-01,101.050277871119
1978-09-01,101.27727064253
1978-10-01,101.446829545189
1978-11-01,101.562398089962
1978-12-01,101.63077216602
1979-01-01,101.672983082785
1979-02-01,101.714898665789
1979-03-01,101.756952816866
1979-04-01,101.79225035093
1979-05-01,101.817144923609
1979-06-01,101.813035447335
1979-07-01,101.767589473038
1979-08-01,101.678919628049
1979-09-01,101.54853863279
1979-10-01,101.389214737073
1979-11-01,101.212700634759
1979-12-01,101.023921477744
1980-01-01,100.818390196016
1980-02-01,100.588622190682
1980-03-01,100.333861495971
1980-04-01,100.06643778804
1980-05-01,99.8145321779215
1980-06-01,99.6042586866346
1980-07-01,99.4413548681955
1980-08-01,99.3161546504529
1980-09-01,99.2138762162855
1980-10-01,99.1317518401629
1980-11-01,99.0700611273787
1980-12-01,99.0274768157003
1981-01-01,99.0007904144198
1981-02-01,98.9846407900644
1981-03-01,98.9744135815392
1981-04-01,98.9681597376056
1981-05-01,98.9647865749839
1981-06-01,98.9769270063023
1981-07-01,99.0122703151797
1981-08-01,99.0644633624434
1981-09-01,99.1278030231728
1981-10-01,99.1926131810246
1981-11-01,99.2531192828285
1981-12-01,99.3071073733913
1982-01-01,99.3475903210346
1982-02-01,99.3553865298922
1982-03-01,99.3089700742124
1982-04-01,99.1958180354782
1982-05-01,99.0225060921226
1982-06-01,98.8092438514406
1982-07-01,98.5935333609322
1982-08-01,98.4234080112256
1982-09-01,98.3330886903632
1982-10-01,98.3349365391779
1982-11-01,98.4205079633927
1982-12-01,98.5597133759835
1983-01-01,98.7182543576203
1983-02-01,98.8695084029041
1983-03-01,99.0081886067416
1983-04-01,99.1198311653356
1983-05-01,99.2102296818177
1983-06-01,99.2935667947552
1983-07-01,99.3788333434868
1983-08-01,99.469122920431
1983-09-01,99.5572000563584
1983-10-01,99.6428768940791
1983-11-01,99.7258492148098
1983-12-01,99.7893446505299
1984-01-01,99.818714804958
1984-02-01,99.8138999854718
1984-03-01,99.7872120736336
1984-04-01,99.7474837804948
1984-05-01,99.7129312910644
1984-06-01,99.6954431569491
1984-07-01,99.7008044759601
1984-08-01,99.7183690811894
1984-09-01,99.7288446045748
1984-10-01,99.7290587709279
1984-11-01,99.7262580923766
1984-12-01,99.7260595866456
1985-01-01,99.7229935033233
1985-02-01,99.7126035649932
1985-03-01,99.6997848333684
1985-04-01,99.6920490833656
1985-05-01,99.6893348897966
1985-06-01,99.6874111013027
1985-07-01,99.6879407332377
1985-08-01,99.6939371549215
1985-09-01,99.7088402018383
1985-10-01,99.731499761104
1985-11-01,99.7553549256974
1985-12-01,99.7800056244234
1986-01-01,99.8124831681764
1986-02-01,99.851583410571
1986-03-01,99.8921875810436
1986-04-01,99.9261902707295
1986-05-01,99.9455857822196
1986-06-01,99.9540219540386
1986-07-01,99.9490699041907
1986-08-01,99.9356747686681
1986-09-01,99.9121630911773
1986-10-01,99.876835365538
1986-11-01,99.8351570391544
1986-12-01,99.7999228973662
1987-01-01,99.7833806361606
1987-02-01,99.8008766108626
1987-03-01,99.8390968353989
1987-04-01,99.8848256047746
1987-05-01,99.9301308413201
1987-06-01,99.976653769265
1987-07-01,100.016212417542
1987-08-01,100.040933854721
1987-09-01,100.048260578579
1987-10-01,100.039223529607
1987-11-01,100.028373932211
1987-12-01,100.038890529884
1988-01-01,100.08631740505
1988-02-01,100.167518963147
1988-03-01,100.278204382566
1988-04-01,100.408139316246
1988-05-01,100.546607983653
1988-06-01,100.685632869852
1988-07-01,100.821229317888
1988-08-01,100.949809895205
1988-09-01,101.065380515859
1988-10-01,101.159349253768
1988-11-01,101.224553440983
1988-12-01,101.253703048238
1989-01-01,101.247898099311
1989-02-01,101.226039187134
1989-03-01,101.203404906882
1989-04-01,101.193946269904
1989-05-01,101.201257617361
1989-06-01,101.226138150149
1989-07-01,101.256415806236
1989-08-01,101.279807848204
1989-09-01,101.290237856509
1989-10-01,101.29298516975
1989-11-01,101.296672626978
1989-12-01,101.301868632502
1990-01-01,101.305232442355
1990-02-01,101.301660916876
1990-03-01,101.292303206753
1990-04-01,101.27047090113
1990-05-01,101.22756526079
1990-06-01,101.151990726128
1990-07-01,101.037217645853
1990-08-01,100.880634447168
1990-09-01,100.687889386337
1990-10-01,100.480650135463
1990-11-01,100.279299019585
1990-12-01,100.09558448435
1991-01-01,99.9456712581847
1991-02-01,99.847862716975
1991-03-01,99.8076886522463
1991-04-01,99.8104336974948
1991-05-01,99.8360433787491
1991-06-01,99.8654379881147
1991-07-01,99.8850542358832
1991-08-01,99.8931090390205
1991-09-01,99.8913155797323
1991-10-01,99.8805617126368
1991-11-01,99.8645283626688
1991-12-01,99.8410555399808
1992-01-01,99.8128380177902
1992-02-01,99.7701211191372
1992-03-01,99.700108626116
1992-04-01,99.6000977423622
1992-05-01,99.4652715333693
1992-06-01,99.289664100994
1992-07-01,99.0702451261712
1992-08-01,98.8107644964758
1992-09-01,98.5314975492538
1992-10-01,98.2527392808091
1992-11-01,97.997816234167
1992-12-01,97.7865875208027
1993-01-01,97.6259059256962
1993-02-01,97.5231515938295
1993-03-01,97.4796364597182
1993-04-01,97.4875812519629
1993-05-01,97.5338821043142
1993-06-01,97.6148884600142
1993-07-01,97.732329332873
1993-08-01,97.8841086983057
1993-09-01,98.067016360495
1993-10-01,98.2786970548966
1993-11-01,98.5241493786767
1993-12-01,98.8095661177915
1994-01-01,99.1303351426106
1994-02-01,99.4785337690573
1994-03-01,99.834975508654
1994-04-01,100.177545520722
1994-05-01,100.485597382467
1994-06-01,100.753228332749
1994-07-01,100.978127248891
1994-08-01,101.164383137583
1994-09-01,101.305076306955
1994-10-01,101.394699504697
1994-11-01,101.4302159134
1994-12-01,101.405656693751
1995-01-01,101.319549683964
1995-02-01,101.192123453118
1995-03-01,101.041786193529
1995-04-01,100.883312148247
1995-05-01,100.730145199543
1995-06-01,100.566075407086
1995-07-01,100.391756707363
1995-08-01,100.210634100527
1995-09-01,100.025249783542
1995-10-01,99.8445435310733
1995-11-01,99.6756559382335
1995-12-01,99.5217210319399
1996-01-01,99.3900395013266
1996-02-01,99.2939604327556
1996-03-01,99.2281721497966
1996-04-01,99.1919047973062
1996-05-01,99.180132778249
1996-06-01,99.1833417011437
1996-07-01,99.195687584128
1996-08-01,99.2170976131078
1996-09-01,99.2422805733004
1996-10-01,99.2717056281528
1996-11-01,99.3092903746002
1996-12-01,99.3687402667894
1997-01-01,99.455470029465
1997-02-01,99.5622441514295
1997-03-01,99.6821999083776
1997-04-01,99.811968433989
1997-05-01,99.9448268794531
1997-06-01,100.078183209303
1997-07-01,100.206664354045
1997-08-01,100.322488836504
1997-09-01,100.422355321283
1997-10-01,100.49639062337
1997-11-01,100.546650087678
1997-12-01,100.582430692639
1998-01-01,100.609223356469
1998-02-01,100.631611370958
1998-03-01,100.642335777255
1998-04-01,100.629056330019
1998-05-01,100.589882304237
1998-06-01,100.524641240198
1998-07-01,100.433720548286
1998-08-01,100.317930884196
1998-09-01,100.188772771259
1998-10-01,100.06199462026
1998-11-01,99.961611452522
1998-12-01,99.8938946510737
1999-01-01,99.8583412443482
1999-02-01,99.8471387954853
1999-03-01,99.8698357863513
1999-04-01,99.9341366642453
1999-05-01,100.046968865188
1999-06-01,100.201932638177
1999-07-01,100.383041379809
1999-08-01,100.577851154471
1999-09-01,100.775750796015
1999-10-01,100.967098821171
1999-11-01,101.140998758044
1999-12-01,101.293616854401
2000-01-01,101.427372991191
2000-02-01,101.543688080228
2000-03-01,101.637662474629
2000-04-01,101.705033683836
2000-05-01,101.743913737772
2000-06-01,101.755678762613
2000-07-01,101.744924639961
2000-08-01,101.705989182257
2000-09-01,101.63116734949
2000-10-01,101.520276495962
2000-11-01,101.373195443394
2000-12-01,101.191656558366
2001-01-01,100.97922741402
2001-02-01,100.747375938022
2001-03-01,100.50757529217
2001-04-01,100.269464436644
2001-05-01,100.038850028808
2001-06-01,99.8111256145649
2001-07-01,99.5897782754667
2001-08-01,99.3864094381953
2001-09-01,99.2189339469421
2001-10-01,99.1187654975677
2001-11-01,99.1010748208736
2001-12-01,99.1584701854858
2002-01-01,99.2631551223148
2002-02-01,99.3857410173761
2002-03-01,99.4946291763418
2002-04-01,99.5614838103288
2002-05-01,99.574723021131
2002-06-01,99.5322806222381
2002-07-01,99.4488685485854
2002-08-01,99.3407841502377
2002-09-01,99.2227585758604
2002-10-01,99.1057456201434
2002-11-01,98.9957697547268
2002-12-01,98.8896641491818
2003-01-01,98.7916782214849
2003-02-01,98.7074836220516
2003-03-01,98.6530474535275
2003-04-01,98.6477268279218
2003-05-01,98.6939534618922
2003-06-01,98.7900208205809
2003-07-01,98.9259976235037
2003-08-01,99.0901169598478
2003-09-01,99.268400862481
2003-10-01,99.444613847342
2003-11-01,99.6002959957132
2003-12-01,99.7204979356215
2004-01-01,99.8046085681333
2004-02-01,99.8664738134073
2004-03-01,99.9115769618483
2004-04-01,99.945077416814
2004-05-01,99.9686902610854
2004-06-01,99.983474132646
2004-07-01,99.9912936142714
2004-08-01,99.9936752172227
2004-09-01,99.9934220541875
2004-10-01,99.9867469954242
2004-11-01,99.9690059095006
2004-12-01,99.936604406048
2005-01-01,99.8875697765148
2005-02-01,99.8257669239148
2005-03-01,99.7608484489436
2005-04-01,99.7061678144671
2005-05-01,99.6789033553248
2005-06-01,99.6939029342566
2005-07-01,99.7536431678373
2005-08-01,99.8520911509801
2005-09-01,99.9825587866403
2005-10-01,100.135539035861
2005-11-01,100.305634507767
2005-12-01,100.485134989038
2006-01-01,100.658257039472
2006-02-01,100.811297646337
2006-03-01,100.937306727402
2006-04-01,101.038237990405
2006-05-01,101.114626458723
2006-06-01,101.178859360592
2006-07-01,101.244350804419
2006-08-01,101.323051467296
2006-09-01,101.416976178222
2006-10-01,101.525621301234
2006-11-01,101.643002178006
2006-12-01,101.758313005864
2007-01-01,101.859829845458
2007-02-01,101.945454319471
2007-03-01,102.013272526528
2007-04-01,102.062774068558
2007-05-01,102.090390812411
2007-06-01,102.085765384302
2007-07-01,102.044476381016
2007-08-01,101.973560485394
2007-09-01,101.887107956916
2007-10-01,101.79251085513
2007-11-01,101.684207938037
2007-12-01,101.560430313231
2008-01-01,101.418597080094
2008-02-01,101.251101877956
2008-03-01,101.044950701289
2008-04-01,100.786837569231
2008-05-01,100.462596510722
2008-06-01,100.064107851096
2008-07-01,99.5960917881364
2008-08-01,99.0672761822462
2008-09-01,98.4862240068914
2008-10-01,97.8841540215104
2008-11-01,97.3262586822468
2008-12-01,96.8835032326648
2009-01-01,96.6081535966933
2009-02-01,96.514536981889
2009-03-01,96.6094061000331
2009-04-01,96.8769774271128
2009-05-01,97.2745074987301
2009-06-01,97.7473289065974
2009-07-01,98.2472953997286
2009-08-01,98.736508064556
2009-09-01,99.185385365404
2009-10-01,99.566749707918
2009-11-01,99.8695801150931
2009-12-01,100.094367564076
2010-01-01,100.258513780098
2010-02-01,100.382254049915
2010-03-01,100.486317536514
2010-04-01,100.576500763107
2010-05-01,100.656944073537
2010-06-01,100.747245424034
2010-07-01,100.86366732233
2010-08-01,101.005586014812
2010-09-01,101.1598524176
2010-10-01,101.310753911268
2010-11-01,101.442517291005
2010-12-01,101.541097701251
2011-01-01,101.594179025018
2011-02-01,101.589857650746
2011-03-01,101.524920679182
2011-04-01,101.402099180454
2011-05-01,101.229512476454
2011-06-01,101.011131828844
2011-07-01,100.75798343409
2011-08-01,100.486270267738
2011-09-01,100.227951901783
2011-10-01,100.008392353568
2011-11-01,99.8352456343116
2011-12-01,99.7055843354164
2012-01-01,99.6087512612608
2012-02-01,99.5323122361149
2012-03-01,99.4528141067488
2012-04-01,99.3530513772328
2012-05-01,99.2351623884834
2012-06-01,99.1057061818054
2012-07-01,98.9776701996152
2012-08-01,98.862745923095
2012-09-01,98.7707580788828
2012-10-01,98.714175681182
2012-11-01,98.7017857745643
2012-12-01,98.7298543631094
2013-01-01,98.7893329782132
2013-02-01,98.8664849570087
2013-03-01,98.9470516456347
2013-04-01,99.0349408076796
2013-05-01,99.1416188633293
2013-06-01,99.2694431492908
2013-07-01,99.4157526294452
2013-08-01,99.5752475069628
2013-09-01,99.7299276552194
2013-10-01,99.8632208559826
2013-11-01,99.9725921591034
2013-12-01,100.056482292943
2014-01-01,100.119273300699
2014-02-01,100.155143595401
2014-03-01,100.161552808986
2014-04-01,100.132291774495
2014-05-01,100.069411481988
2014-06-01,99.9856668192532
2014-07-01,99.896382751351
2014-08-01,99.8157456370348
2014-09-01,99.7625569288079
2014-10-01,99.7476306232972
2014-11-01,99.7752987400352
2014-12-01,99.8435954085529
2015-01-01,99.9443498925777
2015-02-01,100.057341033909
2015-03-01,100.16118726949
2015-04-01,100.236197988589
2015-05-01,100.276226565269
2015-06-01,100.290122052634
2015-07-01,100.288870997069
2015-08-01,100.282427529525
2015-09-01,100.277216877338
2015-10-01,100.271747838196
2015-11-01,100.261152213918
2015-12-01,100.240746180434
2016-01-01,100.210484354709
2016-02-01,100.16986385458
2016-03-01,100.1273671996
2016-04-01,100.083943611376
2016-05-01,100.040075580497
2016-06-01,100.004841977397
2016-07-01,99.9854581296756
2016-08-01,99.9915594841595
2016-09-01,100.02974989924
2016-10-01,100.09514665231
2016-11-01,100.178729050529
2016-12-01,100.277498393032
2017-01-01,100.383673529559
2017-02-01,100.491065338292
2017-03-01,100.595598160291
2017-04-01,100.692872491991
2017-05-01,100.779338500301
2017-06-01,100.859773711574
2017-07-01,100.937250394963
2017-08-01,101.013591322684
2017-09-01,101.086769256934
2017-10-01,101.148393585767
2017-11-01,101.190182206652
2017-12-01,101.204249193066
2018-01-01,101.183441350009
2018-02-01,101.131815831331
2018-03-01,101.05720644491
2018-04-01,100.966963772978
2018-05-01,100.864325134611
2018-06-01,100.750810265956
2018-07-01,100.628590713335
2018-08-01,100.501329130681
2018-09-01,100.375979407043
2018-10-01,100.259663736316
2018-11-01,100.158144604834
2018-12-01,100.067886839146
2019-01-01,99.9921313069896
2019-02-01,99.9303537376153
2019-03-01,99.8736798628835
2019-04-01,99.8112003351497
2019-05-01,99.7384675949025
2019-06-01,99.6588762428959
2019-07-01,99.5882530834324
2019-08-01,99.5402971300012
2019-09-01,99.5168303895675
2019-10-01,99.5118644273344
2019-11-01,99.5122179018675
2019-12-01,99.5002661001961
2020-01-01,99.4679291304519
2020-02-01,99.4088809024896
2020-03-01,97.0395192363696
2020-04-01,92.9279043112465
2020-05-01,94.8928385562056
2020-06-01,97.5546834704332
2020-07-01,98.3149930368299
2020-08-01,98.7065318335077
2020-09-01,98.910298099406
2020-10-01,99.0703785054978
2020-11-01,99.2480326526469
2020-12-01,99.4690264182754
2021-01-01,99.7199641800911
2021-02-01,99.9957414873292
2021-03-01,100.396583590917
2021-04-01,100.748973272185
2021-05-01,101.083806222784
2021-06-01,101.328347364851
2021-07-01,101.467885706398
2021-08-01,101.519559209651
2021-09-01,101.504379149867
2021-10-01,101.431561567325
2021-11-01,101.310307138943
2021-12-01,101.146086937524
2022-01-01,100.934774909402
2022-02-01,100.675495527415
2022-03-01,100.377195392337
2022-04-01,100.071293388506
2022-05-01,99.7693713804931
2022-06-01,99.476724655864
2022-07-01,99.208340338134
2022-08-01,98.9764125546858
2022-09-01,98.7828493846198
2022-10-01,98.6366379549736
2022-11-01,98.5322928269336
