DATE,NFCI
1971-01-08,0.59254
1971-01-15,0.62452
1971-01-22,0.66158
1971-01-29,0.70224
1971-02-05,0.74522
1971-02-12,0.78828
1971-02-19,0.83041
1971-02-26,0.87208
1971-03-05,0.91488
1971-03-12,0.96084
1971-03-19,1.01207
1971-03-26,1.07078
1971-04-02,1.13698
1971-04-09,1.2095
1971-04-16,1.28405
1971-04-23,1.35422
1971-04-30,1.4129
1971-05-07,1.45218
1971-05-14,1.46353
1971-05-21,1.4425
1971-05-28,1.38998
1971-06-04,1.31053
1971-06-11,1.21179
1971-06-18,1.10997
1971-06-25,1.02197
1971-07-02,0.96409
1971-07-09,0.95163
1971-07-16,0.99415
1971-07-23,1.09413
1971-07-30,1.2463
1971-08-06,1.43661
1971-08-13,1.6448
1971-08-20,1.8486
1971-08-27,2.02253
1971-09-03,2.15122
1971-09-10,2.22071
1971-09-17,2.23011
1971-09-24,2.18294
1971-10-01,2.08983
1971-10-08,1.96473
1971-10-15,1.82537
1971-10-22,1.68815
1971-10-29,1.5671
1971-11-05,1.47189
1971-11-12,1.40582
1971-11-19,1.36829
1971-11-26,1.35256
1971-12-03,1.35063
1971-12-10,1.35355
1971-12-17,1.35122
1971-12-24,1.33551
1971-12-31,1.30337
1972-01-07,1.24543
1972-01-14,1.17046
1972-01-21,1.07932
1972-01-28,0.97866
1972-02-04,0.87597
1972-02-11,0.77639
1972-02-18,0.68366
1972-02-25,0.60078
1972-03-03,0.52919
1972-03-10,0.46893
1972-03-17,0.41789
1972-03-24,0.37297
1972-03-31,0.33007
1972-04-07,0.28605
1972-04-14,0.2402
1972-04-21,0.19184
1972-04-28,0.14394
1972-05-05,0.0992
1972-05-12,0.06195
1972-05-19,0.03608
1972-05-26,0.02585
1972-06-02,0.03327
1972-06-09,0.05887
1972-06-16,0.09996
1972-06-23,0.15198
1972-06-30,0.20784
1972-07-07,0.25966
1972-07-14,0.30065
1972-07-21,0.32503
1972-07-28,0.32837
1972-08-04,0.31
1972-08-11,0.2714
1972-08-18,0.21692
1972-08-25,0.15203
1972-09-01,0.08368
1972-09-08,0.01902
1972-09-15,-0.03729
1972-09-22,-0.0824
1972-09-29,-0.11568
1972-10-06,-0.13894
1972-10-13,-0.15584
1972-10-20,-0.16894
1972-10-27,-0.18188
1972-11-03,-0.19693
1972-11-10,-0.21465
1972-11-17,-0.23464
1972-11-24,-0.25555
1972-12-01,-0.27302
1972-12-08,-0.28275
1972-12-15,-0.27984
1972-12-22,-0.25797
1972-12-29,-0.21227
1973-01-05,-0.13941
1973-01-12,-0.03749
1973-01-19,0.09155
1973-01-26,0.2433
1973-02-02,0.41125
1973-02-09,0.58549
1973-02-16,0.75474
1973-02-23,0.90947
1973-03-02,1.0406
1973-03-09,1.14284
1973-03-16,1.21355
1973-03-23,1.25568
1973-03-30,1.27291
1973-04-06,1.26968
1973-04-13,1.25305
1973-04-20,1.22807
1973-04-27,1.20007
1973-05-04,1.17218
1973-05-11,1.14783
1973-05-18,1.12917
1973-05-25,1.11854
1973-06-01,1.11873
1973-06-08,1.13297
1973-06-15,1.16329
1973-06-22,1.21206
1973-06-29,1.28116
1973-07-06,1.36974
1973-07-13,1.4765
1973-07-20,1.59683
1973-07-27,1.72657
1973-08-03,1.8586
1973-08-10,1.98749
1973-08-17,2.10775
1973-08-24,2.2143
1973-08-31,2.30195
1973-09-07,2.36603
1973-09-14,2.40416
1973-09-21,2.41702
1973-09-28,2.40621
1973-10-05,2.37403
1973-10-12,2.32871
1973-10-19,2.27583
1973-10-26,2.2244
1973-11-02,2.18002
1973-11-09,2.14655
1973-11-16,2.12421
1973-11-23,2.10657
1973-11-30,2.08476
1973-12-07,2.0467
1973-12-14,1.98354
1973-12-21,1.88871
1973-12-28,1.76054
1974-01-04,1.60005
1974-01-11,1.41789
1974-01-18,1.22316
1974-01-25,1.0279
1974-02-01,0.84506
1974-02-08,0.68579
1974-02-15,0.55995
1974-02-22,0.47604
1974-03-01,0.4395
1974-03-08,0.45386
1974-03-15,0.52139
1974-03-22,0.64121
1974-03-29,0.81059
1974-04-05,1.02548
1974-04-12,1.28156
1974-04-19,1.57243
1974-04-26,1.89228
1974-05-03,2.23376
1974-05-10,2.59136
1974-05-17,2.95755
1974-05-24,3.32302
1974-05-31,3.68083
1974-06-07,4.02263
1974-06-14,4.3383
1974-06-21,4.6189
1974-06-28,4.85321
1974-07-05,5.03085
1974-07-12,5.14622
1974-07-19,5.19799
1974-07-26,5.19114
1974-08-02,5.13542
1974-08-09,5.03927
1974-08-16,4.9171
1974-08-23,4.77697
1974-08-30,4.62812
1974-09-06,4.47403
1974-09-13,4.31691
1974-09-20,4.15707
1974-09-27,3.99012
1974-10-04,3.81623
1974-10-11,3.63501
1974-10-18,3.45442
1974-10-25,3.2827
1974-11-01,3.12701
1974-11-08,2.99435
1974-11-15,2.88676
1974-11-22,2.80024
1974-11-29,2.73058
1974-12-06,2.66863
1974-12-13,2.60506
1974-12-20,2.53294
1974-12-27,2.44375
1975-01-03,2.33449
1975-01-10,2.20379
1975-01-17,2.0559
1975-01-24,1.89681
1975-01-31,1.73247
1975-02-07,1.56887
1975-02-14,1.41256
1975-02-21,1.26551
1975-02-28,1.12888
1975-03-07,1.00324
1975-03-14,0.88736
1975-03-21,0.77982
1975-03-28,0.67783
1975-04-04,0.57889
1975-04-11,0.48195
1975-04-18,0.3866
1975-04-25,0.29266
1975-05-02,0.20274
1975-05-09,0.11857
1975-05-16,0.04242
1975-05-23,-0.02436
1975-05-30,-0.07864
1975-06-06,-0.11997
1975-06-13,-0.14854
1975-06-20,-0.1659
1975-06-27,-0.17381
1975-07-04,-0.17471
1975-07-11,-0.17133
1975-07-18,-0.16571
1975-07-25,-0.15803
1975-08-01,-0.14824
1975-08-08,-0.13537
1975-08-15,-0.1192
1975-08-22,-0.09845
1975-08-29,-0.07299
1975-09-05,-0.04367
1975-09-12,-0.01108
1975-09-19,0.0235
1975-09-26,0.05742
1975-10-03,0.08926
1975-10-10,0.11549
1975-10-17,0.13507
1975-10-24,0.14699
1975-10-31,0.15041
1975-11-07,0.14396
1975-11-14,0.12714
1975-11-21,0.09945
1975-11-28,0.06061
1975-12-05,0.01072
1975-12-12,-0.04865
1975-12-19,-0.11544
1975-12-26,-0.18772
1976-01-02,-0.2629
1976-01-09,-0.33779
1976-01-16,-0.40918
1976-01-23,-0.47522
1976-01-30,-0.53448
1976-02-06,-0.58633
1976-02-13,-0.62997
1976-02-20,-0.66649
1976-02-27,-0.69615
1976-03-05,-0.71921
1976-03-12,-0.73521
1976-03-19,-0.74421
1976-03-26,-0.74556
1976-04-02,-0.7385
1976-04-09,-0.72278
1976-04-16,-0.69842
1976-04-23,-0.66678
1976-04-30,-0.62962
1976-05-07,-0.5896
1976-05-14,-0.55013
1976-05-21,-0.51481
1976-05-28,-0.48656
1976-06-04,-0.46825
1976-06-11,-0.46126
1976-06-18,-0.46513
1976-06-25,-0.47955
1976-07-02,-0.50224
1976-07-09,-0.53059
1976-07-16,-0.56192
1976-07-23,-0.5941
1976-07-30,-0.62468
1976-08-06,-0.6521
1976-08-13,-0.67566
1976-08-20,-0.69468
1976-08-27,-0.70891
1976-09-03,-0.71868
1976-09-10,-0.72426
1976-09-17,-0.72629
1976-09-24,-0.72536
1976-10-01,-0.72136
1976-10-08,-0.71545
1976-10-15,-0.70813
1976-10-22,-0.69953
1976-10-29,-0.68995
1976-11-05,-0.68084
1976-11-12,-0.67318
1976-11-19,-0.66822
1976-11-26,-0.66785
1976-12-03,-0.67304
1976-12-10,-0.68551
1976-12-17,-0.70467
1976-12-24,-0.73055
1976-12-31,-0.76215
1977-01-07,-0.79796
1977-01-14,-0.83442
1977-01-21,-0.86942
1977-01-28,-0.90035
1977-02-04,-0.92461
1977-02-11,-0.94063
1977-02-18,-0.94756
1977-02-25,-0.94502
1977-03-04,-0.93312
1977-03-11,-0.91321
1977-03-18,-0.88616
1977-03-25,-0.85344
1977-04-01,-0.81656
1977-04-08,-0.77702
1977-04-15,-0.73548
1977-04-22,-0.69362
1977-04-29,-0.65227
1977-05-06,-0.61322
1977-05-13,-0.57768
1977-05-20,-0.54725
1977-05-27,-0.52277
1977-06-03,-0.50514
1977-06-10,-0.49433
1977-06-17,-0.4893
1977-06-24,-0.4893
1977-07-01,-0.49306
1977-07-08,-0.49915
1977-07-15,-0.50528
1977-07-22,-0.51015
1977-07-29,-0.51225
1977-08-05,-0.51081
1977-08-12,-0.50582
1977-08-19,-0.49702
1977-08-26,-0.48512
1977-09-02,-0.46977
1977-09-09,-0.45102
1977-09-16,-0.42862
1977-09-23,-0.40343
1977-09-30,-0.37599
1977-10-07,-0.34791
1977-10-14,-0.31988
1977-10-21,-0.29302
1977-10-28,-0.26873
1977-11-04,-0.24775
1977-11-11,-0.23136
1977-11-18,-0.22021
1977-11-25,-0.2148
1977-12-02,-0.21484
1977-12-09,-0.22029
1977-12-16,-0.22991
1977-12-23,-0.2432
1977-12-30,-0.25812
1978-01-06,-0.27309
1978-01-13,-0.28561
1978-01-20,-0.29342
1978-01-27,-0.29459
1978-02-03,-0.28781
1978-02-10,-0.27269
1978-02-17,-0.24848
1978-02-24,-0.21555
1978-03-03,-0.17482
1978-03-10,-0.12732
1978-03-17,-0.07451
1978-03-24,-0.01779
1978-03-31,0.04165
1978-04-07,0.10289
1978-04-14,0.16556
1978-04-21,0.2292
1978-04-28,0.29321
1978-05-05,0.35589
1978-05-12,0.41636
1978-05-19,0.47307
1978-05-26,0.52435
1978-06-02,0.56906
1978-06-09,0.60523
1978-06-16,0.63192
1978-06-23,0.64764
1978-06-30,0.65172
1978-07-07,0.64421
1978-07-14,0.62606
1978-07-21,0.59968
1978-07-28,0.56757
1978-08-04,0.53343
1978-08-11,0.5028
1978-08-18,0.48237
1978-08-25,0.47917
1978-09-01,0.49915
1978-09-08,0.5481
1978-09-15,0.62914
1978-09-22,0.7421
1978-09-29,0.88509
1978-10-06,1.05104
1978-10-13,1.23211
1978-10-20,1.41681
1978-10-27,1.59392
1978-11-03,1.7501
1978-11-10,1.87757
1978-11-17,1.96909
1978-11-24,2.01823
1978-12-01,2.02713
1978-12-08,1.99678
1978-12-15,1.93085
1978-12-22,1.83542
1978-12-29,1.71599
1979-01-05,1.57883
1979-01-12,1.43079
1979-01-19,1.27792
1979-01-26,1.12607
1979-02-02,0.97973
1979-02-09,0.8425
1979-02-16,0.7163
1979-02-23,0.60293
1979-03-02,0.50452
1979-03-09,0.42111
1979-03-16,0.35377
1979-03-23,0.30213
1979-03-30,0.26633
1979-04-06,0.24558
1979-04-13,0.23914
1979-04-20,0.24643
1979-04-27,0.26651
1979-05-04,0.29826
1979-05-11,0.34065
1979-05-18,0.39296
1979-05-25,0.45429
1979-06-01,0.52336
1979-06-08,0.59817
1979-06-15,0.67673
1979-06-22,0.75691
1979-06-29,0.83771
1979-07-06,0.91773
1979-07-13,0.99793
1979-07-20,1.08036
1979-07-27,1.16648
1979-08-03,1.25796
1979-08-10,1.35579
1979-08-17,1.46137
1979-08-24,1.57439
1979-08-31,1.69371
1979-09-07,1.81716
1979-09-14,1.94295
1979-09-21,2.06724
1979-09-28,2.18494
1979-10-05,2.29188
1979-10-12,2.38297
1979-10-19,2.45318
1979-10-26,2.49837
1979-11-02,2.5162
1979-11-09,2.50253
1979-11-16,2.45973
1979-11-23,2.3902
1979-11-30,2.29971
1979-12-07,2.19538
1979-12-14,2.08537
1979-12-21,1.97928
1979-12-28,1.88377
1980-01-04,1.80739
1980-01-11,1.76017
1980-01-18,1.74858
1980-01-25,1.781
1980-02-01,1.86369
1980-02-08,1.99803
1980-02-15,2.18354
1980-02-22,2.41481
1980-02-29,2.68155
1980-03-07,2.96623
1980-03-14,3.25291
1980-03-21,3.51781
1980-03-28,3.73838
1980-04-04,3.90137
1980-04-11,3.98918
1980-04-18,3.9963
1980-04-25,3.92371
1980-05-02,3.77652
1980-05-09,3.56531
1980-05-16,3.30651
1980-05-23,3.0146
1980-05-30,2.70285
1980-06-06,2.38636
1980-06-13,2.07561
1980-06-20,1.77806
1980-06-27,1.50569
1980-07-04,1.26867
1980-07-11,1.07285
1980-07-18,0.92614
1980-07-25,0.82619
1980-08-01,0.77164
1980-08-08,0.75826
1980-08-15,0.77668
1980-08-22,0.81752
1980-08-29,0.87786
1980-09-05,0.95117
1980-09-12,1.03072
1980-09-19,1.12011
1980-09-26,1.21938
1980-10-03,1.33206
1980-10-10,1.45966
1980-10-17,1.61201
1980-10-24,1.78632
1980-10-31,1.98514
1980-11-07,2.20321
1980-11-14,2.42934
1980-11-21,2.65621
1980-11-28,2.87291
1980-12-05,3.05764
1980-12-12,3.19833
1980-12-19,3.29175
1980-12-26,3.31722
1981-01-02,3.28408
1981-01-09,3.19395
1981-01-16,3.05887
1981-01-23,2.88821
1981-01-30,2.69781
1981-02-06,2.49698
1981-02-13,2.30212
1981-02-20,2.12514
1981-02-27,1.96668
1981-03-06,1.83878
1981-03-13,1.74396
1981-03-20,1.685
1981-03-27,1.66376
1981-04-03,1.68067
1981-04-10,1.7312
1981-04-17,1.81635
1981-04-24,1.92459
1981-05-01,2.05377
1981-05-08,2.20212
1981-05-15,2.36232
1981-05-22,2.52857
1981-05-29,2.70206
1981-06-05,2.87066
1981-06-12,3.03412
1981-06-19,3.18243
1981-06-26,3.30991
1981-07-03,3.41013
1981-07-10,3.48117
1981-07-17,3.52185
1981-07-24,3.53014
1981-07-31,3.51317
1981-08-07,3.4707
1981-08-14,3.4096
1981-08-21,3.33658
1981-08-28,3.25975
1981-09-04,3.18218
1981-09-11,3.11131
1981-09-18,3.04452
1981-09-25,2.9823
1981-10-02,2.92732
1981-10-09,2.87212
1981-10-16,2.81904
1981-10-23,2.76473
1981-10-30,2.705
1981-11-06,2.63576
1981-11-13,2.55857
1981-11-20,2.47341
1981-11-27,2.38519
1981-12-04,2.29955
1981-12-11,2.21806
1981-12-18,2.14137
1981-12-25,2.07306
1982-01-01,2.01158
1982-01-08,1.96034
1982-01-15,1.9252
1982-01-22,1.90537
1982-01-29,1.90449
1982-02-05,1.91577
1982-02-12,1.93922
1982-02-19,1.97011
1982-02-26,2.00399
1982-03-05,2.03463
1982-03-12,2.0612
1982-03-19,2.08554
1982-03-26,2.10698
1982-04-02,2.12607
1982-04-09,2.14931
1982-04-16,2.17787
1982-04-23,2.21422
1982-04-30,2.26234
1982-05-07,2.32446
1982-05-14,2.40191
1982-05-21,2.49343
1982-05-28,2.59085
1982-06-04,2.68714
1982-06-11,2.77855
1982-06-18,2.85636
1982-06-25,2.91521
1982-07-02,2.95477
1982-07-09,2.97971
1982-07-16,2.99495
1982-07-23,3.01358
1982-07-30,3.04449
1982-08-06,3.09553
1982-08-13,3.16782
1982-08-20,3.2528
1982-08-27,3.34093
1982-09-03,3.41522
1982-09-10,3.45704
1982-09-17,3.44979
1982-09-24,3.37714
1982-10-01,3.2335
1982-10-08,3.02289
1982-10-15,2.75814
1982-10-22,2.46064
1982-10-29,2.15183
1982-11-05,1.85184
1982-11-12,1.57569
1982-11-19,1.33367
1982-11-26,1.1302
1982-12-03,0.96284
1982-12-10,0.82683
1982-12-17,0.71531
1982-12-24,0.61845
1982-12-31,0.53118
1983-01-07,0.44984
1983-01-14,0.37374
1983-01-21,0.30271
1983-01-28,0.23824
1983-02-04,0.18109
1983-02-11,0.13257
1983-02-18,0.09396
1983-02-25,0.06517
1983-03-04,0.04381
1983-03-11,0.0294
1983-03-18,0.0193
1983-03-25,0.00907
1983-04-01,-0.00308
1983-04-08,-0.01959
1983-04-15,-0.04144
1983-04-22,-0.06818
1983-04-29,-0.09824
1983-05-06,-0.12884
1983-05-13,-0.15656
1983-05-20,-0.1784
1983-05-27,-0.19396
1983-06-03,-0.20054
1983-06-10,-0.19903
1983-06-17,-0.19091
1983-06-24,-0.17707
1983-07-01,-0.15875
1983-07-08,-0.13923
1983-07-15,-0.11967
1983-07-22,-0.10295
1983-07-29,-0.09026
1983-08-05,-0.0826
1983-08-12,-0.07984
1983-08-19,-0.08203
1983-08-26,-0.08672
1983-09-02,-0.09226
1983-09-09,-0.09672
1983-09-16,-0.09831
1983-09-23,-0.0946
1983-09-30,-0.08525
1983-10-07,-0.0694
1983-10-14,-0.04794
1983-10-21,-0.02152
1983-10-28,0.00584
1983-11-04,0.03385
1983-11-11,0.05889
1983-11-18,0.08005
1983-11-25,0.09594
1983-12-02,0.10499
1983-12-09,0.10648
1983-12-16,0.0996
1983-12-23,0.08299
1983-12-30,0.05654
1984-01-06,0.02316
1984-01-13,-0.0157
1984-01-20,-0.05769
1984-01-27,-0.09865
1984-02-03,-0.13564
1984-02-10,-0.16619
1984-02-17,-0.18728
1984-02-24,-0.19773
1984-03-02,-0.19568
1984-03-09,-0.17957
1984-03-16,-0.14795
1984-03-23,-0.10001
1984-03-30,-0.0349
1984-04-06,0.04692
1984-04-13,0.14353
1984-04-20,0.25352
1984-04-27,0.37479
1984-05-04,0.50301
1984-05-11,0.63425
1984-05-18,0.76244
1984-05-25,0.88193
1984-06-01,0.98874
1984-06-08,1.07755
1984-06-15,1.14607
1984-06-22,1.19061
1984-06-29,1.20787
1984-07-06,1.19523
1984-07-13,1.15361
1984-07-20,1.08888
1984-07-27,1.00704
1984-08-03,0.91605
1984-08-10,0.82304
1984-08-17,0.73326
1984-08-24,0.64868
1984-08-31,0.57091
1984-09-07,0.50128
1984-09-14,0.43774
1984-09-21,0.37783
1984-09-28,0.32024
1984-10-05,0.26434
1984-10-12,0.20902
1984-10-19,0.15479
1984-10-26,0.10315
1984-11-02,0.05462
1984-11-09,0.00877
1984-11-16,-0.03546
1984-11-23,-0.07802
1984-11-30,-0.12014
1984-12-07,-0.161
1984-12-14,-0.20227
1984-12-21,-0.24349
1984-12-28,-0.283
1985-01-04,-0.32045
1985-01-11,-0.35259
1985-01-18,-0.37633
1985-01-25,-0.39049
1985-02-01,-0.39411
1985-02-08,-0.3874
1985-02-15,-0.37304
1985-02-22,-0.3535
1985-03-01,-0.33143
1985-03-08,-0.31032
1985-03-15,-0.29335
1985-03-22,-0.28191
1985-03-29,-0.27767
1985-04-05,-0.28246
1985-04-12,-0.29566
1985-04-19,-0.31651
1985-04-26,-0.34293
1985-05-03,-0.37175
1985-05-10,-0.40173
1985-05-17,-0.42843
1985-05-24,-0.45034
1985-05-31,-0.46571
1985-06-07,-0.47307
1985-06-14,-0.47149
1985-06-21,-0.46166
1985-06-28,-0.4439
1985-07-05,-0.42011
1985-07-12,-0.39134
1985-07-19,-0.35822
1985-07-26,-0.32177
1985-08-02,-0.28385
1985-08-09,-0.2457
1985-08-16,-0.20946
1985-08-23,-0.17748
1985-08-30,-0.15206
1985-09-06,-0.13507
1985-09-13,-0.12832
1985-09-20,-0.13329
1985-09-27,-0.14894
1985-10-04,-0.17453
1985-10-11,-0.20669
1985-10-18,-0.24184
1985-10-25,-0.27613
1985-11-01,-0.30577
1985-11-08,-0.32776
1985-11-15,-0.34052
1985-11-22,-0.34302
1985-11-29,-0.3367
1985-12-06,-0.32371
1985-12-13,-0.30679
1985-12-20,-0.28945
1985-12-27,-0.27318
1986-01-03,-0.26168
1986-01-10,-0.2552
1986-01-17,-0.25419
1986-01-24,-0.2584
1986-01-31,-0.26712
1986-02-07,-0.27786
1986-02-14,-0.28894
1986-02-21,-0.2991
1986-02-28,-0.30779
1986-03-07,-0.31536
1986-03-14,-0.32313
1986-03-21,-0.33223
1986-03-28,-0.34448
1986-04-04,-0.36164
1986-04-11,-0.38268
1986-04-18,-0.40618
1986-04-25,-0.43054
1986-05-02,-0.4524
1986-05-09,-0.46979
1986-05-16,-0.48111
1986-05-23,-0.48571
1986-05-30,-0.48401
1986-06-06,-0.47731
1986-06-13,-0.46736
1986-06-20,-0.45771
1986-06-27,-0.45221
1986-07-04,-0.45315
1986-07-11,-0.46147
1986-07-18,-0.47778
1986-07-25,-0.50042
1986-08-01,-0.52619
1986-08-08,-0.55129
1986-08-15,-0.57341
1986-08-22,-0.589
1986-08-29,-0.59611
1986-09-05,-0.59484
1986-09-12,-0.58568
1986-09-19,-0.57333
1986-09-26,-0.56018
1986-10-03,-0.5492
1986-10-10,-0.5428
1986-10-17,-0.54154
1986-10-24,-0.54392
1986-10-31,-0.54875
1986-11-07,-0.55449
1986-11-14,-0.55915
1986-11-21,-0.56019
1986-11-28,-0.55747
1986-12-05,-0.5507
1986-12-12,-0.54111
1986-12-19,-0.52935
1986-12-26,-0.51705
1987-01-02,-0.50774
1987-01-09,-0.50049
1987-01-16,-0.49628
1987-01-23,-0.49439
1987-01-30,-0.49355
1987-02-06,-0.49099
1987-02-13,-0.48356
1987-02-20,-0.46768
1987-02-27,-0.44202
1987-03-06,-0.40327
1987-03-13,-0.34734
1987-03-20,-0.27256
1987-03-27,-0.17924
1987-04-03,-0.06862
1987-04-10,0.05315
1987-04-17,0.18044
1987-04-24,0.30391
1987-05-01,0.41337
1987-05-08,0.50472
1987-05-15,0.57019
1987-05-22,0.60953
1987-05-29,0.61735
1987-06-05,0.59806
1987-06-12,0.55604
1987-06-19,0.49368
1987-06-26,0.42026
1987-07-03,0.34015
1987-07-10,0.25962
1987-07-17,0.18093
1987-07-24,0.10836
1987-07-31,0.04741
1987-08-07,0.00456
1987-08-14,-0.01676
1987-08-21,-0.00699
1987-08-28,0.03612
1987-09-04,0.11326
1987-09-11,0.21802
1987-09-18,0.34599
1987-09-25,0.48834
1987-10-02,0.63855
1987-10-09,0.78397
1987-10-16,0.91446
1987-10-23,1.02169
1987-10-30,1.09858
1987-11-06,1.13855
1987-11-13,1.14965
1987-11-20,1.13791
1987-11-27,1.10566
1987-12-04,1.05839
1987-12-11,0.99368
1987-12-18,0.91758
1987-12-25,0.83017
1988-01-01,0.73578
1988-01-08,0.63767
1988-01-15,0.54172
1988-01-22,0.44833
1988-01-29,0.3613
1988-02-05,0.28337
1988-02-12,0.21807
1988-02-19,0.16814
1988-02-26,0.13297
1988-03-04,0.11265
1988-03-11,0.10667
1988-03-18,0.11409
1988-03-25,0.13077
1988-04-01,0.155
1988-04-08,0.18319
1988-04-15,0.20931
1988-04-22,0.23151
1988-04-29,0.24579
1988-05-06,0.25298
1988-05-13,0.25526
1988-05-20,0.25461
1988-05-27,0.254
1988-06-03,0.25698
1988-06-10,0.26493
1988-06-17,0.2793
1988-06-24,0.30083
1988-07-01,0.32822
1988-07-08,0.35794
1988-07-15,0.38669
1988-07-22,0.41121
1988-07-29,0.42746
1988-08-05,0.43445
1988-08-12,0.43128
1988-08-19,0.41833
1988-08-26,0.39612
1988-09-02,0.36803
1988-09-09,0.33617
1988-09-16,0.3049
1988-09-23,0.27694
1988-09-30,0.25266
1988-10-07,0.23184
1988-10-14,0.21392
1988-10-21,0.19841
1988-10-28,0.18514
1988-11-04,0.17398
1988-11-11,0.16542
1988-11-18,0.15859
1988-11-25,0.1539
1988-12-02,0.14974
1988-12-09,0.14659
1988-12-16,0.14326
1988-12-23,0.14119
1988-12-30,0.14026
1989-01-06,0.14261
1989-01-13,0.14955
1989-01-20,0.16316
1989-01-27,0.1866
1989-02-03,0.22272
1989-02-10,0.27238
1989-02-17,0.33536
1989-02-24,0.40749
1989-03-03,0.48514
1989-03-10,0.56078
1989-03-17,0.62912
1989-03-24,0.6827
1989-03-31,0.71585
1989-04-07,0.72576
1989-04-14,0.71127
1989-04-21,0.67279
1989-04-28,0.6186
1989-05-05,0.55189
1989-05-12,0.48258
1989-05-19,0.41645
1989-05-26,0.36069
1989-06-02,0.31849
1989-06-09,0.29038
1989-06-16,0.27315
1989-06-23,0.26285
1989-06-30,0.25401
1989-07-07,0.24422
1989-07-14,0.23095
1989-07-21,0.21684
1989-07-28,0.20506
1989-08-04,0.19785
1989-08-11,0.2002
1989-08-18,0.21266
1989-08-25,0.23508
1989-09-01,0.26587
1989-09-08,0.30022
1989-09-15,0.33397
1989-09-22,0.36062
1989-09-29,0.37748
1989-10-06,0.38048
1989-10-13,0.36764
1989-10-20,0.33968
1989-10-27,0.29888
1989-11-03,0.24917
1989-11-10,0.1965
1989-11-17,0.14496
1989-11-24,0.09946
1989-12-01,0.06303
1989-12-08,0.03775
1989-12-15,0.02361
1989-12-22,0.01976
1989-12-29,0.02352
1990-01-05,0.03321
1990-01-12,0.04484
1990-01-19,0.05471
1990-01-26,0.06196
1990-02-02,0.06392
1990-02-09,0.06128
1990-02-16,0.05569
1990-02-23,0.04931
1990-03-02,0.04484
1990-03-09,0.04412
1990-03-16,0.04964
1990-03-23,0.06046
1990-03-30,0.07539
1990-04-06,0.09189
1990-04-13,0.10444
1990-04-20,0.11108
1990-04-27,0.10826
1990-05-04,0.09363
1990-05-11,0.06798
1990-05-18,0.03297
1990-05-25,-0.00813
1990-06-01,-0.05129
1990-06-08,-0.09139
1990-06-15,-0.12442
1990-06-22,-0.14749
1990-06-29,-0.15773
1990-07-06,-0.15462
1990-07-13,-0.13928
1990-07-20,-0.11238
1990-07-27,-0.07566
1990-08-03,-0.03148
1990-08-10,0.01887
1990-08-17,0.07152
1990-08-24,0.12634
1990-08-31,0.18046
1990-09-07,0.23412
1990-09-14,0.28524
1990-09-21,0.33296
1990-09-28,0.37605
1990-10-05,0.40908
1990-10-12,0.4325
1990-10-19,0.44679
1990-10-26,0.45193
1990-11-02,0.45242
1990-11-09,0.45178
1990-11-16,0.45188
1990-11-23,0.45623
1990-11-30,0.46687
1990-12-07,0.47977
1990-12-14,0.49476
1990-12-21,0.50969
1990-12-28,0.51686
1991-01-04,0.50953
1991-01-11,0.48843
1991-01-18,0.4492
1991-01-25,0.39031
1991-02-01,0.32181
1991-02-08,0.24681
1991-02-15,0.17147
1991-02-22,0.10037
1991-03-01,0.03606
1991-03-08,-0.02151
1991-03-15,-0.07158
1991-03-22,-0.11418
1991-03-29,-0.15025
1991-04-05,-0.17977
1991-04-12,-0.20379
1991-04-19,-0.22318
1991-04-26,-0.23671
1991-05-03,-0.24518
1991-05-10,-0.24865
1991-05-17,-0.24731
1991-05-24,-0.24314
1991-05-31,-0.23831
1991-06-07,-0.23615
1991-06-14,-0.23943
1991-06-21,-0.25091
1991-06-28,-0.2708
1991-07-05,-0.30008
1991-07-12,-0.33575
1991-07-19,-0.37583
1991-07-26,-0.41628
1991-08-02,-0.4538
1991-08-09,-0.48629
1991-08-16,-0.51149
1991-08-23,-0.52958
1991-08-30,-0.54242
1991-09-06,-0.54976
1991-09-13,-0.55523
1991-09-20,-0.55897
1991-09-27,-0.56205
1991-10-04,-0.56508
1991-10-11,-0.56977
1991-10-18,-0.57562
1991-10-25,-0.58274
1991-11-01,-0.5915
1991-11-08,-0.60094
1991-11-15,-0.61059
1991-11-22,-0.62014
1991-11-29,-0.63014
1991-12-06,-0.64052
1991-12-13,-0.65086
1991-12-20,-0.65864
1991-12-27,-0.66542
1992-01-03,-0.6673
1992-01-10,-0.668
1992-01-17,-0.66512
1992-01-24,-0.66168
1992-01-31,-0.65907
1992-02-07,-0.65698
1992-02-14,-0.65603
1992-02-21,-0.65581
1992-02-28,-0.65707
1992-03-06,-0.66001
1992-03-13,-0.6647
1992-03-20,-0.67294
1992-03-27,-0.68495
1992-04-03,-0.70038
1992-04-10,-0.71936
1992-04-17,-0.74023
1992-04-24,-0.76254
1992-05-01,-0.78526
1992-05-08,-0.80671
1992-05-15,-0.82665
1992-05-22,-0.84496
1992-05-29,-0.86088
1992-06-05,-0.87546
1992-06-12,-0.88976
1992-06-19,-0.90333
1992-06-26,-0.9158
1992-07-03,-0.92642
1992-07-10,-0.934
1992-07-17,-0.93898
1992-07-24,-0.94055
1992-07-31,-0.93895
1992-08-07,-0.93391
1992-08-14,-0.92594
1992-08-21,-0.91445
1992-08-28,-0.89941
1992-09-04,-0.88088
1992-09-11,-0.85935
1992-09-18,-0.83361
1992-09-25,-0.80448
1992-10-02,-0.7734
1992-10-09,-0.74318
1992-10-16,-0.71606
1992-10-23,-0.69511
1992-10-30,-0.68297
1992-11-06,-0.68143
1992-11-13,-0.68964
1992-11-20,-0.70798
1992-11-27,-0.7356
1992-12-04,-0.77038
1992-12-11,-0.80923
1992-12-18,-0.84719
1992-12-25,-0.88195
1993-01-01,-0.91051
1993-01-08,-0.93151
1993-01-15,-0.94643
1993-01-22,-0.9555
1993-01-29,-0.95937
1993-02-05,-0.96017
1993-02-12,-0.95941
1993-02-19,-0.95806
1993-02-26,-0.95874
1993-03-05,-0.96074
1993-03-12,-0.96465
1993-03-19,-0.97027
1993-03-26,-0.97718
1993-04-02,-0.98396
1993-04-09,-0.99019
1993-04-16,-0.99459
1993-04-23,-0.99618
1993-04-30,-0.99579
1993-05-07,-0.9925
1993-05-14,-0.98813
1993-05-21,-0.98452
1993-05-28,-0.98313
1993-06-04,-0.98536
1993-06-11,-0.99287
1993-06-18,-1.0053
1993-06-25,-1.02101
1993-07-02,-1.03833
1993-07-09,-1.056
1993-07-16,-1.07167
1993-07-23,-1.08454
1993-07-30,-1.09314
1993-08-06,-1.09788
1993-08-13,-1.09894
1993-08-20,-1.09674
1993-08-27,-1.09174
1993-09-03,-1.08475
1993-09-10,-1.07574
1993-09-17,-1.06429
1993-09-24,-1.051
1993-10-01,-1.03597
1993-10-08,-1.01984
1993-10-15,-1.0025
1993-10-22,-0.98456
1993-10-29,-0.96706
1993-11-05,-0.95197
1993-11-12,-0.94146
1993-11-19,-0.93671
1993-11-26,-0.93885
1993-12-03,-0.94721
1993-12-10,-0.96026
1993-12-17,-0.97609
1993-12-24,-0.99201
1993-12-31,-1.00582
1994-01-07,-1.01612
1994-01-14,-1.02203
1994-01-21,-1.02121
1994-01-28,-1.01426
1994-02-04,-0.99996
1994-02-11,-0.97849
1994-02-18,-0.95193
1994-02-25,-0.92133
1994-03-04,-0.88776
1994-03-11,-0.8539
1994-03-18,-0.82164
1994-03-25,-0.79201
1994-04-01,-0.76665
1994-04-08,-0.74755
1994-04-15,-0.73448
1994-04-22,-0.72613
1994-04-29,-0.72299
1994-05-06,-0.72123
1994-05-13,-0.72114
1994-05-20,-0.72261
1994-05-27,-0.72361
1994-06-03,-0.7226
1994-06-10,-0.72183
1994-06-17,-0.71966
1994-06-24,-0.71839
1994-07-01,-0.71958
1994-07-08,-0.72623
1994-07-15,-0.73804
1994-07-22,-0.75414
1994-07-29,-0.77166
1994-08-05,-0.78793
1994-08-12,-0.8011
1994-08-19,-0.80827
1994-08-26,-0.8073
1994-09-02,-0.79757
1994-09-09,-0.77938
1994-09-16,-0.75374
1994-09-23,-0.72435
1994-09-30,-0.6938
1994-10-07,-0.66559
1994-10-14,-0.64124
1994-10-21,-0.62021
1994-10-28,-0.60056
1994-11-04,-0.58078
1994-11-11,-0.55856
1994-11-18,-0.53287
1994-11-25,-0.50381
1994-12-02,-0.47368
1994-12-09,-0.44423
1994-12-16,-0.42135
1994-12-23,-0.40727
1994-12-30,-0.40519
1995-01-06,-0.41618
1995-01-13,-0.43899
1995-01-20,-0.47014
1995-01-27,-0.50569
1995-02-03,-0.542
1995-02-10,-0.57523
1995-02-17,-0.6024
1995-02-24,-0.62252
1995-03-03,-0.6345
1995-03-10,-0.63949
1995-03-17,-0.64077
1995-03-24,-0.63985
1995-03-31,-0.63991
1995-04-07,-0.64256
1995-04-14,-0.64923
1995-04-21,-0.65992
1995-04-28,-0.67337
1995-05-05,-0.6875
1995-05-12,-0.70059
1995-05-19,-0.70942
1995-05-26,-0.71296
1995-06-02,-0.71
1995-06-09,-0.70289
1995-06-16,-0.69232
1995-06-23,-0.68215
1995-06-30,-0.67393
1995-07-07,-0.66943
1995-07-14,-0.67047
1995-07-21,-0.6751
1995-07-28,-0.68241
1995-08-04,-0.692
1995-08-11,-0.70154
1995-08-18,-0.70917
1995-08-25,-0.7141
1995-09-01,-0.71519
1995-09-08,-0.7131
1995-09-15,-0.70916
1995-09-22,-0.7037
1995-09-29,-0.69913
1995-10-06,-0.69806
1995-10-13,-0.70018
1995-10-20,-0.70619
1995-10-27,-0.71528
1995-11-03,-0.72717
1995-11-10,-0.73931
1995-11-17,-0.74859
1995-11-24,-0.75442
1995-12-01,-0.75591
1995-12-08,-0.75389
1995-12-15,-0.7495
1995-12-22,-0.7459
1995-12-29,-0.7456
1996-01-05,-0.75141
1996-01-12,-0.76183
1996-01-19,-0.77662
1996-01-26,-0.79421
1996-02-02,-0.81057
1996-02-09,-0.82174
1996-02-16,-0.82592
1996-02-23,-0.82167
1996-03-01,-0.80822
1996-03-08,-0.78898
1996-03-15,-0.76539
1996-03-22,-0.74208
1996-03-29,-0.72065
1996-04-05,-0.70353
1996-04-12,-0.69123
1996-04-19,-0.68575
1996-04-26,-0.68709
1996-05-03,-0.69273
1996-05-10,-0.70112
1996-05-17,-0.7099
1996-05-24,-0.71604
1996-05-31,-0.71845
1996-06-07,-0.71643
1996-06-14,-0.71224
1996-06-21,-0.70686
1996-06-28,-0.70259
1996-07-05,-0.70005
1996-07-12,-0.70048
1996-07-19,-0.7052
1996-07-26,-0.71342
1996-08-02,-0.72315
1996-08-09,-0.73412
1996-08-16,-0.74229
1996-08-23,-0.74666
1996-08-30,-0.74667
1996-09-06,-0.74284
1996-09-13,-0.73826
1996-09-20,-0.73438
1996-09-27,-0.73322
1996-10-04,-0.73644
1996-10-11,-0.74416
1996-10-18,-0.75466
1996-10-25,-0.76657
1996-11-01,-0.77766
1996-11-08,-0.78541
1996-11-15,-0.78757
1996-11-22,-0.78353
1996-11-29,-0.77301
1996-12-06,-0.75746
1996-12-13,-0.7395
1996-12-20,-0.72238
1996-12-27,-0.70828
1997-01-03,-0.69842
1997-01-10,-0.69361
1997-01-17,-0.69512
1997-01-24,-0.70144
1997-01-31,-0.71093
1997-02-07,-0.72146
1997-02-14,-0.73129
1997-02-21,-0.73677
1997-02-28,-0.7372
1997-03-07,-0.73174
1997-03-14,-0.72144
1997-03-21,-0.70768
1997-03-28,-0.6922
1997-04-04,-0.67598
1997-04-11,-0.66147
1997-04-18,-0.64916
1997-04-25,-0.6396
1997-05-02,-0.63383
1997-05-09,-0.63021
1997-05-16,-0.62868
1997-05-23,-0.62864
1997-05-30,-0.62918
1997-06-06,-0.63065
1997-06-13,-0.63356
1997-06-20,-0.63735
1997-06-27,-0.64169
1997-07-04,-0.64717
1997-07-11,-0.65165
1997-07-18,-0.6556
1997-07-25,-0.65858
1997-08-01,-0.65986
1997-08-08,-0.65945
1997-08-15,-0.65735
1997-08-22,-0.65393
1997-08-29,-0.64915
1997-09-05,-0.64327
1997-09-12,-0.63584
1997-09-19,-0.62648
1997-09-26,-0.61437
1997-10-03,-0.5993
1997-10-10,-0.58039
1997-10-17,-0.55849
1997-10-24,-0.53509
1997-10-31,-0.51232
1997-11-07,-0.49445
1997-11-14,-0.48092
1997-11-21,-0.47447
1997-11-28,-0.47413
1997-12-05,-0.47883
1997-12-12,-0.48691
1997-12-19,-0.49896
1997-12-26,-0.5142
1998-01-02,-0.53065
1998-01-09,-0.54743
1998-01-16,-0.56568
1998-01-23,-0.58298
1998-01-30,-0.59968
1998-02-06,-0.61496
1998-02-13,-0.6269
1998-02-20,-0.63544
1998-02-27,-0.63981
1998-03-06,-0.63924
1998-03-13,-0.63634
1998-03-20,-0.63241
1998-03-27,-0.62713
1998-04-03,-0.62173
1998-04-10,-0.61661
1998-04-17,-0.61118
1998-04-24,-0.60513
1998-05-01,-0.5987
1998-05-08,-0.5922
1998-05-15,-0.58575
1998-05-22,-0.57919
1998-05-29,-0.57167
1998-06-05,-0.56573
1998-06-12,-0.56093
1998-06-19,-0.55826
1998-06-26,-0.55695
1998-07-03,-0.55647
1998-07-10,-0.55434
1998-07-17,-0.54805
1998-07-24,-0.53446
1998-07-31,-0.51176
1998-08-07,-0.47775
1998-08-14,-0.43254
1998-08-21,-0.37759
1998-08-28,-0.31493
1998-09-04,-0.24932
1998-09-11,-0.18485
1998-09-18,-0.12399
1998-09-25,-0.0702
1998-10-02,-0.0271
1998-10-09,0.0027
1998-10-16,0.01565
1998-10-23,0.01068
1998-10-30,-0.00733
1998-11-06,-0.03369
1998-11-13,-0.06142
1998-11-20,-0.09034
1998-11-27,-0.11591
1998-12-04,-0.13706
1998-12-11,-0.15621
1998-12-18,-0.17416
1998-12-25,-0.19195
1999-01-01,-0.20852
1999-01-08,-0.22336
1999-01-15,-0.23895
1999-01-22,-0.25558
1999-01-29,-0.27412
1999-02-05,-0.29398
1999-02-12,-0.31459
1999-02-19,-0.33539
1999-02-26,-0.35463
1999-03-05,-0.37112
1999-03-12,-0.38543
1999-03-19,-0.39673
1999-03-26,-0.40517
1999-04-02,-0.41159
1999-04-09,-0.41661
1999-04-16,-0.42091
1999-04-23,-0.42439
1999-04-30,-0.42684
1999-05-07,-0.42692
1999-05-14,-0.42289
1999-05-21,-0.41448
1999-05-28,-0.40218
1999-06-04,-0.38715
1999-06-11,-0.37022
1999-06-18,-0.35199
1999-06-25,-0.33224
1999-07-02,-0.31093
1999-07-09,-0.28736
1999-07-16,-0.26151
1999-07-23,-0.23574
1999-07-30,-0.21195
1999-08-06,-0.19057
1999-08-13,-0.17369
1999-08-20,-0.16095
1999-08-27,-0.15008
1999-09-03,-0.13866
1999-09-10,-0.12596
1999-09-17,-0.11314
1999-09-24,-0.10104
1999-10-01,-0.09069
1999-10-08,-0.08459
1999-10-15,-0.08668
1999-10-22,-0.09626
1999-10-29,-0.11147
1999-11-05,-0.1292
1999-11-12,-0.14677
1999-11-19,-0.1613
1999-11-26,-0.16878
1999-12-03,-0.17095
1999-12-10,-0.16945
1999-12-17,-0.16825
1999-12-24,-0.16877
1999-12-31,-0.17234
2000-01-07,-0.18216
2000-01-14,-0.19339
2000-01-21,-0.20371
2000-01-28,-0.21105
2000-02-04,-0.21296
2000-02-11,-0.21073
2000-02-18,-0.20301
2000-02-25,-0.19025
2000-03-03,-0.17424
2000-03-10,-0.15427
2000-03-17,-0.13219
2000-03-24,-0.11008
2000-03-31,-0.08934
2000-04-07,-0.07362
2000-04-14,-0.05935
2000-04-21,-0.04642
2000-04-28,-0.03253
2000-05-05,-0.01677
2000-05-12,-0.00155
2000-05-19,0.01264
2000-05-26,0.02469
2000-06-02,0.03207
2000-06-09,0.03332
2000-06-16,0.02864
2000-06-23,0.01682
2000-06-30,-0.00125
2000-07-07,-0.02606
2000-07-14,-0.05519
2000-07-21,-0.08568
2000-07-28,-0.11604
2000-08-04,-0.14398
2000-08-11,-0.16801
2000-08-18,-0.18617
2000-08-25,-0.19853
2000-09-01,-0.20595
2000-09-08,-0.20806
2000-09-15,-0.20677
2000-09-22,-0.20257
2000-09-29,-0.19672
2000-10-06,-0.19002
2000-10-13,-0.18204
2000-10-20,-0.1753
2000-10-27,-0.16821
2000-11-03,-0.15847
2000-11-10,-0.14513
2000-11-17,-0.12743
2000-11-24,-0.10692
2000-12-01,-0.08665
2000-12-08,-0.07125
2000-12-15,-0.06566
2000-12-22,-0.07079
2000-12-29,-0.09087
2001-01-05,-0.12033
2001-01-12,-0.15571
2001-01-19,-0.19225
2001-01-26,-0.22533
2001-02-02,-0.25209
2001-02-09,-0.27056
2001-02-16,-0.27958
2001-02-23,-0.27888
2001-03-02,-0.27284
2001-03-09,-0.26414
2001-03-16,-0.25529
2001-03-23,-0.2513
2001-03-30,-0.2548
2001-04-06,-0.26452
2001-04-13,-0.28355
2001-04-20,-0.30784
2001-04-27,-0.33452
2001-05-04,-0.36233
2001-05-11,-0.38753
2001-05-18,-0.40736
2001-05-25,-0.42331
2001-06-01,-0.43463
2001-06-08,-0.44246
2001-06-15,-0.44839
2001-06-22,-0.45409
2001-06-29,-0.46082
2001-07-06,-0.46985
2001-07-13,-0.48015
2001-07-20,-0.49051
2001-07-27,-0.4999
2001-08-03,-0.50464
2001-08-10,-0.50039
2001-08-17,-0.48675
2001-08-24,-0.46289
2001-08-31,-0.43229
2001-09-07,-0.39872
2001-09-14,-0.36686
2001-09-21,-0.34475
2001-09-28,-0.33815
2001-10-05,-0.34019
2001-10-12,-0.3513
2001-10-19,-0.36672
2001-10-26,-0.38304
2001-11-02,-0.39455
2001-11-09,-0.39985
2001-11-16,-0.39815
2001-11-23,-0.3882
2001-11-30,-0.37454
2001-12-07,-0.36205
2001-12-14,-0.35584
2001-12-21,-0.35814
2001-12-28,-0.3714
2002-01-04,-0.39154
2002-01-11,-0.41695
2002-01-18,-0.4423
2002-01-25,-0.4635
2002-02-01,-0.47872
2002-02-08,-0.48787
2002-02-15,-0.49233
2002-02-22,-0.49268
2002-03-01,-0.49214
2002-03-08,-0.49121
2002-03-15,-0.49182
2002-03-22,-0.49596
2002-03-29,-0.50419
2002-04-05,-0.51747
2002-04-12,-0.53597
2002-04-19,-0.55767
2002-04-26,-0.58035
2002-05-03,-0.60247
2002-05-10,-0.61882
2002-05-17,-0.62936
2002-05-24,-0.63135
2002-05-31,-0.62535
2002-06-07,-0.61139
2002-06-14,-0.59124
2002-06-21,-0.5667
2002-06-28,-0.53949
2002-07-05,-0.51177
2002-07-12,-0.48468
2002-07-19,-0.46098
2002-07-26,-0.44057
2002-08-02,-0.42626
2002-08-09,-0.41496
2002-08-16,-0.40742
2002-08-23,-0.39936
2002-08-30,-0.39096
2002-09-06,-0.38042
2002-09-13,-0.36985
2002-09-20,-0.36039
2002-09-27,-0.35461
2002-10-04,-0.35396
2002-10-11,-0.35975
2002-10-18,-0.37226
2002-10-25,-0.38776
2002-11-01,-0.40605
2002-11-08,-0.4237
2002-11-15,-0.43897
2002-11-22,-0.44965
2002-11-29,-0.45598
2002-12-06,-0.45849
2002-12-13,-0.46181
2002-12-20,-0.46566
2002-12-27,-0.47237
2003-01-03,-0.483
2003-01-10,-0.49603
2003-01-17,-0.50834
2003-01-24,-0.51791
2003-01-31,-0.52502
2003-02-07,-0.52894
2003-02-14,-0.53159
2003-02-21,-0.53428
2003-02-28,-0.53855
2003-03-07,-0.54518
2003-03-14,-0.5552
2003-03-21,-0.56985
2003-03-28,-0.5893
2003-04-04,-0.61244
2003-04-11,-0.6378
2003-04-18,-0.66224
2003-04-25,-0.68346
2003-05-02,-0.69966
2003-05-09,-0.70931
2003-05-16,-0.71382
2003-05-23,-0.71436
2003-05-30,-0.71305
2003-06-06,-0.71122
2003-06-13,-0.71053
2003-06-20,-0.71192
2003-06-27,-0.71448
2003-07-04,-0.71733
2003-07-11,-0.71884
2003-07-18,-0.71715
2003-07-25,-0.71225
2003-08-01,-0.7026
2003-08-08,-0.69263
2003-08-15,-0.68275
2003-08-22,-0.67472
2003-08-29,-0.66957
2003-09-05,-0.668
2003-09-12,-0.67016
2003-09-19,-0.67531
2003-09-26,-0.68209
2003-10-03,-0.6898
2003-10-10,-0.6983
2003-10-17,-0.70622
2003-10-24,-0.71191
2003-10-31,-0.71642
2003-11-07,-0.71859
2003-11-14,-0.71882
2003-11-21,-0.71766
2003-11-28,-0.71637
2003-12-05,-0.71455
2003-12-12,-0.71528
2003-12-19,-0.71854
2003-12-26,-0.72475
2004-01-02,-0.73457
2004-01-09,-0.74765
2004-01-16,-0.76144
2004-01-23,-0.7748
2004-01-30,-0.78713
2004-02-06,-0.7972
2004-02-13,-0.806
2004-02-20,-0.8122
2004-02-27,-0.81573
2004-03-05,-0.81638
2004-03-12,-0.81485
2004-03-19,-0.81061
2004-03-26,-0.80394
2004-04-02,-0.79541
2004-04-09,-0.78437
2004-04-16,-0.77099
2004-04-23,-0.7559
2004-04-30,-0.74064
2004-05-07,-0.72593
2004-05-14,-0.7134
2004-05-21,-0.70344
2004-05-28,-0.69633
2004-06-04,-0.6915
2004-06-11,-0.68877
2004-06-18,-0.68729
2004-06-25,-0.68761
2004-07-02,-0.68887
2004-07-09,-0.6908
2004-07-16,-0.69259
2004-07-23,-0.69463
2004-07-30,-0.69674
2004-08-06,-0.698
2004-08-13,-0.69986
2004-08-20,-0.70118
2004-08-27,-0.70224
2004-09-03,-0.70197
2004-09-10,-0.70184
2004-09-17,-0.7015
2004-09-24,-0.70091
2004-10-01,-0.70018
2004-10-08,-0.70015
2004-10-15,-0.70092
2004-10-22,-0.7035
2004-10-29,-0.70662
2004-11-05,-0.71016
2004-11-12,-0.71428
2004-11-19,-0.71641
2004-11-26,-0.71701
2004-12-03,-0.71537
2004-12-10,-0.71235
2004-12-17,-0.70761
2004-12-24,-0.70243
2004-12-31,-0.69834
2005-01-07,-0.69605
2005-01-14,-0.69652
2005-01-21,-0.699
2005-01-28,-0.70351
2005-02-04,-0.70891
2005-02-11,-0.71279
2005-02-18,-0.71352
2005-02-25,-0.7107
2005-03-04,-0.70375
2005-03-11,-0.69351
2005-03-18,-0.68029
2005-03-25,-0.66596
2005-04-01,-0.6517
2005-04-08,-0.63852
2005-04-15,-0.62692
2005-04-22,-0.61749
2005-04-29,-0.61042
2005-05-06,-0.60522
2005-05-13,-0.60154
2005-05-20,-0.59984
2005-05-27,-0.6001
2005-06-03,-0.60072
2005-06-10,-0.6021
2005-06-17,-0.60328
2005-06-24,-0.60485
2005-07-01,-0.60681
2005-07-08,-0.6084
2005-07-15,-0.61136
2005-07-22,-0.61335
2005-07-29,-0.61446
2005-08-05,-0.61344
2005-08-12,-0.61093
2005-08-19,-0.60588
2005-08-26,-0.59924
2005-09-02,-0.59138
2005-09-09,-0.58357
2005-09-16,-0.5762
2005-09-23,-0.5704
2005-09-30,-0.56736
2005-10-07,-0.56814
2005-10-14,-0.57223
2005-10-21,-0.57804
2005-10-28,-0.58418
2005-11-04,-0.58814
2005-11-11,-0.5896
2005-11-18,-0.58707
2005-11-25,-0.58219
2005-12-02,-0.57564
2005-12-09,-0.56923
2005-12-16,-0.56443
2005-12-23,-0.56304
2005-12-30,-0.56483
2006-01-06,-0.57103
2006-01-13,-0.58084
2006-01-20,-0.59145
2006-01-27,-0.60357
2006-02-03,-0.6143
2006-02-10,-0.62285
2006-02-17,-0.62944
2006-02-24,-0.63356
2006-03-03,-0.63478
2006-03-10,-0.63436
2006-03-17,-0.63306
2006-03-24,-0.63153
2006-03-31,-0.62901
2006-04-07,-0.62683
2006-04-14,-0.62445
2006-04-21,-0.62257
2006-04-28,-0.61972
2006-05-05,-0.61441
2006-05-12,-0.6071
2006-05-19,-0.59579
2006-05-26,-0.58254
2006-06-02,-0.56845
2006-06-09,-0.55491
2006-06-16,-0.54263
2006-06-23,-0.53384
2006-06-30,-0.52983
2006-07-07,-0.5305
2006-07-14,-0.53627
2006-07-21,-0.54633
2006-07-28,-0.55974
2006-08-04,-0.57373
2006-08-11,-0.58673
2006-08-18,-0.59711
2006-08-25,-0.60386
2006-09-01,-0.60673
2006-09-08,-0.60681
2006-09-15,-0.60571
2006-09-22,-0.60515
2006-09-29,-0.60617
2006-10-06,-0.60965
2006-10-13,-0.61564
2006-10-20,-0.62212
2006-10-27,-0.6283
2006-11-03,-0.63191
2006-11-10,-0.63311
2006-11-17,-0.63166
2006-11-24,-0.62819
2006-12-01,-0.62403
2006-12-08,-0.62137
2006-12-15,-0.62204
2006-12-22,-0.6266
2006-12-29,-0.63503
2007-01-05,-0.64675
2007-01-12,-0.6597
2007-01-19,-0.67182
2007-01-26,-0.68103
2007-02-02,-0.68459
2007-02-09,-0.68293
2007-02-16,-0.67511
2007-02-23,-0.66258
2007-03-02,-0.64696
2007-03-09,-0.63257
2007-03-16,-0.62051
2007-03-23,-0.61229
2007-03-30,-0.60648
2007-04-06,-0.60273
2007-04-13,-0.59907
2007-04-20,-0.59458
2007-04-27,-0.58797
2007-05-04,-0.57914
2007-05-11,-0.57055
2007-05-18,-0.56157
2007-05-25,-0.5531
2007-06-01,-0.54673
2007-06-08,-0.54369
2007-06-15,-0.54
2007-06-22,-0.5346
2007-06-29,-0.52245
2007-07-06,-0.49767
2007-07-13,-0.45301
2007-07-20,-0.38471
2007-07-27,-0.29104
2007-08-03,-0.17921
2007-08-10,-0.0591
2007-08-17,0.05888
2007-08-24,0.15348
2007-08-31,0.2054
2007-09-07,0.22143
2007-09-14,0.19784
2007-09-21,0.14131
2007-09-28,0.07623
2007-10-05,0.01571
2007-10-12,-0.02458
2007-10-19,-0.03145
2007-10-26,-0.00087
2007-11-02,0.06583
2007-11-09,0.16366
2007-11-16,0.27439
2007-11-23,0.38677
2007-11-30,0.48013
2007-12-07,0.54311
2007-12-14,0.56975
2007-12-21,0.5594
2007-12-28,0.51995
2008-01-04,0.47233
2008-01-11,0.42762
2008-01-18,0.40399
2008-01-25,0.41141
2008-02-01,0.44122
2008-02-08,0.50263
2008-02-15,0.58741
2008-02-22,0.68657
2008-02-29,0.78682
2008-03-07,0.87845
2008-03-14,0.93983
2008-03-21,0.96457
2008-03-28,0.94434
2008-04-04,0.8916
2008-04-11,0.81792
2008-04-18,0.73561
2008-04-25,0.65001
2008-05-02,0.5749
2008-05-09,0.52022
2008-05-16,0.4877
2008-05-23,0.4827
2008-05-30,0.50388
2008-06-06,0.54946
2008-06-13,0.6034
2008-06-20,0.65981
2008-06-27,0.71187
2008-07-04,0.74413
2008-07-11,0.75301
2008-07-18,0.7431
2008-07-25,0.7148
2008-08-01,0.68414
2008-08-08,0.66852
2008-08-15,0.67635
2008-08-22,0.73218
2008-08-29,0.84013
2008-09-05,1.00753
2008-09-12,1.22834
2008-09-19,1.51175
2008-09-26,1.79301
2008-10-03,2.07351
2008-10-10,2.32505
2008-10-17,2.52088
2008-10-24,2.66322
2008-10-31,2.78457
2008-11-07,2.8775
2008-11-14,2.95823
2008-11-21,3.03487
2008-11-28,3.06181
2008-12-05,3.05496
2008-12-12,2.99034
2008-12-19,2.8662
2008-12-26,2.70697
2009-01-02,2.55423
2009-01-09,2.40199
2009-01-16,2.27852
2009-01-23,2.18856
2009-01-30,2.12894
2009-02-06,2.09874
2009-02-13,2.09927
2009-02-20,2.11594
2009-02-27,2.13223
2009-03-06,2.13627
2009-03-13,2.09899
2009-03-20,2.02659
2009-03-27,1.92152
2009-04-03,1.79707
2009-04-10,1.65705
2009-04-17,1.51523
2009-04-24,1.37615
2009-05-01,1.24112
2009-05-08,1.11725
2009-05-15,1.01582
2009-05-22,0.93177
2009-05-29,0.87247
2009-06-05,0.82533
2009-06-12,0.78965
2009-06-19,0.75942
2009-06-26,0.72264
2009-07-03,0.67727
2009-07-10,0.62222
2009-07-17,0.55567
2009-07-24,0.48434
2009-07-31,0.41582
2009-08-07,0.35602
2009-08-14,0.3071
2009-08-21,0.26657
2009-08-28,0.22995
2009-09-04,0.19775
2009-09-11,0.16475
2009-09-18,0.13197
2009-09-25,0.10314
2009-10-02,0.08097
2009-10-09,0.06027
2009-10-16,0.04335
2009-10-23,0.03013
2009-10-30,0.02218
2009-11-06,0.01325
2009-11-13,0.00141
2009-11-20,-0.0125
2009-11-27,-0.03097
2009-12-04,-0.05541
2009-12-11,-0.08611
2009-12-18,-0.11852
2009-12-25,-0.14913
2010-01-01,-0.17409
2010-01-08,-0.19428
2010-01-15,-0.20375
2010-01-22,-0.20254
2010-01-29,-0.19843
2010-02-05,-0.19482
2010-02-12,-0.19811
2010-02-19,-0.21513
2010-02-26,-0.24374
2010-03-05,-0.28334
2010-03-12,-0.32936
2010-03-19,-0.37486
2010-03-26,-0.41543
2010-04-02,-0.44369
2010-04-09,-0.45532
2010-04-16,-0.44408
2010-04-23,-0.40856
2010-04-30,-0.34966
2010-05-07,-0.27304
2010-05-14,-0.1968
2010-05-21,-0.12387
2010-05-28,-0.06933
2010-06-04,-0.03822
2010-06-11,-0.02905
2010-06-18,-0.04344
2010-06-25,-0.07069
2010-07-02,-0.1051
2010-07-09,-0.1467
2010-07-16,-0.18702
2010-07-23,-0.2203
2010-07-30,-0.24488
2010-08-06,-0.25932
2010-08-13,-0.26437
2010-08-20,-0.26587
2010-08-27,-0.26809
2010-09-03,-0.27534
2010-09-10,-0.28998
2010-09-17,-0.30908
2010-09-24,-0.33086
2010-10-01,-0.35479
2010-10-08,-0.37845
2010-10-15,-0.40012
2010-10-22,-0.41755
2010-10-29,-0.43122
2010-11-05,-0.44034
2010-11-12,-0.44379
2010-11-19,-0.44597
2010-11-26,-0.44849
2010-12-03,-0.45433
2010-12-10,-0.46604
2010-12-17,-0.48126
2010-12-24,-0.50057
2010-12-31,-0.52165
2011-01-07,-0.54328
2011-01-14,-0.56351
2011-01-21,-0.58085
2011-01-28,-0.59284
2011-02-04,-0.59778
2011-02-11,-0.59616
2011-02-18,-0.5868
2011-02-25,-0.57195
2011-03-04,-0.55841
2011-03-11,-0.54795
2011-03-18,-0.5425
2011-03-25,-0.5474
2011-04-01,-0.55805
2011-04-08,-0.57224
2011-04-15,-0.58553
2011-04-22,-0.59499
2011-04-29,-0.59869
2011-05-06,-0.59556
2011-05-13,-0.58633
2011-05-20,-0.57409
2011-05-27,-0.56038
2011-06-03,-0.54708
2011-06-10,-0.53481
2011-06-17,-0.52597
2011-06-24,-0.51883
2011-07-01,-0.5117
2011-07-08,-0.4995
2011-07-15,-0.47696
2011-07-22,-0.44264
2011-07-29,-0.39378
2011-08-05,-0.33011
2011-08-12,-0.25882
2011-08-19,-0.19566
2011-08-26,-0.13749
2011-09-02,-0.09494
2011-09-09,-0.06314
2011-09-16,-0.04529
2011-09-23,-0.03639
2011-09-30,-0.0387
2011-10-07,-0.0504
2011-10-14,-0.07176
2011-10-21,-0.08978
2011-10-28,-0.10379
2011-11-04,-0.10535
2011-11-11,-0.09815
2011-11-18,-0.08579
2011-11-25,-0.07309
2011-12-02,-0.07147
2011-12-09,-0.07764
2011-12-16,-0.09141
2011-12-23,-0.11573
2011-12-30,-0.14972
2012-01-06,-0.19093
2012-01-13,-0.23703
2012-01-20,-0.28288
2012-01-27,-0.32437
2012-02-03,-0.35691
2012-02-10,-0.38073
2012-02-17,-0.39639
2012-02-24,-0.40844
2012-03-02,-0.41936
2012-03-09,-0.42753
2012-03-16,-0.43497
2012-03-23,-0.43858
2012-03-30,-0.43649
2012-04-06,-0.42889
2012-04-13,-0.41614
2012-04-20,-0.40049
2012-04-27,-0.3795
2012-05-04,-0.35352
2012-05-11,-0.32214
2012-05-18,-0.289
2012-05-25,-0.2625
2012-06-01,-0.24363
2012-06-08,-0.23637
2012-06-15,-0.24183
2012-06-22,-0.25717
2012-06-29,-0.2765
2012-07-06,-0.29952
2012-07-13,-0.3232
2012-07-20,-0.34701
2012-07-27,-0.36836
2012-08-03,-0.38974
2012-08-10,-0.40889
2012-08-17,-0.42706
2012-08-24,-0.4451
2012-08-31,-0.46244
2012-09-07,-0.48083
2012-09-14,-0.49998
2012-09-21,-0.51613
2012-09-28,-0.5292
2012-10-05,-0.54018
2012-10-12,-0.54713
2012-10-19,-0.55126
2012-10-26,-0.55111
2012-11-02,-0.54987
2012-11-09,-0.54807
2012-11-16,-0.54759
2012-11-23,-0.5513
2012-11-30,-0.55695
2012-12-07,-0.56543
2012-12-14,-0.57681
2012-12-21,-0.58919
2012-12-28,-0.60124
2013-01-04,-0.61572
2013-01-11,-0.62836
2013-01-18,-0.63786
2013-01-25,-0.6446
2013-02-01,-0.64814
2013-02-08,-0.64945
2013-02-15,-0.65084
2013-02-22,-0.65185
2013-03-01,-0.65231
2013-03-08,-0.65458
2013-03-15,-0.65744
2013-03-22,-0.66045
2013-03-29,-0.66511
2013-04-05,-0.67226
2013-04-12,-0.68263
2013-04-19,-0.69329
2013-04-26,-0.70539
2013-05-03,-0.71508
2013-05-10,-0.71997
2013-05-17,-0.71769
2013-05-24,-0.70819
2013-05-31,-0.69214
2013-06-07,-0.67278
2013-06-14,-0.65403
2013-06-21,-0.63859
2013-06-28,-0.63125
2013-07-05,-0.63144
2013-07-12,-0.63872
2013-07-19,-0.65068
2013-07-26,-0.66225
2013-08-02,-0.67041
2013-08-09,-0.67437
2013-08-16,-0.67372
2013-08-23,-0.66994
2013-08-30,-0.66615
2013-09-06,-0.66451
2013-09-13,-0.66641
2013-09-20,-0.67114
2013-09-27,-0.67847
2013-10-04,-0.68803
2013-10-11,-0.70018
2013-10-18,-0.71402
2013-10-25,-0.72776
2013-11-01,-0.73964
2013-11-08,-0.75023
2013-11-15,-0.75909
2013-11-22,-0.76578
2013-11-29,-0.77104
2013-12-06,-0.77474
2013-12-13,-0.77771
2013-12-20,-0.7795
2013-12-27,-0.7803
2014-01-03,-0.77795
2014-01-10,-0.77522
2014-01-17,-0.77114
2014-01-24,-0.76699
2014-01-31,-0.76446
2014-02-07,-0.76512
2014-02-14,-0.76893
2014-02-21,-0.77326
2014-02-28,-0.77746
2014-03-07,-0.78043
2014-03-14,-0.78088
2014-03-21,-0.77997
2014-03-28,-0.77718
2014-04-04,-0.77526
2014-04-11,-0.7727
2014-04-18,-0.77084
2014-04-25,-0.77022
2014-05-02,-0.77152
2014-05-09,-0.77444
2014-05-16,-0.77864
2014-05-23,-0.78482
2014-05-30,-0.7906
2014-06-06,-0.79397
2014-06-13,-0.79419
2014-06-20,-0.79087
2014-06-27,-0.78396
2014-07-04,-0.77407
2014-07-11,-0.76266
2014-07-18,-0.75065
2014-07-25,-0.74013
2014-08-01,-0.73166
2014-08-08,-0.7267
2014-08-15,-0.72614
2014-08-22,-0.72584
2014-08-29,-0.72341
2014-09-05,-0.71758
2014-09-12,-0.70693
2014-09-19,-0.69188
2014-09-26,-0.6746
2014-10-03,-0.65838
2014-10-10,-0.64659
2014-10-17,-0.63865
2014-10-24,-0.6399
2014-10-31,-0.64504
2014-11-07,-0.65218
2014-11-14,-0.65718
2014-11-21,-0.65655
2014-11-28,-0.65006
2014-12-05,-0.63706
2014-12-12,-0.61715
2014-12-19,-0.59417
2014-12-26,-0.57223
2015-01-02,-0.54978
2015-01-09,-0.53147
2015-01-16,-0.51688
2015-01-23,-0.50848
2015-01-30,-0.50506
2015-02-06,-0.50649
2015-02-13,-0.51112
2015-02-20,-0.51788
2015-02-27,-0.52499
2015-03-06,-0.53003
2015-03-13,-0.53378
2015-03-20,-0.537
2015-03-27,-0.53878
2015-04-03,-0.54037
2015-04-10,-0.54236
2015-04-17,-0.54366
2015-04-24,-0.54559
2015-05-01,-0.54647
2015-05-08,-0.54636
2015-05-15,-0.54675
2015-05-22,-0.54733
2015-05-29,-0.54714
2015-06-05,-0.54648
2015-06-12,-0.54538
2015-06-19,-0.54271
2015-06-26,-0.54002
2015-07-03,-0.53491
2015-07-10,-0.52993
2015-07-17,-0.52449
2015-07-24,-0.5148
2015-07-31,-0.50016
2015-08-07,-0.48134
2015-08-14,-0.45992
2015-08-21,-0.4375
2015-08-28,-0.41726
2015-09-04,-0.40423
2015-09-11,-0.39845
2015-09-18,-0.39858
2015-09-25,-0.40433
2015-10-02,-0.41409
2015-10-09,-0.42981
2015-10-16,-0.44433
2015-10-23,-0.45731
2015-10-30,-0.46658
2015-11-06,-0.47019
2015-11-13,-0.46672
2015-11-20,-0.45743
2015-11-27,-0.44361
2015-12-04,-0.4251
2015-12-11,-0.40304
2015-12-18,-0.38149
2015-12-25,-0.36141
2016-01-01,-0.34375
2016-01-08,-0.32822
2016-01-15,-0.31468
2016-01-22,-0.30452
2016-01-29,-0.2979
2016-02-05,-0.29429
2016-02-12,-0.29444
2016-02-19,-0.30296
2016-02-26,-0.31575
2016-03-04,-0.33129
2016-03-11,-0.34677
2016-03-18,-0.36074
2016-03-25,-0.37023
2016-04-01,-0.37704
2016-04-08,-0.38068
2016-04-15,-0.3834
2016-04-22,-0.38514
2016-04-29,-0.38505
2016-05-06,-0.38349
2016-05-13,-0.38156
2016-05-20,-0.37847
2016-05-27,-0.37387
2016-06-03,-0.36762
2016-06-10,-0.36064
2016-06-17,-0.35282
2016-06-24,-0.34768
2016-07-01,-0.34454
2016-07-08,-0.34563
2016-07-15,-0.34972
2016-07-22,-0.35397
2016-07-29,-0.35828
2016-08-05,-0.36055
2016-08-12,-0.3608
2016-08-19,-0.35847
2016-08-26,-0.35337
2016-09-02,-0.34634
2016-09-09,-0.34045
2016-09-16,-0.33607
2016-09-23,-0.33485
2016-09-30,-0.33801
2016-10-07,-0.34517
2016-10-14,-0.35432
2016-10-21,-0.3656
2016-10-28,-0.37867
2016-11-04,-0.39084
2016-11-11,-0.40488
2016-11-18,-0.41774
2016-11-25,-0.42903
2016-12-02,-0.4389
2016-12-09,-0.44769
2016-12-16,-0.45456
2016-12-23,-0.46034
2016-12-30,-0.4667
2017-01-06,-0.47238
2017-01-13,-0.47814
2017-01-20,-0.48294
2017-01-27,-0.4866
2017-02-03,-0.48894
2017-02-10,-0.49019
2017-02-17,-0.48958
2017-02-24,-0.48742
2017-03-03,-0.48547
2017-03-10,-0.48289
2017-03-17,-0.48054
2017-03-24,-0.47904
2017-03-31,-0.48039
2017-04-07,-0.48373
2017-04-14,-0.48946
2017-04-21,-0.49723
2017-04-28,-0.50738
2017-05-05,-0.51755
2017-05-12,-0.52756
2017-05-19,-0.53643
2017-05-26,-0.54549
2017-06-02,-0.55269
2017-06-09,-0.55849
2017-06-16,-0.56292
2017-06-23,-0.56599
2017-06-30,-0.56927
2017-07-07,-0.57237
2017-07-14,-0.5756
2017-07-21,-0.57778
2017-07-28,-0.5774
2017-08-04,-0.57432
2017-08-11,-0.56907
2017-08-18,-0.56367
2017-08-25,-0.55964
2017-09-01,-0.55748
2017-09-08,-0.55715
2017-09-15,-0.56
2017-09-22,-0.56438
2017-09-29,-0.56986
2017-10-06,-0.57671
2017-10-13,-0.58378
2017-10-20,-0.59062
2017-10-27,-0.59601
2017-11-03,-0.60021
2017-11-10,-0.60238
2017-11-17,-0.6035
2017-11-24,-0.60442
2017-12-01,-0.6055
2017-12-08,-0.60678
2017-12-15,-0.60947
2017-12-22,-0.61326
2017-12-29,-0.61689
2018-01-05,-0.62051
2018-01-12,-0.62053
2018-01-19,-0.61614
2018-01-26,-0.60729
2018-02-02,-0.59364
2018-02-09,-0.57605
2018-02-16,-0.56035
2018-02-23,-0.54544
2018-03-02,-0.53103
2018-03-09,-0.51784
2018-03-16,-0.50731
2018-03-23,-0.49982
2018-03-30,-0.49822
2018-04-06,-0.50188
2018-04-13,-0.51197
2018-04-20,-0.52624
2018-04-27,-0.53976
2018-05-04,-0.55175
2018-05-11,-0.56091
2018-05-18,-0.56576
2018-05-25,-0.5654
2018-06-01,-0.56055
2018-06-08,-0.55477
2018-06-15,-0.54795
2018-06-22,-0.54214
2018-06-29,-0.53898
2018-07-06,-0.54018
2018-07-13,-0.5456
2018-07-20,-0.5536
2018-07-27,-0.56275
2018-08-03,-0.57194
2018-08-10,-0.58104
2018-08-17,-0.58807
2018-08-24,-0.59388
2018-08-31,-0.59791
2018-09-07,-0.60007
2018-09-14,-0.60037
2018-09-21,-0.59772
2018-09-28,-0.59331
2018-10-05,-0.58654
2018-10-12,-0.57655
2018-10-19,-0.56534
2018-10-26,-0.55192
2018-11-02,-0.53682
2018-11-09,-0.52094
2018-11-16,-0.50174
2018-11-23,-0.4807
2018-11-30,-0.46063
2018-12-07,-0.44168
2018-12-14,-0.4284
2018-12-21,-0.42245
2018-12-28,-0.42584
2019-01-04,-0.43876
2019-01-11,-0.45861
2019-01-18,-0.48206
2019-01-25,-0.50638
2019-02-01,-0.53024
2019-02-08,-0.5508
2019-02-15,-0.56815
2019-02-22,-0.58155
2019-03-01,-0.5906
2019-03-08,-0.59593
2019-03-15,-0.59985
2019-03-22,-0.60375
2019-03-29,-0.60646
2019-04-05,-0.61048
2019-04-12,-0.61371
2019-04-19,-0.61568
2019-04-26,-0.61473
2019-05-03,-0.61138
2019-05-10,-0.60465
2019-05-17,-0.59653
2019-05-24,-0.58853
2019-05-31,-0.58064
2019-06-07,-0.5753
2019-06-14,-0.57314
2019-06-21,-0.57297
2019-06-28,-0.57523
2019-07-05,-0.57916
2019-07-12,-0.58109
2019-07-19,-0.58092
2019-07-26,-0.5776
2019-08-02,-0.56987
2019-08-09,-0.55902
2019-08-16,-0.54742
2019-08-23,-0.53712
2019-08-30,-0.52763
2019-09-06,-0.52069
2019-09-13,-0.51526
2019-09-20,-0.51132
2019-09-27,-0.51144
2019-10-04,-0.51518
2019-10-11,-0.52367
2019-10-18,-0.53607
2019-10-25,-0.54986
2019-11-01,-0.56182
2019-11-08,-0.57122
2019-11-15,-0.57612
2019-11-22,-0.57584
2019-11-29,-0.57065
2019-12-06,-0.56154
2019-12-13,-0.55391
2019-12-20,-0.54992
2019-12-27,-0.55467
2020-01-03,-0.56785
2020-01-10,-0.58784
2020-01-17,-0.60923
2020-01-24,-0.6227
2020-01-31,-0.62071
2020-02-07,-0.59517
2020-02-14,-0.53562
2020-02-21,-0.4356
2020-02-28,-0.29661
2020-03-06,-0.13485
2020-03-13,0.03199
2020-03-20,0.17785
2020-03-27,0.27064
2020-04-03,0.30892
2020-04-10,0.29522
2020-04-17,0.23961
2020-04-24,0.16089
2020-05-01,0.06366
2020-05-08,-0.03569
2020-05-15,-0.12588
2020-05-22,-0.20553
2020-05-29,-0.26895
2020-06-05,-0.31553
2020-06-12,-0.34545
2020-06-19,-0.36805
2020-06-26,-0.3862
2020-07-03,-0.40325
2020-07-10,-0.4217
2020-07-17,-0.44044
2020-07-24,-0.45941
2020-07-31,-0.47685
2020-08-07,-0.49053
2020-08-14,-0.50078
2020-08-21,-0.50691
2020-08-28,-0.50894
2020-09-04,-0.50681
2020-09-11,-0.50248
2020-09-18,-0.49865
2020-09-25,-0.493
2020-10-02,-0.48989
2020-10-09,-0.49003
2020-10-16,-0.49255
2020-10-23,-0.49846
2020-10-30,-0.50699
2020-11-06,-0.52055
2020-11-13,-0.53719
2020-11-20,-0.55328
2020-11-27,-0.5678
2020-12-04,-0.58063
2020-12-11,-0.59079
2020-12-18,-0.59817
2020-12-25,-0.60439
2021-01-01,-0.60969
2021-01-08,-0.61422
2021-01-15,-0.61695
2021-01-22,-0.61898
2021-01-29,-0.61938
2021-02-05,-0.62158
2021-02-12,-0.62332
2021-02-19,-0.6252
2021-02-26,-0.62734
2021-03-05,-0.63158
2021-03-12,-0.63666
2021-03-19,-0.64213
2021-03-26,-0.64869
2021-04-02,-0.65555
2021-04-09,-0.66367
2021-04-16,-0.67041
2021-04-23,-0.67661
2021-04-30,-0.68186
2021-05-07,-0.6867
2021-05-14,-0.68879
2021-05-21,-0.69126
2021-05-28,-0.69339
2021-06-04,-0.69431
2021-06-11,-0.69356
2021-06-18,-0.6905
2021-06-25,-0.68648
2021-07-02,-0.68094
2021-07-09,-0.67427
2021-07-16,-0.66755
2021-07-23,-0.66103
2021-07-30,-0.65571
2021-08-06,-0.65107
2021-08-13,-0.64834
2021-08-20,-0.64667
2021-08-27,-0.64735
2021-09-03,-0.64853
2021-09-10,-0.65038
2021-09-17,-0.65253
2021-09-24,-0.65373
2021-10-01,-0.65398
2021-10-08,-0.65218
2021-10-15,-0.64653
2021-10-22,-0.63663
2021-10-29,-0.62217
2021-11-05,-0.60449
2021-11-12,-0.58523
2021-11-19,-0.56726
2021-11-26,-0.55136
2021-12-03,-0.54039
2021-12-10,-0.53827
2021-12-17,-0.54091
2021-12-24,-0.5479
2021-12-31,-0.55641
2022-01-07,-0.56226
2022-01-14,-0.56241
2022-01-21,-0.55586
2022-01-28,-0.54187
2022-02-04,-0.52295
2022-02-11,-0.4976
2022-02-18,-0.46808
2022-02-25,-0.43861
2022-03-04,-0.41156
2022-03-11,-0.39057
2022-03-18,-0.37858
2022-03-25,-0.3728
2022-04-01,-0.37046
2022-04-08,-0.368
2022-04-15,-0.36127
2022-04-22,-0.35103
2022-04-29,-0.33611
2022-05-06,-0.31858
2022-05-13,-0.29976
2022-05-20,-0.28072
2022-05-27,-0.25937
2022-06-03,-0.23627
2022-06-10,-0.21183
2022-06-17,-0.18807
2022-06-24,-0.17235
2022-07-01,-0.16617
2022-07-08,-0.16957
2022-07-15,-0.18295
2022-07-22,-0.20191
2022-07-29,-0.21998
2022-08-05,-0.23315
2022-08-12,-0.24057
2022-08-19,-0.23823
2022-08-26,-0.2258
2022-09-02,-0.20503
2022-09-09,-0.17936
2022-09-16,-0.15174
2022-09-23,-0.1266
2022-09-30,-0.10778
2022-10-07,-0.1005
2022-10-14,-0.10218
2022-10-21,-0.11245
2022-10-28,-0.12745
2022-11-04,-0.14513
2022-11-11,-0.16204
2022-11-18,-0.17483
2022-11-25,-0.18271
2022-12-02,-0.18752
2022-12-09,-0.19073
2022-12-16,-0.19728
2022-12-23,-0.20744
2022-12-30,-0.22479
2023-01-06,-0.24744
2023-01-13,-0.27185
2023-01-20,-0.29272
2023-01-27,-0.30933
2023-02-03,-0.31655
2023-02-10,-0.31265
2023-02-17,-0.29807
2023-02-24,-0.2727
2023-03-03,-0.24177
2023-03-10,-0.20925
2023-03-17,-0.17777
2023-03-24,-0.15904
2023-03-31,-0.15505
2023-04-07,-0.15821
2023-04-14,-0.16935
2023-04-21,-0.18278
2023-04-28,-0.19357
2023-05-05,-0.202
2023-05-12,-0.20871
2023-05-19,-0.21286
2023-05-26,-0.21492
2023-06-02,-0.21673
2023-06-09,-0.21781
2023-06-16,-0.21982
2023-06-23,-0.22383
2023-06-30,-0.22992
2023-07-07,-0.23866
2023-07-14,-0.25153
2023-07-21,-0.26649
2023-07-28,-0.28248
2023-08-04,-0.29992
2023-08-11,-0.31577
2023-08-18,-0.32823
2023-08-25,-0.33697
2023-09-01,-0.34243
2023-09-08,-0.3421
2023-09-15,-0.3373
2023-09-22,-0.32833
2023-09-29,-0.3161
2023-10-06,-0.30491
2023-10-13,-0.29539
2023-10-20,-0.28949
2023-10-27,-0.28855
2023-11-03,-0.29329
2023-11-10,-0.30181
2023-11-17,-0.31231
2023-11-24,-0.32346
2023-12-01,-0.33384
2023-12-08,-0.34266
2023-12-15,-0.35158
2023-12-22,-0.36067
2023-12-29,-0.36902
2024-01-05,-0.37755
2024-01-12,-0.38557
2024-01-19,-0.39268
2024-01-26,-0.39888
2024-02-02,-0.40572
2024-02-09,-0.41251
2024-02-16,-0.42036
2024-02-23,-0.42845
2024-03-01,-0.43478
2024-03-08,-0.43844
2024-03-15,-0.43985
2024-03-22,-0.43796
2024-03-29,-0.43342
2024-04-05,-0.42795
2024-04-12,-0.42205
2024-04-19,-0.41692
2024-04-26,-0.41474
2024-05-03,-0.41458
2024-05-10,-0.41528
2024-05-17,-0.4156
2024-05-24,-0.41494
2024-05-31,-0.41142
2024-06-07,-0.40571
2024-06-14,-0.39852
2024-06-21,-0.39079
2024-06-28,-0.38414
2024-07-05,-0.37883
2024-07-12,-0.37339
2024-07-19,-0.3685
2024-07-26,-0.36484
2024-08-02,-0.36299
2024-08-09,-0.36417
2024-08-16,-0.37245
2024-08-23,-0.38275
2024-08-30,-0.39428
2024-09-06,-0.40554
2024-09-13,-0.41544
2024-09-20,-0.42347
2024-09-27,-0.42978
2024-10-04,-0.43405
2024-10-11,-0.43732
2024-10-18,-0.4418
2024-10-25,-0.4464
2024-11-01,-0.45247
2024-11-08,-0.46044
2024-11-15,-0.46786
2024-11-22,-0.47292
2024-11-29,-0.47634
2024-12-06,-0.47866
2024-12-13,-0.48022
2024-12-20,-0.48139
2024-12-27,-0.48542
2025-01-03,-0.49018
2025-01-10,-0.49633
2025-01-17,-0.50166
2025-01-24,-0.50669
2025-01-31,-0.50967
2025-02-07,-0.50871
2025-02-14,-0.50424
2025-02-21,-0.49483
2025-02-28,-0.48147
2025-03-07,-0.46484
2025-03-14,-0.44655
2025-03-21,-0.42866
2025-03-28,-0.4119
2025-04-04,-0.39692
2025-04-11,-0.38618
2025-04-18,-0.38659
2025-04-25,-0.39309
2025-05-02,-0.40638
2025-05-09,-0.42359
2025-05-16,-0.44104
2025-05-23,-0.4557
2025-05-30,-0.4676
2025-06-06,-0.4768
2025-06-13,-0.48431
2025-06-20,-0.49077
2025-06-27,-0.49747
2025-07-04,-0.50443
2025-07-11,-0.51094
2025-07-18,-0.51595
2025-07-25,-0.52017
2025-08-01,-0.523
2025-08-08,-0.52477
2025-08-15,-0.52727
2025-08-22,-0.52838
2025-08-29,-0.52925
2025-09-05,-0.52931
2025-09-12,-0.52941
2025-09-19,-0.52813
2025-09-26,-0.52708
2025-10-03,-0.52568
2025-10-10,-0.52341
2025-10-17,-0.51964
2025-10-24,-0.51632
2025-10-31,-0.51262
2025-11-07,-0.50934
2025-11-14,-0.5076
2025-11-21,-0.50715
2025-11-28,-0.50902
2025-12-05,-0.51239
2025-12-12,-0.51738
2025-12-19,-0.52552
2025-12-26,-0.53609
2026-01-02,-0.54614
2026-01-09,-0.55552
2026-01-16,-0.56093
2026-01-23,-0.56217
2026-01-30,-0.55938
2026-02-06,-0.55317
2026-02-13,-0.54313
2026-02-20,-0.52969
2026-02-27,-0.51349
2026-03-06,-0.49443
2026-03-13,-0.47357
2026-03-20,-0.45389
2026-03-27,-0.43366
