DATE,GBRLOLITONOSTSAM
1960-01-01,102.8513
1960-02-01,102.6137
1960-03-01,102.2333
1960-04-01,101.8194
1960-05-01,101.446
1960-06-01,101.1465
1960-07-01,100.9295
1960-08-01,100.7808
1960-09-01,100.6778
1960-10-01,100.5893
1960-11-01,100.5184
1960-12-01,100.4976
1961-01-01,100.5148
1961-02-01,100.5346
1961-03-01,100.4843
1961-04-01,100.3118
1961-05-01,100.0113
1961-06-01,99.59888
1961-07-01,99.09071
1961-08-01,98.55351
1961-09-01,98.10473
1961-10-01,97.81025
1961-11-01,97.68512
1961-12-01,97.67723
1962-01-01,97.7322
1962-02-01,97.83082
1962-03-01,97.9603
1962-04-01,98.11152
1962-05-01,98.23871
1962-06-01,98.33456
1962-07-01,98.44806
1962-08-01,98.60104
1962-09-01,98.76939
1962-10-01,98.93938
1962-11-01,99.09834
1962-12-01,99.23949
1963-01-01,99.37636
1963-02-01,99.55299
1963-03-01,99.77438
1963-04-01,100.0137
1963-05-01,100.2452
1963-06-01,100.4659
1963-07-01,100.709
1963-08-01,100.9648
1963-09-01,101.2029
1963-10-01,101.3839
1963-11-01,101.4737
1963-12-01,101.4843
1964-01-01,101.433
1964-02-01,101.349
1964-03-01,101.2757
1964-04-01,101.2545
1964-05-01,101.2867
1964-06-01,101.3694
1964-07-01,101.4564
1964-08-01,101.5043
1964-09-01,101.4573
1964-10-01,101.2761
1964-11-01,100.9799
1964-12-01,100.6154
1965-01-01,100.2616
1965-02-01,99.93857
1965-03-01,99.62969
1965-04-01,99.34524
1965-05-01,99.13796
1965-06-01,99.02319
1965-07-01,98.99324
1965-08-01,99.04749
1965-09-01,99.18454
1965-10-01,99.39368
1965-11-01,99.64491
1965-12-01,99.9224
1966-01-01,100.1879
1966-02-01,100.3919
1966-03-01,100.4842
1966-04-01,100.3931
1966-05-01,100.0502
1966-06-01,99.47427
1966-07-01,98.74692
1966-08-01,97.98667
1966-09-01,97.36615
1966-10-01,96.95871
1966-11-01,96.78846
1966-12-01,96.84586
1967-01-01,97.08331
1967-02-01,97.41798
1967-03-01,97.82809
1967-04-01,98.30446
1967-05-01,98.80226
1967-06-01,99.28125
1967-07-01,99.70324
1967-08-01,100.0683
1967-09-01,100.3751
1967-10-01,100.5915
1967-11-01,100.6943
1967-12-01,100.6772
1968-01-01,100.5766
1968-02-01,100.4233
1968-03-01,100.244
1968-04-01,100.106
1968-05-01,100.0954
1968-06-01,100.1912
1968-07-01,100.3869
1968-08-01,100.6251
1968-09-01,100.8162
1968-10-01,100.91
1968-11-01,100.8741
1968-12-01,100.7029
1969-01-01,100.4341
1969-02-01,100.1297
1969-03-01,99.81877
1969-04-01,99.50576
1969-05-01,99.17039
1969-06-01,98.84026
1969-07-01,98.54288
1969-08-01,98.29462
1969-09-01,98.07638
1969-10-01,97.91022
1969-11-01,97.82814
1969-12-01,97.85915
1970-01-01,97.97584
1970-02-01,98.11897
1970-03-01,98.23714
1970-04-01,98.29776
1970-05-01,98.2935
1970-06-01,98.24696
1970-07-01,98.16936
1970-08-01,98.08315
1970-09-01,98.01974
1970-10-01,97.98545
1970-11-01,97.98785
1970-12-01,98.03922
1971-01-01,98.14216
1971-02-01,98.31461
1971-03-01,98.58484
1971-04-01,98.96855
1971-05-01,99.4365
1971-06-01,99.96742
1971-07-01,100.5537
1971-08-01,101.1398
1971-09-01,101.7023
1971-10-01,102.2236
1971-11-01,102.697
1971-12-01,103.125
1972-01-01,103.4853
1972-02-01,103.8123
1972-03-01,104.1382
1972-04-01,104.4211
1972-05-01,104.5731
1972-06-01,104.5594
1972-07-01,104.4391
1972-08-01,104.2854
1972-09-01,104.1434
1972-10-01,104.047
1972-11-01,103.9609
1972-12-01,103.8489
1973-01-01,103.6878
1973-02-01,103.5124
1973-03-01,103.3376
1973-04-01,103.1572
1973-05-01,102.956
1973-06-01,102.7089
1973-07-01,102.3633
1973-08-01,101.8801
1973-09-01,101.2471
1973-10-01,100.5158
1973-11-01,99.7146
1973-12-01,98.90506
1974-01-01,98.19997
1974-02-01,97.69135
1974-03-01,97.32738
1974-04-01,97.05833
1974-05-01,96.85349
1974-06-01,96.65486
1974-07-01,96.4181
1974-08-01,96.17733
1974-09-01,95.9652
1974-10-01,95.78504
1974-11-01,95.68813
1974-12-01,95.72623
1975-01-01,95.92752
1975-02-01,96.25934
1975-03-01,96.66366
1975-04-01,97.09415
1975-05-01,97.52129
1975-06-01,97.90636
1975-07-01,98.22926
1975-08-01,98.51593
1975-09-01,98.81365
1975-10-01,99.09846
1975-11-01,99.42256
1975-12-01,99.77788
1976-01-01,100.1366
1976-02-01,100.4453
1976-03-01,100.6738
1976-04-01,100.7895
1976-05-01,100.7613
1976-06-01,100.6002
1976-07-01,100.3647
1976-08-01,100.0915
1976-09-01,99.83569
1976-10-01,99.67056
1976-11-01,99.61215
1976-12-01,99.63728
1977-01-01,99.75142
1977-02-01,99.96278
1977-03-01,100.2268
1977-04-01,100.538
1977-05-01,100.8737
1977-06-01,101.2059
1977-07-01,101.5326
1977-08-01,101.7983
1977-09-01,102.0026
1977-10-01,102.1229
1977-11-01,102.1484
1977-12-01,102.1155
1978-01-01,102.0561
1978-02-01,101.9815
1978-03-01,101.9217
1978-04-01,101.8904
1978-05-01,101.9028
1978-06-01,101.9702
1978-07-01,102.0412
1978-08-01,102.0768
1978-09-01,102.0481
1978-10-01,101.938
1978-11-01,101.8111
1978-12-01,101.743
1979-01-01,101.7574
1979-02-01,101.8475
1979-03-01,101.9677
1979-04-01,102.0006
1979-05-01,101.8413
1979-06-01,101.4822
1979-07-01,101.0436
1979-08-01,100.6407
1979-09-01,100.3242
1979-10-01,100.0673
1979-11-01,99.81839
1979-12-01,99.5695
1980-01-01,99.31702
1980-02-01,99.05503
1980-03-01,98.7655
1980-04-01,98.45002
1980-05-01,98.17825
1980-06-01,97.95639
1980-07-01,97.78278
1980-08-01,97.67606
1980-09-01,97.67272
1980-10-01,97.75668
1980-11-01,97.93341
1980-12-01,98.1882
1981-01-01,98.5059
1981-02-01,98.84167
1981-03-01,99.16036
1981-04-01,99.40022
1981-05-01,99.51221
1981-06-01,99.49887
1981-07-01,99.41207
1981-08-01,99.28396
1981-09-01,99.16792
1981-10-01,99.07317
1981-11-01,99.0003
1981-12-01,98.94415
1982-01-01,98.93233
1982-02-01,98.98445
1982-03-01,99.05969
1982-04-01,99.11794
1982-05-01,99.17165
1982-06-01,99.25475
1982-07-01,99.38722
1982-08-01,99.55467
1982-09-01,99.74779
1982-10-01,99.95947
1982-11-01,100.1363
1982-12-01,100.2875
1983-01-01,100.4373
1983-02-01,100.5851
1983-03-01,100.7481
1983-04-01,100.9155
1983-05-01,101.0681
1983-06-01,101.2035
1983-07-01,101.2981
1983-08-01,101.3336
1983-09-01,101.3169
1983-10-01,101.3057
1983-11-01,101.2937
1983-12-01,101.2834
1984-01-01,101.2683
1984-02-01,101.2339
1984-03-01,101.1573
1984-04-01,101.0426
1984-05-01,100.8767
1984-06-01,100.6862
1984-07-01,100.5106
1984-08-01,100.3944
1984-09-01,100.321
1984-10-01,100.2628
1984-11-01,100.2287
1984-12-01,100.2023
1985-01-01,100.1744
1985-02-01,100.0876
1985-03-01,99.99852
1985-04-01,99.91053
1985-05-01,99.8325
1985-06-01,99.77969
1985-07-01,99.75505
1985-08-01,99.7632
1985-09-01,99.78316
1985-10-01,99.80859
1985-11-01,99.82452
1985-12-01,99.82443
1986-01-01,99.80891
1986-02-01,99.80642
1986-03-01,99.83099
1986-04-01,99.87672
1986-05-01,99.91026
1986-06-01,99.93867
1986-07-01,99.95979
1986-08-01,99.98506
1986-09-01,100.0291
1986-10-01,100.1228
1986-11-01,100.2821
1986-12-01,100.5111
1987-01-01,100.8194
1987-02-01,101.0855
1987-03-01,101.361
1987-04-01,101.6283
1987-05-01,101.8508
1987-06-01,101.9823
1987-07-01,101.9969
1987-08-01,101.9093
1987-09-01,101.7478
1987-10-01,101.5322
1987-11-01,101.3046
1987-12-01,101.0987
1988-01-01,100.9387
1988-02-01,100.8333
1988-03-01,100.7858
1988-04-01,100.7898
1988-05-01,100.8133
1988-06-01,100.813
1988-07-01,100.7773
1988-08-01,100.7058
1988-09-01,100.602
1988-10-01,100.4893
1988-11-01,100.4022
1988-12-01,100.3471
1989-01-01,100.3298
1989-02-01,100.3373
1989-03-01,100.3514
1989-04-01,100.3773
1989-05-01,100.3851
1989-06-01,100.3539
1989-07-01,100.2902
1989-08-01,100.193
1989-09-01,100.0625
1989-10-01,99.9249
1989-11-01,99.81487
1989-12-01,99.73405
1990-01-01,99.66586
1990-02-01,99.61039
1990-03-01,99.59138
1990-04-01,99.61693
1990-05-01,99.6499
1990-06-01,99.65178
1990-07-01,99.60587
1990-08-01,99.51361
1990-09-01,99.38651
1990-10-01,99.2438
1990-11-01,99.10583
1990-12-01,99.01618
1991-01-01,99.00942
1991-02-01,99.10216
1991-03-01,99.27705
1991-04-01,99.47219
1991-05-01,99.66408
1991-06-01,99.84924
1991-07-01,100.0258
1991-08-01,100.1821
1991-09-01,100.2836
1991-10-01,100.3158
1991-11-01,100.2971
1991-12-01,100.2587
1992-01-01,100.2393
1992-02-01,100.2522
1992-03-01,100.2794
1992-04-01,100.2799
1992-05-01,100.1937
1992-06-01,100.0111
1992-07-01,99.779
1992-08-01,99.57301
1992-09-01,99.44841
1992-10-01,99.42623
1992-11-01,99.4894
1992-12-01,99.60883
1993-01-01,99.74252
1993-02-01,99.88303
1993-03-01,100.0231
1993-04-01,100.1585
1993-05-01,100.2814
1993-06-01,100.3844
1993-07-01,100.4857
1993-08-01,100.5841
1993-09-01,100.6535
1993-10-01,100.6865
1993-11-01,100.6832
1993-12-01,100.6498
1994-01-01,100.5905
1994-02-01,100.4898
1994-03-01,100.3659
1994-04-01,100.2555
1994-05-01,100.1814
1994-06-01,100.1389
1994-07-01,100.1134
1994-08-01,100.0979
1994-09-01,100.0715
1994-10-01,100.0302
1994-11-01,99.97801
1994-12-01,99.91604
1995-01-01,99.85731
1995-02-01,99.81714
1995-03-01,99.79748
1995-04-01,99.80365
1995-05-01,99.83332
1995-06-01,99.87692
1995-07-01,99.91326
1995-08-01,99.93648
1995-09-01,99.94349
1995-10-01,99.93654
1995-11-01,99.92238
1995-12-01,99.91364
1996-01-01,99.9141
1996-02-01,99.92893
1996-03-01,99.94637
1996-04-01,99.95685
1996-05-01,99.94852
1996-06-01,99.93673
1996-07-01,99.93541
1996-08-01,99.95099
1996-09-01,99.97794
1996-10-01,100.0102
1996-11-01,100.0389
1996-12-01,100.0735
1997-01-01,100.125
1997-02-01,100.1945
1997-03-01,100.2703
1997-04-01,100.3466
1997-05-01,100.4137
1997-06-01,100.468
1997-07-01,100.5142
1997-08-01,100.5617
1997-09-01,100.5989
1997-10-01,100.6145
1997-11-01,100.6081
1997-12-01,100.5949
1998-01-01,100.578
1998-02-01,100.5568
1998-03-01,100.5104
1998-04-01,100.4149
1998-05-01,100.2604
1998-06-01,100.0505
1998-07-01,99.81372
1998-08-01,99.60124
1998-09-01,99.46354
1998-10-01,99.42633
1998-11-01,99.50965
1998-12-01,99.69316
1999-01-01,99.95351
1999-02-01,100.2677
1999-03-01,100.5863
1999-04-01,100.8595
1999-05-01,101.0699
1999-06-01,101.2117
1999-07-01,101.2694
1999-08-01,101.2314
1999-09-01,101.1173
1999-10-01,100.9569
1999-11-01,100.7999
1999-12-01,100.6705
2000-01-01,100.5696
2000-02-01,100.4946
2000-03-01,100.4437
2000-04-01,100.3963
2000-05-01,100.3567
2000-06-01,100.3204
2000-07-01,100.2936
2000-08-01,100.2853
2000-09-01,100.3006
2000-10-01,100.3447
2000-11-01,100.3989
2000-12-01,100.4371
2001-01-01,100.4429
2001-02-01,100.422
2001-03-01,100.3824
2001-04-01,100.3357
2001-05-01,100.2872
2001-06-01,100.2268
2001-07-01,100.1499
2001-08-01,100.0733
2001-09-01,100.008
2001-10-01,99.96479
2001-11-01,99.95934
2001-12-01,99.98655
2002-01-01,100.0445
2002-02-01,100.1215
2002-03-01,100.2056
2002-04-01,100.2697
2002-05-01,100.2795
2002-06-01,100.2407
2002-07-01,100.1791
2002-08-01,100.1016
2002-09-01,100.0034
2002-10-01,99.87401
2002-11-01,99.71006
2002-12-01,99.52113
2003-01-01,99.34023
2003-02-01,99.21724
2003-03-01,99.17455
2003-04-01,99.20697
2003-05-01,99.28433
2003-06-01,99.38634
2003-07-01,99.49257
2003-08-01,99.59716
2003-09-01,99.70233
2003-10-01,99.80669
2003-11-01,99.91098
2003-12-01,100.0119
2004-01-01,100.0886
2004-02-01,100.1292
2004-03-01,100.1328
2004-04-01,100.1066
2004-05-01,100.0672
2004-06-01,100.0304
2004-07-01,100.0097
2004-08-01,100.0185
2004-09-01,100.0568
2004-10-01,100.1152
2004-11-01,100.1714
2004-12-01,100.2088
2005-01-01,100.2227
2005-02-01,100.2119
2005-03-01,100.1831
2005-04-01,100.1427
2005-05-01,100.0995
2005-06-01,100.0697
2005-07-01,100.0586
2005-08-01,100.0608
2005-09-01,100.0773
2005-10-01,100.1146
2005-11-01,100.1829
2005-12-01,100.2728
2006-01-01,100.363
2006-02-01,100.4636
2006-03-01,100.5617
2006-04-01,100.6531
2006-05-01,100.7319
2006-06-01,100.8029
2006-07-01,100.8808
2006-08-01,100.9849
2006-09-01,101.1331
2006-10-01,101.3022
2006-11-01,101.4739
2006-12-01,101.6396
2007-01-01,101.7893
2007-02-01,101.9252
2007-03-01,102.0351
2007-04-01,102.108
2007-05-01,102.1304
2007-06-01,102.09
2007-07-01,101.9925
2007-08-01,101.8643
2007-09-01,101.7278
2007-10-01,101.5732
2007-11-01,101.3846
2007-12-01,101.1654
2008-01-01,100.9076
2008-02-01,100.603
2008-03-01,100.2427
2008-04-01,99.80634
2008-05-01,99.28914
2008-06-01,98.70695
2008-07-01,98.10193
2008-08-01,97.52624
2008-09-01,97.00208
2008-10-01,96.55705
2008-11-01,96.23405
2008-12-01,96.05741
2009-01-01,96.022
2009-02-01,96.15049
2009-03-01,96.44803
2009-04-01,96.90628
2009-05-01,97.48318
2009-06-01,98.13945
2009-07-01,98.82977
2009-08-01,99.49525
2009-09-01,100.086
2009-10-01,100.557
2009-11-01,100.8828
2009-12-01,101.0785
2010-01-01,101.1694
2010-02-01,101.1847
2010-03-01,101.1439
2010-04-01,101.056
2010-05-01,100.9307
2010-06-01,100.7947
2010-07-01,100.6682
2010-08-01,100.5768
2010-09-01,100.5231
2010-10-01,100.4989
2010-11-01,100.4955
2010-12-01,100.5007
2011-01-01,100.4998
2011-02-01,100.4828
2011-03-01,100.4297
2011-04-01,100.334
2011-05-01,100.1901
2011-06-01,99.98487
2011-07-01,99.73656
2011-08-01,99.47641
2011-09-01,99.23353
2011-10-01,99.0302
2011-11-01,98.88243
2011-12-01,98.79603
2012-01-01,98.76653
2012-02-01,98.77219
2012-03-01,98.79276
2012-04-01,98.8221
2012-05-01,98.86868
2012-06-01,98.95119
2012-07-01,99.07367
2012-08-01,99.21738
2012-09-01,99.36705
2012-10-01,99.50816
2012-11-01,99.63272
2012-12-01,99.74817
2013-01-01,99.87672
2013-02-01,100.0218
2013-03-01,100.1862
2013-04-01,100.3628
2013-05-01,100.5406
2013-06-01,100.7148
2013-07-01,100.8863
2013-08-01,101.0351
2013-09-01,101.1514
2013-10-01,101.2325
2013-11-01,101.2981
2013-12-01,101.3609
2014-01-01,101.4225
2014-02-01,101.4764
2014-03-01,101.52
2014-04-01,101.5356
2014-05-01,101.513
2014-06-01,101.4519
2014-07-01,101.3636
2014-08-01,101.2627
2014-09-01,101.1553
2014-10-01,101.0543
2014-11-01,100.9645
2014-12-01,100.8977
2015-01-01,100.8597
2015-02-01,100.8502
2015-03-01,100.8528
2015-04-01,100.8473
2015-05-01,100.8222
2015-06-01,100.7762
2015-07-01,100.6987
2015-08-01,100.597
2015-09-01,100.4808
2015-10-01,100.3651
2015-11-01,100.2542
2015-12-01,100.1514
2016-01-01,100.0515
2016-02-01,99.96967
2016-03-01,99.91499
2016-04-01,99.8823
2016-05-01,99.87483
2016-06-01,99.89746
2016-07-01,99.95884
2016-08-01,100.0726
2016-09-01,100.2141
2016-10-01,100.3403
2016-11-01,100.4401
2016-12-01,100.5132
2017-01-01,100.5554
2017-02-01,100.5799
2017-03-01,100.5954
2017-04-01,100.613
2017-05-01,100.6434
2017-06-01,100.6633
2017-07-01,100.6618
2017-08-01,100.6343
2017-09-01,100.5832
2017-10-01,100.4979
2017-11-01,100.3924
2017-12-01,100.2865
2018-01-01,100.1869
2018-02-01,100.0985
2018-03-01,100.0225
2018-04-01,99.95502
2018-05-01,99.88011
2018-06-01,99.76438
2018-07-01,99.59769
2018-08-01,99.38331
2018-09-01,99.13474
2018-10-01,98.8912
2018-11-01,98.67236
2018-12-01,98.49923
2019-01-01,98.38953
2019-02-01,98.34558
2019-03-01,98.34408
2019-04-01,98.36049
2019-05-01,98.37756
2019-06-01,98.37893
2019-07-01,98.36328
2019-08-01,98.33452
2019-09-01,98.31938
2019-10-01,98.35268
2019-11-01,98.46135
2019-12-01,98.64525
2020-01-01,98.89833
2020-02-01,99.21342
2020-03-01,97.18377
2020-04-01,91.63659
2020-05-01,92.9748
2020-06-01,96.6047
2020-07-01,99.47272
2020-08-01,99.36861
2020-09-01,99.00489
2020-10-01,98.70792
2020-11-01,98.71281
2020-12-01,99.29082
2021-01-01,99.15972
2021-02-01,99.64196
2021-03-01,100.3349
2021-04-01,100.7881
2021-05-01,101.1197
2021-06-01,101.354
2021-07-01,101.4617
2021-08-01,101.4512
2021-09-01,101.3516
2021-10-01,101.1965
2021-11-01,100.9777
2021-12-01,100.6566
2022-01-01,100.2081
2022-02-01,99.65442
2022-03-01,99.07212
2022-04-01,98.54584
2022-05-01,98.1136
2022-06-01,97.7822
2022-07-01,97.54897
2022-08-01,97.40058
2022-09-01,97.34495
2022-10-01,97.41483
2022-11-01,97.59905
2022-12-01,97.86848
2023-01-01,98.19873
2023-02-01,98.56113
2023-03-01,98.91442
2023-04-01,99.25732
2023-05-01,99.57463
2023-06-01,99.85947
2023-07-01,100.1097
2023-08-01,100.3408
2023-09-01,100.5465
2023-10-01,100.7136
2023-11-01,100.8481
2023-12-01,100.9663
2024-01-01,101.0622
