Date,1,2,3,4,5,6,7,8,9,10,11,12
1926-07-01,1.44,13.9,3.67,-1.14,8.02,3.15,0.83,7.04,0.12,1.85,-0.02,2.23
1926-08-01,3.99,3.7,2.41,3.43,5.1,1.98,2.17,-1.7,-0.72,4.17,4.26,4.35
1926-09-01,1.15,4.98,-0.07,-3.3,5.38,-0.35,2.42,2.05,0.21,0.69,-1.63,0.39
1926-10-01,-1.24,-8.39,-3.18,-0.78,-4.55,-5.38,-0.11,-3.27,-2.29,-0.57,-5.52,-2.75
1926-11-01,5.21,-0.17,4.03,0.01,5.09,4.79,1.63,4.4,6.45,5.43,2.54,2.11
1926-12-01,0.8,9.9,3.53,2.82,5.28,-1.8,1.99,-0.18,0.62,0.09,2.16,3.51
1927-01-01,-0.65,-0.92,-0.36,1.28,0.3,-0.77,1.88,-1.79,-2.54,5.07,-2.05,1.63
1927-02-01,3.36,8.96,4.61,1.47,9.56,4.6,3.97,4.54,3.62,1.71,2.71,5.15
1927-03-01,2.77,1.62,0.35,-6.04,6.03,0.57,5.62,0.37,-0.46,1.01,0.9,1.18
1927-04-01,3.51,3.14,0.17,-5.17,2.78,6.2,-2.07,1.71,4.48,2.74,2.46,0.8
1927-05-01,8.3,5.95,5.41,4.78,4.15,7.71,3.35,9.23,2.34,4.13,10.03,6.43
1927-06-01,-1.97,-3.02,-2.63,-3.15,-1.75,2.9,-2.16,-3.58,-0.61,0.54,-0.07,-2.24
1927-07-01,4.84,13.1,10.11,2.86,17.12,13.57,3.73,5.5,9.86,9.84,6.49,6.07
1927-08-01,2.73,7.02,3.21,-0.04,2.11,6.5,0.43,3.26,7.35,0.27,1.83,-1.16
1927-09-01,5.27,5.66,3.89,3.31,5.78,0.86,6.55,8.29,7.5,5.66,5.94,4.51
1927-10-01,-0.64,-4.41,-6.68,-2.07,-6.93,-7.16,-2.09,-4.35,-4.94,5.14,4.01,-4.27
1927-11-01,6.32,6.41,11.38,4.2,8.95,11.14,2.83,6.33,11.69,3.68,7.94,4.29
1927-12-01,2.5,7.78,3.73,-0.24,-0.04,2.14,1.33,2.24,-0.68,-0.47,11.17,1.37
1928-01-01,0.47,-3.34,-0.59,-1.88,-0.44,-0.44,0.29,5.88,-0.88,2.7,1.49,-1.12
1928-02-01,-3.97,1.28,-2.62,-0.18,0.99,-0.84,-0.3,-0.77,-1.12,-3.44,-2.89,-1.95
1928-03-01,4.4,27.5,6.45,5.62,12.69,22.47,1.97,6.65,8.47,9.94,9.57,5.74
1928-04-01,-0.48,1.46,2.03,15.25,0.06,2.31,3.13,10.96,0.02,2.35,9.35,3.96
1928-05-01,0.9,5.65,3.97,-5.35,2.69,1.69,6.57,1.5,3.81,9.3,1.69,-0.14
1928-06-01,-4.4,-4.13,-5.59,-4.08,-2.76,-5.32,-5.21,-3.44,-3.4,-3.12,-10.74,-3.94
1928-07-01,1.68,0.98,2.15,1.05,2.02,-0.03,-1.28,-1.23,5.45,2.4,0.33,-0.42
1928-08-01,6.11,9.1,8.18,2.41,8.92,11.18,4.55,6.48,13.56,14.72,5.16,4.71
1928-09-01,1.17,7.89,3.63,5.34,4.63,1.3,0.14,3.79,0.16,-1.14,2.63,0.93
1928-10-01,0.9,0.07,3.92,2.04,5.11,1.98,2.97,-1.91,5.89,0.05,1.5,-0.72
1928-11-01,6.59,4.53,12.75,17.28,12.89,21.69,6.68,22.01,15.31,5.05,10.18,9.98
1928-12-01,-0.31,-1.22,3.32,-4.36,1.94,8.28,-0.36,1.54,-1.32,-0.46,0.65,0.37
1929-01-01,3.22,1.31,7.08,-7.59,21.79,11.54,13.38,13.3,-3.88,3.41,8.52,5.29
1929-02-01,-2.54,0.0,4.83,-0.17,-0.58,-1.39,-1.15,-1.99,-2.41,0.04,0.92,-0.05
1929-03-01,-4.66,-1.88,-1.29,11.14,-3.57,5.64,4.32,-3.18,-5.13,-1.5,-1.15,-2.31
1929-04-01,1.78,-0.98,1.78,0.74,3.62,1.91,3.39,5.02,3.76,1.48,3.26,0.47
1929-05-01,-3.94,-15.16,-10.46,-5.59,-7.21,0.69,-8.77,4.68,-8.67,-7.89,-5.88,0.29
1929-06-01,5.33,7.01,10.7,1.14,19.59,18.22,13.8,23.48,9.51,4.53,6.33,5.75
1929-07-01,3.22,-2.97,4.12,0.17,4.82,9.42,13.68,9.17,1.04,2.6,8.39,6.27
1929-08-01,4.76,3.03,9.02,11.37,10.92,12.36,10.98,9.01,7.82,3.13,5.42,8.07
1929-09-01,-3.56,-8.37,-7.17,-3.04,-6.27,-8.34,-1.38,0.92,-5.48,-7.04,-5.2,-6.5
1929-10-01,-10.75,-28.99,-17.29,-10.17,-24.98,-29.61,-15.39,-29.72,-24.0,-18.04,-29.33,-9.35
1929-11-01,-8.45,-17.35,-13.43,-6.39,-15.95,-19.7,-9.47,-15.37,-12.33,-7.85,-14.17,-8.85
1929-12-01,0.66,4.92,0.09,-1.17,5.81,11.9,1.06,8.16,-6.05,1.09,0.05,-0.83
1930-01-01,5.77,5.96,6.44,-0.75,8.55,10.77,1.2,8.51,4.74,2.55,9.74,4.59
1930-02-01,2.19,2.44,2.62,-4.51,2.11,7.24,7.06,8.65,-5.14,2.29,6.17,2.92
1930-03-01,2.13,11.37,5.92,18.07,9.97,8.03,8.88,9.85,-2.45,6.37,8.83,4.22
1930-04-01,0.54,-7.83,-7.64,6.46,-4.95,1.59,-4.52,3.31,2.63,-1.27,-3.92,-6.72
1930-05-01,1.34,4.2,-1.6,-3.73,-2.43,-4.58,0.4,-1.28,-0.17,-1.52,-5.62,-0.36
1930-06-01,-11.06,-22.35,-15.46,-15.51,-17.87,-20.19,-8.32,-19.3,-16.29,-11.93,-21.71,-10.59
1930-07-01,3.13,12.11,4.3,5.19,5.71,4.14,1.27,4.08,2.69,6.52,4.36,3.28
1930-08-01,2.01,-1.89,-1.34,-3.15,3.87,1.74,1.74,1.19,4.99,7.77,1.28,-0.64
1930-09-01,-8.91,-16.81,-14.8,-15.52,-13.19,-19.18,-5.3,-11.94,-10.94,-8.75,-18.33,-9.39
1930-10-01,-4.98,-11.64,-9.26,-8.43,-10.72,-18.07,-4.12,-8.29,-8.63,-4.37,-15.49,-7.45
1930-11-01,0.18,5.33,-0.4,-3.74,-0.36,-3.49,-3.27,-8.76,2.78,-3.11,-8.42,-4.75
1930-12-01,-4.62,-1.27,-9.98,-12.52,-4.74,-10.61,-3.79,-3.68,-13.45,-6.92,-12.52,-8.43
1931-01-01,5.38,8.02,4.71,5.86,1.19,5.2,4.79,5.61,7.2,8.24,18.39,11.19
1931-02-01,6.81,17.42,13.53,5.97,11.69,23.61,5.95,15.31,14.8,7.83,17.31,3.96
1931-03-01,-1.71,-3.82,-7.29,-14.55,-6.31,-7.91,-3.61,-2.86,-3.35,1.79,-8.58,-9.5
1931-04-01,-5.32,-7.88,-14.95,-13.78,-10.73,-14.23,-4.25,-9.04,-4.83,-3.62,-15.77,-9.15
1931-05-01,-11.05,-16.33,-18.71,-12.16,-11.74,-12.38,-8.94,-11.17,-3.24,-10.36,-18.49,-17.24
1931-06-01,10.78,14.65,17.57,17.43,16.85,19.19,10.32,10.93,7.88,9.72,23.77,15.4
1931-07-01,-3.82,-2.11,-12.65,-3.64,-5.26,-10.65,-4.87,-5.41,-1.55,2.61,-8.84,-10.14
1931-08-01,-0.62,-2.9,-0.36,9.48,0.91,3.55,0.82,0.0,3.06,0.39,0.38,-5.0
1931-09-01,-24.97,-34.86,-28.97,-30.53,-31.79,-34.7,-21.7,-29.6,-30.4,-29.59,-40.25,-23.61
1931-10-01,6.95,12.97,5.56,15.03,7.62,11.68,4.34,10.48,14.13,11.27,12.02,0.25
1931-11-01,-4.41,-3.72,-9.59,-8.73,-5.66,-14.52,-6.86,-4.81,-9.62,-2.83,-11.18,-20.82
1931-12-01,-9.76,-8.79,-20.02,-18.96,-6.77,-13.77,-8.0,-13.25,-15.43,-4.1,-21.16,-14.97
1932-01-01,2.03,-6.9,1.81,-4.87,-4.35,-12.73,-4.04,-2.53,0.99,-2.66,3.75,7.99
1932-02-01,5.62,2.02,4.5,8.72,7.34,7.71,11.63,7.08,4.08,2.0,13.61,-3.37
1932-03-01,-6.2,-22.2,-14.64,-1.13,-12.87,-16.06,-10.13,-10.4,-8.65,-6.5,-15.41,-16.43
1932-04-01,-11.53,-29.52,-20.65,-14.26,-27.77,-22.52,-12.39,-15.65,-15.41,-19.77,-18.91,-23.06
1932-05-01,-21.12,-18.79,-21.31,-5.29,-12.91,-30.22,-10.81,-27.29,-29.37,-34.77,-30.44,-30.71
1932-06-01,1.07,-7.81,1.24,5.96,-8.02,7.94,-9.71,1.46,-0.42,10.87,6.11,-3.61
1932-07-01,24.77,44.98,46.7,33.93,30.35,49.48,16.7,29.42,27.15,29.21,52.05,57.0
1932-08-01,22.85,45.44,52.26,19.54,33.16,48.27,28.17,43.55,33.09,36.14,59.47,58.55
1932-09-01,-0.96,8.52,-5.62,-10.4,4.73,-6.1,0.31,-4.65,3.0,-11.93,-6.98,-3.41
1932-10-01,-11.42,-24.76,-15.94,-3.76,-14.7,-20.63,-8.13,-10.83,-12.68,-18.56,-17.17,-18.23
1932-11-01,-7.19,-2.93,-13.97,-4.56,-2.46,-8.85,-1.13,-3.62,-5.6,5.33,-3.39,-7.9
1932-12-01,3.78,4.33,-0.45,0.12,10.74,6.71,3.68,9.15,4.88,6.78,8.86,3.76
1933-01-01,4.63,0.91,4.72,-2.93,1.68,0.58,0.31,-4.4,-2.34,-1.14,1.51,10.66
1933-02-01,-9.06,-24.66,-17.42,-13.34,-17.26,-21.29,-7.77,-19.91,-18.13,-10.96,-20.15,-15.41
1933-03-01,10.33,9.15,13.71,3.79,6.33,8.02,-6.2,-13.05,8.5,-3.21,-6.92,6.43
1933-04-01,34.24,79.79,61.49,39.36,48.65,56.55,13.22,25.69,42.45,37.14,42.82,28.15
1933-05-01,12.68,26.03,25.78,17.48,26.02,19.81,17.37,19.3,17.28,23.66,26.23,32.93
1933-06-01,10.43,20.79,12.91,12.18,10.63,11.39,10.5,15.59,15.92,10.39,18.56,13.57
1933-07-01,-6.62,-7.06,-12.18,-12.05,-9.49,-11.48,-4.36,-13.49,-13.46,-19.11,-12.47,-5.2
1933-08-01,9.87,20.94,14.4,19.08,19.23,13.3,4.53,-1.24,7.12,-0.42,9.23,15.86
1933-09-01,-7.49,-15.41,-11.08,-2.69,-8.25,-18.41,-3.7,-19.76,-8.79,-1.34,-17.07,-16.29
1933-10-01,-9.12,-10.06,-10.01,-4.85,-4.67,-10.11,-7.18,-7.52,-7.84,-6.03,-12.9,-11.1
1933-11-01,5.21,25.48,12.05,14.71,14.43,13.33,5.63,-2.44,14.47,9.45,6.5,5.15
1933-12-01,-3.42,10.45,4.45,-1.21,5.04,0.95,-3.8,1.06,4.49,-11.78,3.51,4.96
1934-01-01,10.06,13.22,14.66,8.72,5.13,16.95,5.97,20.54,17.43,16.79,24.1,17.58
1934-02-01,-5.04,-2.07,-3.35,-3.39,-2.47,-7.4,2.12,-1.75,3.07,-3.6,-1.8,-1.92
1934-03-01,1.17,-0.3,-1.04,-1.33,-1.8,4.21,1.26,-1.81,2.4,-0.64,0.6,0.86
1934-04-01,3.08,-6.85,-2.24,-1.99,-2.77,-3.72,-1.25,-3.76,-1.24,8.0,-1.03,-1.73
1934-05-01,-2.99,-12.82,-11.35,-4.62,-6.76,-8.14,-4.3,-7.79,-7.97,-0.34,-8.34,-7.2
1934-06-01,3.86,-2.75,3.86,1.2,4.84,2.75,1.27,4.32,2.42,2.03,5.07,2.7
1934-07-01,-5.12,-13.84,-14.7,-9.74,-5.19,-13.9,-4.35,-17.26,-8.36,-1.9,-14.87,-18.11
1934-08-01,4.23,10.89,8.0,6.11,6.31,7.37,2.56,2.03,4.71,-3.07,5.66,4.26
1934-09-01,0.25,0.68,-1.91,-2.32,0.32,-0.57,1.79,1.61,2.56,0.82,-2.27,0.15
1934-10-01,0.61,-2.09,-1.11,-4.68,1.22,-2.26,-1.44,-7.6,1.62,-0.71,1.9,-3.22
1934-11-01,8.51,17.67,14.59,7.02,8.98,15.08,-1.73,-0.29,9.7,4.06,8.68,4.89
1934-12-01,-0.94,3.56,3.66,0.68,-0.17,4.16,-0.6,-8.64,-1.04,0.61,1.44,-0.55
1935-01-01,-1.4,-8.84,-3.17,-4.37,-0.85,1.25,-0.46,-3.17,-5.38,-0.86,-5.03,-7.18
1935-02-01,1.6,-3.5,-2.95,-3.38,0.92,-1.19,1.04,-12.19,-0.66,4.3,-1.79,-5.55
1935-03-01,-4.87,-5.82,-5.35,-3.82,-3.6,-4.96,-0.72,12.36,-4.36,-3.14,-1.72,-6.48
1935-04-01,5.99,5.72,9.97,15.49,8.27,9.15,9.13,11.15,6.92,3.18,6.3,9.5
1935-05-01,1.08,2.92,1.43,3.5,2.43,3.0,8.38,13.77,2.55,-4.08,5.76,3.37
1935-06-01,5.51,9.78,6.93,1.5,5.84,8.81,5.32,9.13,6.26,4.08,7.36,6.08
1935-07-01,3.14,19.09,13.42,0.14,5.1,11.57,5.74,9.23,7.51,3.2,8.06,8.15
1935-08-01,-1.57,8.98,2.34,-1.9,4.41,3.82,4.07,7.23,3.07,0.25,5.66,1.57
1935-09-01,1.69,11.1,3.21,-3.34,6.13,7.97,4.27,-2.04,-0.58,1.1,-1.82,1.28
1935-10-01,4.49,13.64,7.43,13.54,3.38,9.28,3.11,14.16,1.22,5.98,8.0,0.74
1935-11-01,1.09,3.42,5.87,2.79,1.63,7.5,9.72,0.83,2.9,1.74,12.7,13.4
1935-12-01,2.1,5.8,4.67,14.07,1.42,4.39,-0.14,5.63,-1.03,2.35,5.44,3.85
1936-01-01,3.24,3.89,5.87,14.11,4.76,7.34,4.17,12.54,-2.81,3.46,6.58,14.38
1936-02-01,0.6,3.74,7.14,1.22,2.36,0.13,6.57,-6.6,0.98,3.46,-0.83,4.0
1936-03-01,-2.09,10.18,2.47,1.66,2.67,-0.92,-3.43,0.65,1.15,3.51,-2.28,-3.32
1936-04-01,-4.46,-10.15,-9.99,-10.22,-6.78,-8.91,-5.63,-8.35,-5.25,-9.2,-7.61,-7.38
1936-05-01,4.97,4.05,6.45,-0.59,5.45,5.57,6.46,9.53,6.73,4.8,13.02,5.69
1936-06-01,2.32,6.87,0.02,1.73,4.04,0.6,2.43,3.62,5.29,1.28,3.73,1.16
1936-07-01,2.96,4.91,7.37,4.74,8.16,12.98,2.44,11.59,6.4,4.66,7.15,10.49
1936-08-01,0.84,-0.28,3.01,-0.68,-1.12,3.03,1.76,-1.02,2.5,-1.48,0.21,2.41
1936-09-01,-0.67,3.26,1.88,1.05,1.91,-0.92,0.31,-2.05,2.74,0.77,2.31,0.34
1936-10-01,3.37,5.08,8.21,12.23,6.26,6.37,5.09,5.73,11.27,3.78,5.49,8.91
1936-11-01,4.5,-1.45,5.92,1.48,4.53,5.53,3.87,-2.84,10.98,3.37,5.97,-1.29
1936-12-01,-1.47,-7.28,3.53,9.09,-1.5,3.26,-0.42,-1.63,-8.17,-2.06,-2.72,-0.73
1937-01-01,2.51,7.27,5.14,2.41,2.76,10.24,-0.85,2.61,0.08,3.47,0.48,1.26
1937-02-01,0.89,-0.51,4.29,1.35,-0.89,-1.56,-3.06,-4.21,3.01,-3.73,-0.39,6.46
1937-03-01,-1.01,-4.13,2.74,3.52,-2.02,-4.74,-2.1,-6.32,-2.68,-5.03,-3.64,4.58
1937-04-01,-6.39,-7.91,-11.24,-5.31,-4.08,-7.79,-5.25,-7.48,-7.26,-3.32,-6.88,-6.84
1937-05-01,-0.45,-1.99,1.09,-0.22,1.69,-0.56,1.53,-5.3,-4.55,1.68,-3.28,-3.34
1937-06-01,-3.26,-10.77,-3.66,-2.68,-3.16,-1.81,1.42,-5.27,-1.59,-4.13,-5.01,-10.13
1937-07-01,5.07,13.23,10.73,8.42,5.42,10.27,3.27,19.33,10.34,4.14,16.25,6.3
1937-08-01,-2.48,-2.38,-4.75,-6.59,-3.03,-5.81,-2.54,-10.2,-4.27,1.1,-15.08,-5.97
1937-09-01,-9.14,-12.68,-20.4,-13.14,-9.61,-15.45,-2.1,-11.76,-14.14,-10.8,-14.64,-16.36
1937-10-01,-7.06,-12.89,-14.64,-6.96,-11.38,-7.7,-5.36,-4.8,-6.93,-3.55,-8.36,-10.48
1937-11-01,-5.88,-15.63,-9.22,-11.56,-9.38,-3.76,-3.59,2.96,-14.42,-5.13,-7.25,-6.63
1937-12-01,-2.32,-16.33,-3.46,-1.25,0.4,-3.57,-1.55,-10.73,-6.75,-2.41,-7.32,-6.69
1938-01-01,2.84,11.05,-1.35,0.48,-1.0,-2.74,-2.43,-5.72,5.99,3.51,-0.28,0.74
1938-02-01,3.54,3.48,8.77,9.48,7.39,5.39,-2.32,3.63,9.52,8.62,6.7,4.32
1938-03-01,-15.99,-27.35,-27.41,-25.5,-22.31,-28.96,-17.67,-19.66,-22.4,-14.54,-25.54,-31.71
1938-04-01,12.37,14.85,17.54,16.31,8.23,16.0,13.47,14.78,16.34,11.82,16.72,13.85
1938-05-01,-0.25,-7.01,-8.54,-5.91,-3.27,-3.16,0.83,2.15,-3.9,1.7,-5.15,-3.48
1938-06-01,13.24,36.03,35.01,22.03,27.61,29.04,12.57,16.95,24.1,10.09,26.63,24.52
1938-07-01,6.62,19.89,6.93,7.35,6.29,6.1,1.28,0.67,9.07,5.8,8.87,10.39
1938-08-01,-4.03,5.98,-3.12,-8.85,0.22,-0.83,0.28,-5.53,-2.42,0.36,-4.09,-3.63
1938-09-01,0.52,0.69,1.28,0.83,2.5,1.46,0.92,1.25,0.06,0.0,0.04,-1.63
1938-10-01,5.15,6.49,12.13,-1.41,7.17,11.12,3.56,21.09,8.19,5.62,9.48,11.59
1938-11-01,-2.5,-1.21,-1.83,-0.16,-0.62,-4.97,0.65,-7.02,-0.43,1.43,-1.48,-2.21
1938-12-01,2.78,2.13,5.7,4.94,5.21,3.04,2.58,3.95,0.92,0.86,-0.75,8.15
1939-01-01,-1.92,-8.34,-11.14,-6.31,-5.81,-7.78,1.81,1.21,-3.14,-0.96,-6.06,-9.52
1939-02-01,2.47,7.1,4.0,-1.18,1.11,3.46,3.53,8.79,6.21,3.73,4.23,4.82
1939-03-01,-5.78,-17.64,-19.3,-8.35,-7.64,-17.02,-2.31,-13.66,-9.61,-4.36,-12.02,-16.03
1939-04-01,0.6,0.72,-1.9,-1.06,-1.33,-1.14,2.75,3.03,-0.13,1.0,-3.36,-1.28
1939-05-01,5.49,7.92,8.92,2.58,6.2,7.15,5.56,6.6,11.4,5.5,8.8,7.78
1939-06-01,-2.06,-6.78,-8.71,-5.96,-2.33,-8.8,-3.84,-3.55,-2.71,1.08,-5.37,-8.25
1939-07-01,6.23,17.58,14.38,2.95,10.08,15.38,6.51,12.72,8.72,3.08,11.12,12.47
1939-08-01,-7.39,-6.96,-9.12,-3.91,-2.68,-9.1,-4.19,-6.04,-7.36,-5.46,-9.32,-9.97
1939-09-01,4.78,23.73,32.39,25.57,15.69,16.0,2.36,3.6,1.6,7.06,12.37,29.99
1939-10-01,3.26,-1.4,-2.31,-3.93,-2.42,-1.81,3.05,2.12,5.78,0.22,-0.13,-2.0
1939-11-01,-0.47,-2.96,-7.73,-6.19,-2.4,-3.39,0.97,-1.5,-2.34,1.22,-0.47,-6.39
1939-12-01,3.18,3.88,3.48,-0.09,4.6,3.92,2.89,2.95,3.05,3.77,-1.87,2.3
1940-01-01,1.69,-3.83,-6.24,-2.19,-1.96,-4.27,-0.12,-0.05,-0.95,-1.79,0.36,-3.63
1940-02-01,0.94,2.06,2.32,0.96,2.53,0.4,1.04,-1.25,2.51,1.49,0.34,1.02
1940-03-01,1.66,3.78,1.14,1.72,2.12,3.39,1.16,1.75,3.1,1.91,2.58,2.66
1940-04-01,1.75,-0.54,0.84,0.17,0.85,-2.38,0.33,-1.34,-0.13,-0.31,-0.8,-0.72
1940-05-01,-20.95,-26.19,-23.76,-24.66,-19.58,-21.22,-14.13,-20.01,-24.47,-21.27,-26.49,-23.41
1940-06-01,5.4,8.68,3.4,5.69,4.65,4.47,8.76,17.47,9.03,4.93,5.77,9.2
1940-07-01,-0.02,5.92,4.98,3.2,3.15,5.68,1.97,0.08,4.39,-0.52,4.71,3.03
1940-08-01,1.34,7.53,3.21,1.43,1.79,2.73,-0.36,-1.05,2.9,-2.29,2.42,3.01
1940-09-01,2.53,3.17,4.62,-2.27,3.35,4.43,1.67,-2.19,3.33,4.62,-0.45,3.23
1940-10-01,-1.42,3.94,7.95,6.31,-1.71,2.28,1.61,3.83,0.08,-3.0,6.35,5.03
1940-11-01,-1.0,-0.74,0.71,0.8,-4.64,-4.13,0.6,-13.11,-2.21,-1.86,0.26,-0.24
1940-12-01,0.54,-3.29,0.5,2.35,2.05,0.34,2.05,1.77,0.42,-0.23,-3.22,1.13
1941-01-01,-0.52,-9.22,-7.41,-2.14,-6.33,-2.24,-2.1,-2.18,-3.64,-2.19,-1.24,-1.7
1941-02-01,-2.5,1.28,-1.6,-0.69,-2.66,-0.26,-2.23,-1.19,-2.54,-4.71,-0.61,-0.25
1941-03-01,0.56,-1.7,0.15,3.75,2.04,-0.22,1.77,-3.34,1.21,1.78,0.06,2.24
1941-04-01,-4.13,-10.57,-6.98,1.41,-3.83,-8.85,-6.35,-9.63,-5.25,-5.22,-7.44,-3.71
1941-05-01,-1.41,0.34,3.75,5.45,3.09,-0.24,0.4,-4.47,2.27,-1.47,-2.23,-0.62
1941-06-01,6.29,3.9,6.17,5.22,7.45,10.57,5.03,3.9,5.09,6.72,4.14,4.62
1941-07-01,5.54,3.97,7.86,11.06,5.67,1.35,-0.38,5.33,4.74,8.04,7.56,7.51
1941-08-01,0.83,2.4,-0.79,-3.45,-0.36,0.85,1.06,-2.05,2.39,0.08,0.3,0.16
1941-09-01,1.78,4.14,-3.14,-0.66,-2.02,-1.53,0.25,-2.85,0.43,-0.21,0.52,-3.3
1941-10-01,-7.06,-7.98,-6.75,2.19,-5.98,-10.76,-2.72,-9.73,-5.2,-3.72,-6.03,-3.7
1941-11-01,-3.19,-3.71,-2.31,3.14,0.06,-2.34,-4.03,-6.73,-4.56,-2.96,-2.46,-1.33
1941-12-01,-3.95,-11.81,1.52,-11.12,0.13,-0.74,-8.63,-7.51,-9.84,-1.6,-7.36,-4.9
1942-01-01,2.54,6.25,1.3,-1.63,-7.71,2.01,-1.37,4.05,0.65,-3.02,5.79,10.41
1942-02-01,-5.5,5.2,-0.86,-5.85,-4.97,-2.54,-0.57,-2.48,-1.93,-5.41,0.23,-2.32
1942-03-01,-8.29,1.42,-4.67,-8.25,-7.56,-5.59,-6.95,-12.2,-7.09,-5.54,-6.25,-9.62
1942-04-01,-4.09,-4.37,-6.36,-3.58,-1.38,-3.39,-7.32,-3.46,-5.9,-4.44,-1.29,-2.12
1942-05-01,8.78,10.06,0.71,6.82,4.15,7.72,7.72,8.39,11.82,14.78,8.05,2.42
1942-06-01,3.52,1.76,3.05,4.43,4.78,3.76,-2.31,1.66,2.53,2.85,1.75,1.94
1942-07-01,2.42,2.09,3.5,6.06,1.43,1.91,4.48,-0.47,4.96,1.6,5.46,6.84
1942-08-01,0.8,2.35,1.22,3.55,0.97,1.83,2.49,0.81,1.72,2.44,1.86,2.55
1942-09-01,-0.06,2.6,2.87,2.37,4.37,4.59,2.07,5.86,0.67,0.26,2.21,3.64
1942-10-01,4.51,5.82,6.56,9.62,6.59,7.04,6.19,15.19,0.6,4.14,9.26,8.83
1942-11-01,2.7,-0.19,-3.74,0.91,0.44,1.48,2.63,-1.32,6.67,1.58,2.76,-3.19
1942-12-01,4.74,8.19,5.21,7.53,5.37,6.49,0.35,4.36,2.75,8.71,5.27,4.29
1943-01-01,9.15,5.24,8.3,6.4,4.71,10.9,3.78,14.73,6.93,2.47,6.67,7.17
1943-02-01,3.62,7.59,6.21,7.93,2.9,4.68,8.81,7.96,3.09,3.65,9.22,9.53
1943-03-01,4.37,5.07,8.32,7.02,2.44,7.46,0.64,4.7,8.72,4.57,9.67,10.25
1943-04-01,1.04,0.53,-1.78,0.97,-0.62,1.26,4.16,4.03,1.88,1.4,1.53,2.34
1943-05-01,6.57,6.6,4.67,5.7,6.49,6.55,4.57,4.55,7.52,5.99,8.51,4.92
1943-06-01,2.06,4.85,1.15,1.19,0.18,3.13,2.28,4.2,5.6,-0.66,0.1,-1.01
1943-07-01,-1.88,-9.7,-7.01,-2.86,-6.07,-8.14,-0.18,-0.5,-3.15,-3.32,-4.3,-5.43
1943-08-01,0.94,3.48,0.49,1.09,0.63,1.06,0.91,1.84,3.76,0.26,1.05,1.49
1943-09-01,2.18,1.69,2.74,1.4,2.7,5.37,1.45,3.87,2.16,4.02,1.64,2.31
1943-10-01,-0.27,-1.12,-0.16,-2.05,-2.06,-3.67,0.73,0.57,-2.41,0.59,-0.92,-1.12
1943-11-01,-4.58,-5.33,-7.47,-6.97,-4.66,-6.63,-1.74,-8.4,-4.52,-3.94,-7.21,-8.24
1943-12-01,6.15,7.95,7.62,7.36,3.39,8.04,3.15,7.43,6.93,3.95,8.31,6.88
1944-01-01,3.97,1.02,2.57,0.47,0.62,0.84,0.86,-0.32,0.78,0.29,1.05,5.35
1944-02-01,-0.53,3.71,0.09,0.11,-1.0,-2.65,0.88,1.51,1.06,-2.65,0.22,2.49
1944-03-01,2.83,4.77,2.29,1.87,2.32,3.87,0.74,1.78,2.28,2.46,3.57,2.44
1944-04-01,-1.95,-1.18,-2.4,-1.37,-1.77,-1.29,-0.57,-0.88,-1.0,-2.37,-3.02,-2.33
1944-05-01,5.34,7.94,6.25,4.99,4.35,3.49,2.81,2.78,5.08,5.68,3.75,4.4
1944-06-01,5.65,9.32,7.93,0.54,5.44,8.09,3.27,4.92,5.84,3.85,8.35,5.44
1944-07-01,-0.35,-4.93,-1.86,-1.22,-2.17,-1.72,-0.37,0.2,-0.08,-1.24,-1.46,-0.62
1944-08-01,2.56,3.98,2.9,-1.95,0.7,2.18,0.67,3.66,3.13,0.76,1.95,0.0
1944-09-01,-0.22,0.61,0.65,-1.38,0.27,-0.65,0.28,-1.52,1.82,0.43,-0.08,0.16
1944-10-01,-0.03,-2.74,-0.57,1.87,0.4,0.52,0.76,1.34,0.44,1.09,-0.2,0.88
1944-11-01,1.26,2.24,1.7,2.64,-0.67,1.73,0.69,-0.4,2.79,0.52,0.69,5.16
1944-12-01,2.03,3.97,5.52,5.15,2.19,4.48,0.71,3.12,2.15,1.71,2.72,9.77
1945-01-01,2.63,1.37,2.76,4.92,2.33,1.04,-2.12,5.69,0.07,0.56,3.65,-0.03
1945-02-01,3.95,7.66,7.55,7.32,5.41,7.24,2.84,6.12,4.53,4.24,7.43,8.0
1945-03-01,-3.0,-6.03,-5.21,-5.25,-3.66,-4.19,-0.11,-3.11,-1.37,-1.83,-3.89,-3.53
1945-04-01,7.08,11.16,8.63,6.9,7.61,8.63,2.51,10.12,7.16,6.33,6.16,9.44
1945-05-01,2.34,0.79,0.85,-0.86,0.56,2.27,3.76,1.89,6.28,4.12,0.92,3.57
1945-06-01,0.88,-1.53,1.0,-0.5,-2.4,-2.11,2.65,5.16,-3.14,-4.66,3.62,4.66
1945-07-01,-1.44,-0.99,-3.35,-3.23,-2.44,-1.36,2.18,-0.34,-0.11,-1.62,-3.32,-5.91
1945-08-01,7.74,9.48,8.6,2.24,9.16,10.14,1.74,1.03,8.25,9.22,8.97,1.25
1945-09-01,6.29,2.74,6.32,1.99,6.16,2.61,1.9,6.59,5.65,6.51,1.82,7.04
1945-10-01,6.78,0.2,3.71,6.31,0.33,-0.69,2.36,6.19,5.96,6.6,7.32,5.4
1945-11-01,3.68,2.63,5.51,8.39,3.08,3.09,3.39,4.81,6.91,8.59,4.89,10.05
1945-12-01,1.29,2.54,1.29,-0.25,2.38,2.33,0.48,-1.09,3.46,1.53,4.57,-0.76
1946-01-01,4.85,6.67,9.44,-0.07,5.34,5.83,1.91,10.93,10.98,7.76,7.77,7.31
1946-02-01,-4.81,-8.96,-6.98,-4.68,-4.82,-6.8,-2.82,-5.74,-4.25,-4.32,-7.58,-5.85
1946-03-01,6.36,0.99,5.2,11.06,7.12,0.83,1.17,6.29,11.42,14.58,5.62,4.49
1946-04-01,3.54,1.42,3.65,8.77,5.81,0.99,1.59,4.34,7.2,14.67,0.95,1.85
1946-05-01,3.35,5.2,5.41,3.69,3.74,6.15,2.82,3.04,1.89,5.63,3.93,3.29
1946-06-01,-3.61,-5.93,-4.11,-3.15,-3.02,-4.73,0.29,-2.8,-7.7,-5.52,-2.71,-3.38
1946-07-01,-0.75,-4.75,-3.75,-0.07,-2.23,-3.35,-0.08,-3.63,-2.83,-3.23,-4.5,-5.07
1946-08-01,-5.29,-10.4,-6.7,-5.63,-6.17,-7.96,-7.0,-5.37,-4.91,-3.27,-6.59,-6.85
1946-09-01,-10.75,-14.88,-11.03,-8.05,-8.78,-10.23,-4.75,-8.97,-6.9,-7.03,-13.55,-14.58
1946-10-01,0.47,-3.31,-1.1,-0.66,-3.41,-2.98,-5.13,1.42,-2.23,-0.24,-1.47,-0.24
1946-11-01,-1.32,-1.16,1.23,0.55,3.27,-3.67,1.79,0.8,-4.99,1.66,0.06,0.0
1946-12-01,3.75,6.17,6.17,4.39,7.3,5.04,3.82,6.09,4.04,7.24,8.26,1.62
1947-01-01,0.24,10.9,1.69,-0.65,-0.71,6.37,1.03,-0.14,0.69,-5.32,2.29,0.07
1947-02-01,-0.27,1.48,-0.69,-2.71,-0.21,-3.23,-2.05,-0.9,-0.41,-4.2,-2.78,-0.94
1947-03-01,-2.23,-2.7,-1.91,2.29,-0.57,-3.21,-2.15,-2.79,-2.2,-1.26,-2.5,-3.54
1947-04-01,-6.65,-4.08,-6.61,-0.44,-3.7,-5.75,-0.22,-3.76,-7.98,-8.61,-6.45,-6.23
1947-05-01,-0.55,-2.14,-2.98,2.56,-0.43,0.27,-1.1,-2.48,-0.36,-2.65,-0.95,-2.32
1947-06-01,6.54,5.88,4.58,7.77,7.34,4.7,-3.19,3.95,9.9,4.2,7.16,2.29
1947-07-01,4.65,5.2,4.89,3.88,2.22,6.4,0.81,2.51,4.61,2.61,2.42,6.82
1947-08-01,-1.38,-0.76,-1.64,-2.3,-0.48,-3.58,0.36,0.24,-3.55,-3.83,-1.28,-3.61
1947-09-01,0.39,0.17,1.49,-2.71,-0.58,0.87,0.83,-1.33,-2.81,-2.63,0.76,-1.36
1947-10-01,1.36,2.93,3.86,5.24,1.6,2.33,0.21,0.15,3.03,1.21,3.08,0.51
1947-11-01,-1.7,-2.7,-1.13,-0.35,-0.99,-1.24,-2.57,-7.63,-2.43,-3.06,-1.64,-2.07
1947-12-01,0.7,2.25,2.89,9.34,1.85,3.05,0.44,1.18,0.37,3.12,1.13,4.34
1948-01-01,-2.69,-5.35,-4.24,-7.43,-4.27,-4.78,0.1,-0.22,-3.29,-8.25,-1.26,-0.78
1948-02-01,-6.13,-5.43,-5.2,-2.95,-5.45,-3.97,-1.06,-3.59,-3.79,-3.54,-5.32,-3.84
1948-03-01,5.49,7.27,10.91,9.95,7.53,10.85,1.97,6.76,6.7,6.35,8.23,10.42
1948-04-01,1.34,1.17,2.19,11.24,2.79,-0.5,2.65,1.51,5.08,2.14,4.33,3.01
1948-05-01,5.1,14.54,7.93,6.1,7.38,14.54,2.49,5.75,8.59,6.8,9.92,6.03
1948-06-01,-1.98,0.3,-1.72,3.49,0.28,-1.11,0.43,2.49,-1.31,-2.19,-0.22,-0.92
1948-07-01,-1.68,-4.37,-4.83,-7.18,-5.25,-6.99,-1.65,-4.14,-7.72,-4.26,-5.73,-4.81
1948-08-01,0.02,1.12,1.07,-2.03,-0.39,2.58,0.06,0.1,2.5,-1.9,-0.85,2.12
1948-09-01,-3.98,-3.89,-3.01,-4.47,-2.06,-3.21,-0.23,-0.92,-0.94,-3.1,-0.92,-4.06
1948-10-01,3.63,7.95,6.57,9.2,6.7,7.33,1.11,4.45,4.14,5.2,6.09,4.68
1948-11-01,-6.18,-12.01,-10.8,-12.21,-8.18,-10.8,-2.06,-9.09,-5.77,-5.75,-8.68,-11.1
1948-12-01,0.67,3.43,2.7,4.73,6.84,6.18,1.09,2.66,1.52,4.54,6.12,2.03
1949-01-01,3.67,2.44,0.55,-3.83,-0.19,-1.51,-1.27,4.76,1.17,4.58,-0.9,0.62
1949-02-01,-1.93,-3.72,-3.54,-4.3,-2.86,-5.21,-0.3,0.67,-2.27,-0.93,-0.76,-3.84
1949-03-01,3.21,3.42,3.82,6.08,3.51,5.49,1.36,3.8,4.4,5.5,7.47,4.23
1949-04-01,-1.65,-4.22,-4.46,1.28,-2.15,-3.2,-1.65,1.22,-1.64,0.24,-0.27,-1.88
1949-05-01,-0.43,-2.94,-5.1,-5.67,-0.89,-4.4,-2.17,-0.59,0.17,-1.9,-1.99,-2.91
1949-06-01,1.04,1.3,0.18,-1.18,0.61,-0.48,1.13,-1.01,2.87,2.17,-0.66,-1.58
1949-07-01,4.95,9.44,6.35,6.24,5.01,7.64,2.41,4.72,5.16,6.01,6.32,3.57
1949-08-01,3.97,2.32,1.49,5.5,3.25,0.55,0.97,3.68,1.5,0.18,2.62,1.09
1949-09-01,2.84,2.64,3.48,3.03,4.6,3.78,1.21,4.06,2.3,1.86,6.28,2.52
1949-10-01,1.52,7.34,3.96,3.71,4.73,4.14,1.88,1.31,0.66,3.38,4.23,1.85
1949-11-01,1.84,4.88,2.51,-2.85,4.8,3.12,1.67,3.28,2.11,4.8,3.0,0.64
1949-12-01,5.15,8.29,6.73,1.09,5.91,10.27,1.58,3.25,4.78,8.72,6.17,7.47
1950-01-01,1.37,1.87,2.61,-0.65,0.84,5.32,1.86,3.75,0.43,1.06,1.71,3.69
1950-02-01,0.53,3.47,2.42,-0.54,1.24,3.51,0.66,2.4,2.33,1.92,3.43,0.22
1950-03-01,-0.57,1.87,-0.81,4.85,2.99,3.55,4.6,0.56,-0.18,-2.92,-0.01,-0.95
1950-04-01,0.14,10.57,6.02,3.23,9.35,4.95,2.37,0.94,-0.36,5.52,-0.53,2.2
1950-05-01,2.07,6.55,4.67,8.78,7.37,0.59,1.97,1.83,3.17,3.97,4.74,0.23
1950-06-01,-5.72,-4.06,-6.45,-4.43,-6.79,-8.17,-4.34,-7.69,-4.45,-4.2,-7.73,-6.53
1950-07-01,0.45,-2.72,5.76,8.83,-3.52,-2.95,-1.33,-5.23,-0.96,-6.96,-5.96,12.16
1950-08-01,3.93,9.21,5.26,4.34,8.09,4.99,2.56,3.45,4.38,3.68,4.37,1.73
1950-09-01,4.89,8.83,5.01,3.53,3.86,4.78,-0.48,4.53,8.49,6.16,8.59,5.91
1950-10-01,-0.38,0.61,1.02,0.29,-0.71,-1.19,0.21,-0.75,0.84,-1.77,-1.09,-1.65
1950-11-01,0.0,-2.9,5.51,5.34,7.07,1.07,-0.24,-1.19,1.1,4.67,2.76,4.29
1950-12-01,2.84,1.51,6.97,8.69,5.86,4.49,1.9,3.61,2.79,6.1,4.5,13.12
1951-01-01,4.62,9.22,6.75,6.3,4.57,9.44,1.87,5.05,3.63,3.1,2.19,7.55
1951-02-01,0.95,2.79,0.39,0.96,2.5,1.03,4.11,3.13,3.12,1.45,2.24,-1.13
1951-03-01,-2.79,1.17,-3.74,-2.37,-1.92,-0.65,-1.09,-1.4,-2.11,1.7,0.49,-3.79
1951-04-01,0.95,3.42,6.17,10.81,7.7,3.12,0.84,0.22,0.39,10.41,3.89,3.71
1951-05-01,-1.29,-5.34,-3.26,-3.05,-0.53,-2.64,-0.4,-0.04,-1.33,1.57,-1.55,-3.76
1951-06-01,-3.6,-6.84,-5.36,1.09,-1.44,-1.53,-0.19,-0.42,-2.72,0.83,-0.16,-6.59
1951-07-01,3.13,3.1,8.55,11.37,8.19,5.54,2.8,5.31,2.84,14.48,5.91,7.87
1951-08-01,3.5,7.03,6.63,5.77,2.28,6.29,2.64,2.13,2.64,-1.43,4.12,3.24
1951-09-01,-0.43,2.66,1.56,-0.76,-1.24,2.38,-0.06,1.33,3.4,-1.83,1.24,4.32
1951-10-01,-3.12,-2.04,-2.39,1.17,-7.22,-5.89,-1.08,0.7,-3.13,-5.98,-1.98,-4.12
1951-11-01,-0.06,2.02,1.1,-0.77,-0.08,1.55,0.5,1.66,1.53,-0.48,3.24,1.76
1951-12-01,1.92,2.48,2.41,4.72,7.95,5.27,0.87,3.28,-0.27,5.15,6.2,0.83
1952-01-01,0.52,-1.17,1.46,6.6,-3.08,-1.71,0.18,3.08,-0.46,0.65,2.77,3.52
1952-02-01,-2.03,0.43,-4.14,-3.43,-3.17,-3.73,-0.62,0.69,-3.77,-4.25,-0.25,-2.03
1952-03-01,1.72,8.33,2.63,8.72,3.29,6.22,1.27,2.23,2.54,0.44,3.92,6.49
1952-04-01,-3.33,-3.0,-6.13,-7.66,-7.15,-3.44,-0.75,-1.8,-1.85,-5.5,-1.56,-4.0
1952-05-01,2.14,4.01,2.94,3.52,6.17,3.26,1.03,2.99,2.59,2.52,2.66,3.04
1952-06-01,2.87,5.25,4.54,5.45,3.78,6.64,2.07,1.1,3.01,-0.96,2.68,4.48
1952-07-01,0.58,2.53,2.8,-1.02,1.42,1.06,0.25,2.03,1.94,-4.4,2.53,0.67
1952-08-01,0.96,2.02,-1.7,-2.68,-1.55,-0.14,0.89,1.82,-0.31,-0.57,-1.18,0.22
1952-09-01,-2.85,-0.78,-2.29,-4.3,-1.69,1.25,-0.35,0.33,-0.77,-4.12,0.27,-1.92
1952-10-01,-0.89,1.2,-1.53,0.38,-1.85,-0.39,0.92,0.34,-1.1,-1.38,-3.29,-0.98
1952-11-01,6.05,6.56,7.95,2.08,9.79,9.65,4.07,5.09,4.57,7.24,7.81,7.13
1952-12-01,1.43,7.02,3.34,4.55,1.6,3.26,0.88,2.01,1.3,-1.95,4.08,3.63
1953-01-01,2.16,-0.36,0.92,-2.99,0.21,-2.63,1.0,0.92,0.82,-5.12,0.02,1.44
1953-02-01,1.78,-1.19,0.14,0.33,-2.54,0.3,-0.4,0.51,-0.15,2.07,-0.23,-0.21
1953-03-01,-1.75,-4.39,-2.62,-0.55,0.08,-0.93,-0.44,0.15,-0.49,-0.16,0.75,-2.18
1953-04-01,-0.13,-1.97,-2.12,-5.18,-3.3,-0.57,-1.04,-2.96,-0.81,-5.34,-4.55,-2.76
1953-05-01,0.23,-0.05,0.25,1.83,0.01,1.62,0.37,-0.14,1.52,-0.05,0.58,1.72
1953-06-01,-0.84,-3.33,-2.76,-0.07,-1.51,-2.21,0.51,-2.82,-2.19,-3.31,-2.94,-1.76
1953-07-01,2.72,0.72,2.32,3.93,2.99,2.39,0.94,3.41,1.97,3.66,1.3,1.47
1953-08-01,-3.52,-6.46,-6.04,-6.44,-2.84,-4.95,-0.84,-0.36,-2.37,0.04,-2.97,-8.1
1953-09-01,0.25,-0.83,0.95,-1.92,1.55,3.53,1.78,1.64,0.1,0.43,0.51,-1.53
1953-10-01,0.69,7.7,7.02,5.64,4.68,7.09,1.39,4.47,0.87,2.65,4.53,3.4
1953-11-01,0.34,0.49,3.64,2.0,4.72,5.74,2.27,3.0,3.34,8.03,4.09,2.3
1953-12-01,-0.62,-1.21,0.54,0.44,0.79,0.59,0.53,0.69,1.24,-1.35,0.25,-3.26
1954-01-01,4.18,5.28,6.87,8.64,1.22,6.83,1.89,3.32,3.32,5.65,4.19,7.6
1954-02-01,-0.31,1.72,1.75,2.82,-0.03,5.15,2.58,1.59,0.44,-0.18,1.55,1.53
1954-03-01,1.37,3.51,5.05,4.28,4.63,9.33,1.72,2.96,0.37,0.29,4.92,0.63
1954-04-01,0.98,4.09,5.13,6.15,6.49,9.81,1.96,1.25,1.53,1.2,5.35,1.9
1954-05-01,2.39,4.47,4.96,2.99,3.88,-1.26,1.23,2.64,2.85,1.61,1.46,5.59
1954-06-01,0.58,1.19,3.25,-5.87,3.95,10.99,0.55,1.29,2.5,-2.45,2.68,1.04
1954-07-01,6.39,9.84,6.9,4.18,2.16,-0.47,4.36,5.42,4.22,8.22,7.47,6.56
1954-08-01,-2.71,-3.37,-4.22,0.56,-2.98,-4.97,-1.42,-1.73,-0.23,-2.58,-0.32,-3.07
1954-09-01,3.88,14.47,6.17,10.01,7.08,6.79,2.5,2.01,4.84,2.81,3.15,4.78
1954-10-01,-2.22,-0.76,0.65,-1.99,-4.18,-1.56,-0.85,-3.81,-2.53,-1.63,-1.33,1.38
1954-11-01,6.09,4.47,13.78,8.09,14.25,12.11,3.43,5.68,8.41,12.61,10.66,11.38
1954-12-01,4.35,7.26,8.17,6.48,3.69,2.96,1.58,3.54,2.27,6.15,6.05,10.67
1955-01-01,0.28,0.54,1.47,0.41,-2.77,3.85,0.8,1.46,1.74,-2.88,0.17,1.16
1955-02-01,1.54,-1.06,3.96,2.43,4.5,4.54,3.99,3.64,1.3,2.86,2.01,4.44
1955-03-01,-0.85,0.05,1.26,-0.24,-1.18,-1.36,-0.19,-0.74,-1.4,6.11,1.1,0.89
1955-04-01,4.08,5.67,2.79,0.56,7.59,4.76,1.97,2.56,1.83,0.01,-1.43,5.19
1955-05-01,-0.29,-1.12,1.88,-0.6,4.96,-0.28,1.29,-0.15,3.02,3.17,2.34,1.4
1955-06-01,2.5,10.09,7.88,11.2,11.73,3.11,0.69,1.67,4.43,0.17,3.85,1.85
1955-07-01,2.06,19.6,-0.87,2.76,-1.77,-2.63,2.61,3.68,2.03,0.13,-0.78,-1.65
1955-08-01,-0.67,-4.31,3.44,-1.08,2.37,0.63,-2.44,0.05,1.63,0.16,0.79,0.5
1955-09-01,-1.6,9.21,0.4,-0.38,-2.61,-4.93,1.09,-2.68,3.42,-3.18,-3.92,-2.27
1955-10-01,-0.83,-4.94,-3.42,-0.98,-2.36,-5.61,-1.15,-0.94,-2.51,0.82,-1.2,-3.14
1955-11-01,3.51,9.08,8.37,8.62,7.28,10.76,1.63,3.4,6.01,6.29,3.98,9.96
1955-12-01,1.19,-4.07,3.03,3.7,2.28,5.94,0.87,-0.12,-0.77,6.23,2.08,-1.62
1956-01-01,-1.52,-6.72,-4.56,0.54,-4.58,-5.32,1.87,-0.34,-4.41,-6.5,-3.57,-2.47
1956-02-01,1.09,5.65,5.39,4.28,4.16,6.16,0.16,1.94,2.82,8.29,3.57,3.31
1956-03-01,1.75,3.74,8.88,11.44,5.61,11.05,1.43,3.77,0.43,7.26,5.67,5.73
1956-04-01,0.86,-5.14,2.17,3.62,-0.72,-0.68,-0.88,-2.18,-1.82,2.77,0.01,1.2
1956-05-01,-3.25,-4.48,-6.29,-6.41,-5.95,-5.25,-1.06,-0.73,-4.56,-1.24,-5.31,-5.44
1956-06-01,0.65,7.02,5.03,2.73,3.87,7.45,1.28,2.36,2.21,3.6,1.48,1.57
1956-07-01,1.99,4.36,7.78,6.03,2.79,5.22,2.65,5.24,4.57,3.1,2.56,2.36
1956-08-01,-1.38,0.81,-2.81,-5.3,-3.39,-3.71,-1.39,-2.49,-2.62,-3.08,-2.66,-3.87
1956-09-01,-3.26,-1.21,-5.83,-5.81,-6.66,-6.85,-2.82,-3.87,-4.41,-3.7,-4.61,-4.33
1956-10-01,0.4,-1.01,1.41,0.53,0.6,3.28,-1.4,1.13,1.33,0.58,0.53,1.31
1956-11-01,-0.44,-3.49,0.63,5.29,-3.31,0.42,1.53,0.41,-2.15,-1.36,1.64,-0.31
1956-12-01,1.25,1.04,4.43,4.11,5.41,4.93,2.58,1.82,-0.43,6.07,1.33,2.24
1957-01-01,1.77,-6.22,-5.68,-4.12,-5.68,-6.6,2.9,2.63,-1.25,-2.27,1.47,-1.3
1957-02-01,-1.4,-1.88,-3.23,-2.27,-1.98,0.02,0.33,-0.3,-0.93,-0.35,-0.51,-3.34
1957-03-01,1.58,0.54,1.65,3.17,2.82,5.15,1.52,1.69,2.0,8.23,3.6,1.8
1957-04-01,1.39,7.95,3.25,6.94,5.16,8.1,0.44,3.16,0.18,5.43,5.46,2.23
1957-05-01,1.39,1.03,3.32,7.65,3.26,5.51,1.04,2.25,2.56,4.8,2.84,0.75
1957-06-01,-0.65,0.07,0.87,-1.75,-0.06,4.89,-2.11,-5.12,-1.91,6.48,-4.19,0.21
1957-07-01,0.92,3.64,-0.31,1.0,1.88,1.29,-0.24,0.01,2.89,2.6,-0.59,1.82
1957-08-01,-2.0,-3.11,-6.27,-5.75,-6.32,-6.91,-0.12,-2.58,-2.71,-2.97,-3.18,-6.38
1957-09-01,-1.16,-7.1,-7.29,-7.98,-6.19,-6.17,-2.25,-1.74,0.41,-3.04,-3.97,-7.77
1957-10-01,-2.12,-3.95,-5.01,-5.77,-3.37,-2.64,-2.1,-0.7,-3.93,-0.68,-5.53,-7.43
1957-11-01,3.37,-5.28,2.48,2.43,4.97,7.02,1.49,4.4,1.74,8.63,4.39,-1.32
1957-12-01,0.43,-7.89,-5.39,-6.99,-2.63,-3.77,1.26,2.56,-1.72,-0.48,-0.66,-6.18
1958-01-01,7.46,4.96,6.58,1.59,3.16,4.0,4.26,6.06,7.49,-0.41,8.57,12.26
1958-02-01,2.04,-1.46,-1.3,-4.63,-3.22,-1.81,0.66,1.29,1.41,4.95,1.33,-3.29
1958-03-01,4.2,2.95,2.45,7.92,0.03,2.59,1.17,2.07,4.08,8.17,3.27,2.13
1958-04-01,3.54,4.96,1.72,5.14,0.98,-0.46,2.7,4.95,3.0,6.56,2.1,5.76
1958-05-01,2.72,4.81,4.24,0.33,1.4,1.97,2.11,1.45,3.62,1.44,2.15,4.53
1958-06-01,2.64,2.62,2.21,4.93,3.11,3.24,1.67,2.19,2.15,3.55,2.94,2.86
1958-07-01,1.64,9.98,8.55,0.69,8.04,3.46,0.9,1.12,1.87,5.98,2.02,6.84
1958-08-01,2.93,-0.01,2.56,1.92,2.13,2.03,2.41,-1.0,5.71,1.98,4.6,2.31
1958-09-01,4.26,10.04,5.4,3.28,3.03,6.11,5.08,3.46,4.03,11.74,-0.36,6.65
1958-10-01,2.5,2.28,3.78,1.33,1.49,4.76,1.46,4.28,1.21,1.05,3.69,3.78
1958-11-01,4.1,1.71,2.96,1.93,3.41,3.8,2.15,2.96,5.9,8.04,2.33,5.74
1958-12-01,2.68,2.75,5.15,1.25,5.38,14.39,13.4,5.94,5.72,4.61,4.26,2.53
1959-01-01,3.81,-1.09,1.15,0.51,-0.13,-2.47,3.91,1.25,3.49,-0.62,-2.6,4.36
1959-02-01,3.01,-1.95,3.14,-7.43,5.14,4.81,4.86,1.26,2.65,3.88,2.36,1.5
1959-03-01,0.29,-1.19,-1.14,2.14,1.79,2.56,-0.52,1.64,-1.67,4.25,-2.97,0.27
1959-04-01,3.01,9.38,3.74,1.71,6.41,7.37,4.61,-1.13,1.54,11.93,1.52,2.13
1959-05-01,1.33,5.21,2.76,-0.95,5.59,6.31,-1.01,-1.1,2.72,-1.07,0.74,0.58
1959-06-01,1.67,0.16,2.87,-2.72,-1.53,-1.67,-1.1,-2.23,2.27,6.6,1.98,0.9
1959-07-01,3.7,8.43,2.81,4.96,6.14,-0.72,0.6,3.82,2.12,4.74,1.84,-0.13
1959-08-01,-0.39,2.46,-1.5,-3.15,-2.83,-2.38,0.61,1.34,0.79,-3.57,-1.39,-2.57
1959-09-01,-3.25,-4.45,-4.83,-6.91,-5.18,-4.12,-0.96,-4.35,-2.12,-4.95,-4.68,-3.87
1959-10-01,3.8,-1.26,1.89,1.16,1.67,4.04,1.3,0.89,0.87,2.34,0.63,0.16
1959-11-01,1.25,-0.11,2.81,-0.41,2.39,8.63,-1.23,0.4,2.34,5.62,1.36,-1.26
1959-12-01,1.23,5.16,1.59,4.24,3.19,3.8,4.34,2.14,2.68,-1.68,0.5,2.74
1960-01-01,-3.36,-11.17,-8.01,-7.5,-9.59,-9.62,0.95,-2.08,-5.67,-6.38,-4.34,-4.58
1960-02-01,2.96,-2.22,1.24,-3.46,0.52,4.39,8.37,2.77,4.22,0.31,-0.69,0.26
1960-03-01,-1.41,-4.38,-3.57,-0.8,-2.15,1.09,0.17,1.75,0.1,1.62,0.38,-3.38
1960-04-01,1.52,-1.57,-2.55,-4.26,-4.79,0.51,-1.05,1.38,-0.23,1.65,-0.46,-1.39
1960-05-01,6.53,-0.69,4.43,-3.49,4.17,9.13,3.32,1.5,3.14,13.73,-0.22,0.46
1960-06-01,4.33,0.8,1.92,3.53,1.48,1.09,-0.35,5.77,3.82,-0.16,3.99,2.27
1960-07-01,-0.95,-0.59,-3.19,0.7,-5.93,-4.49,0.1,-1.07,-3.01,-3.87,0.3,-2.22
1960-08-01,4.52,3.5,1.86,4.1,1.75,0.67,7.11,4.32,3.13,2.47,3.83,2.75
1960-09-01,-3.44,-5.68,-7.42,-1.0,-6.9,-8.43,-5.95,-4.49,-8.39,-8.72,-5.66,-5.72
1960-10-01,1.66,-1.34,-1.94,2.42,-0.31,-2.32,0.14,-0.34,0.23,-3.49,-0.08,-1.18
1960-11-01,8.67,-0.7,5.03,3.39,5.1,6.78,4.19,3.74,6.92,4.05,7.78,6.09
1960-12-01,4.48,-0.41,4.01,5.31,2.85,3.82,12.56,6.36,2.26,6.22,5.6,3.47
1961-01-01,5.41,8.36,6.25,9.76,6.38,3.1,7.89,4.96,2.94,6.02,7.37,8.01
1961-02-01,6.61,4.01,5.72,0.73,2.73,3.15,0.75,3.63,4.96,5.2,7.02,4.96
1961-03-01,4.85,3.43,1.46,1.4,1.91,3.01,7.48,2.02,5.87,3.8,4.68,2.93
1961-04-01,-1.35,-1.71,-1.32,4.75,-0.71,0.14,0.8,1.86,0.59,-0.31,1.56,0.02
1961-05-01,3.68,1.28,3.9,0.14,4.76,3.81,-1.04,2.39,4.09,2.28,3.98,4.3
1961-06-01,-1.4,-1.53,-4.34,-4.02,-0.25,-3.16,-4.02,-1.87,0.58,-3.43,-2.57,-4.41
1961-07-01,2.84,6.15,1.84,2.28,3.02,2.44,6.43,2.87,2.46,3.5,3.62,-0.12
1961-08-01,5.13,1.36,1.72,0.17,3.88,4.89,0.21,3.81,3.26,3.86,8.65,3.09
1961-09-01,0.05,4.67,-4.62,-6.42,-4.02,0.82,-2.73,1.41,0.31,-1.23,-0.1,-2.89
1961-10-01,3.35,0.54,0.32,6.67,-0.21,2.9,0.2,5.31,9.06,3.66,2.18,2.37
1961-11-01,5.49,9.73,2.9,5.44,2.79,3.11,8.5,3.42,5.13,3.13,7.35,1.56
1961-12-01,-3.19,2.87,0.59,3.85,-0.54,-0.92,3.32,-4.2,-0.35,-1.99,-4.34,-0.14
1962-01-01,-6.15,-0.17,-3.01,0.14,-5.31,-4.59,-6.07,-2.59,-8.63,-4.78,-4.7,0.7
1962-02-01,0.25,-1.47,0.83,5.31,2.78,-0.4,4.11,2.63,1.64,3.75,3.77,0.4
1962-03-01,-1.1,0.41,0.17,-1.68,-1.42,0.08,-2.94,1.96,0.91,0.41,-1.82,-1.75
1962-04-01,-6.77,-5.18,-8.38,-3.57,-6.13,-12.41,-4.68,-2.79,-4.43,-11.34,-7.38,-6.88
1962-05-01,-11.31,-4.45,-8.65,-4.95,-8.36,-10.75,-7.06,-10.47,-9.08,-10.81,-9.78,-6.61
1962-06-01,-8.82,-6.07,-9.76,-4.84,-9.43,-11.8,-8.52,-5.11,-10.26,-12.9,-10.87,-8.09
1962-07-01,5.23,8.03,4.79,4.9,7.29,11.41,7.23,7.39,4.37,7.78,8.39,4.0
1962-08-01,0.9,3.85,1.9,1.84,3.88,3.03,1.58,3.15,4.3,-7.92,3.76,3.88
1962-09-01,-5.61,-2.2,-7.13,-1.77,-3.21,-9.37,-6.06,-2.87,-6.63,-4.05,-5.69,-5.81
1962-10-01,-3.27,2.46,-0.2,-0.29,4.26,0.01,2.77,-1.09,-1.34,2.46,-0.74,1.46
1962-11-01,12.12,6.82,13.85,10.75,12.1,14.82,7.17,7.65,11.16,17.63,14.09,15.25
1962-12-01,1.45,3.54,-1.72,4.69,0.84,-0.7,1.08,3.48,0.04,0.88,1.66,1.21
1963-01-01,5.94,7.6,6.14,2.68,4.62,6.11,4.13,5.25,4.13,5.66,3.6,6.29
1963-02-01,-3.04,-2.92,-1.76,-1.33,-3.78,-5.82,-1.11,-1.46,-0.68,-2.58,-0.27,-0.64
1963-03-01,2.56,7.09,2.3,6.98,3.76,2.96,1.94,1.79,2.01,1.18,2.36,3.32
1963-04-01,2.39,5.65,4.46,6.05,4.49,7.36,3.73,2.37,5.46,7.63,3.67,7.4
1963-05-01,1.88,8.05,2.9,-0.1,0.96,4.23,-0.64,1.04,2.61,-0.25,0.52,5.49
1963-06-01,-1.38,-3.24,-2.65,1.21,-2.8,-4.97,-1.94,-1.13,-1.39,-1.09,-0.98,-1.6
1963-07-01,-0.48,-0.07,-1.5,2.3,-1.15,-0.66,-0.25,0.81,-1.05,0.57,-0.65,-2.27
1963-08-01,4.89,6.57,6.78,3.94,4.99,5.12,4.29,4.12,6.43,9.57,4.29,6.22
1963-09-01,-1.74,-0.25,-0.83,-3.65,-0.92,0.4,2.36,-2.49,0.92,-4.07,-3.23,-3.1
1963-10-01,2.66,10.71,2.46,-0.33,2.83,8.27,3.43,-0.67,0.52,3.39,0.7,1.9
1963-11-01,-1.13,-5.2,-0.4,-1.14,1.84,-0.32,4.14,-1.06,-1.25,-1.64,-2.29,1.85
1963-12-01,2.84,0.58,0.98,4.66,4.01,2.98,-0.09,2.41,0.33,1.54,1.61,3.37
1964-01-01,0.78,1.22,2.41,4.85,3.11,2.99,3.32,1.39,2.51,3.7,-1.16,2.77
1964-02-01,1.86,1.65,3.12,1.08,1.98,1.91,-0.28,0.87,1.63,1.65,3.77,6.39
1964-03-01,3.08,1.08,4.21,1.4,2.6,3.41,-0.9,-0.74,2.43,-1.94,0.69,3.38
1964-04-01,-0.47,1.8,-1.78,4.04,-1.49,-3.79,0.83,1.05,2.87,-1.42,-1.0,1.11
1964-05-01,1.55,1.51,1.56,2.14,2.09,2.83,-0.39,0.84,3.9,0.52,0.0,3.84
1964-06-01,1.67,0.77,1.39,0.67,-0.15,0.5,4.69,2.21,3.83,0.58,-1.2,2.76
1964-07-01,1.76,5.63,0.97,3.34,2.16,-1.94,-2.01,4.93,1.19,4.75,1.89,0.95
1964-08-01,-0.26,1.42,-0.85,-1.87,-2.1,-2.84,-1.56,-0.04,0.33,-4.22,-2.14,-3.72
1964-09-01,1.7,4.64,4.86,3.06,4.55,1.11,-1.03,1.88,3.48,2.75,2.52,4.78
1964-10-01,-0.19,0.07,0.18,3.07,0.96,-1.02,-0.89,0.95,2.31,2.86,-0.63,3.3
1964-11-01,0.71,-1.14,-1.58,2.55,1.5,-0.3,-2.23,1.37,3.23,2.17,-0.87,-2.09
1964-12-01,0.23,1.89,-1.35,-0.21,0.64,0.0,3.12,0.49,0.16,4.38,-1.21,-2.1
1965-01-01,6.06,3.81,5.5,0.35,5.11,7.59,0.25,3.96,3.05,7.66,2.71,5.89
1965-02-01,1.59,-0.52,3.35,-3.39,0.93,2.22,0.8,0.43,1.39,2.42,1.29,3.3
1965-03-01,-0.77,1.28,-0.2,-3.03,-2.97,-0.59,-1.68,-0.52,-0.82,-0.92,-0.31,-0.41
1965-04-01,4.2,6.78,5.03,0.86,1.98,5.22,2.33,0.66,6.8,2.97,2.64,2.15
1965-05-01,-0.78,-3.3,-0.8,0.86,0.07,0.4,2.77,-0.97,0.19,-1.25,-2.33,-1.05
1965-06-01,-5.1,-6.81,-6.43,-2.05,-5.83,-5.72,-4.18,-3.66,-6.22,-5.31,-4.9,-8.18
1965-07-01,1.58,2.29,2.85,1.86,0.25,3.7,-0.37,1.06,-1.4,3.95,1.15,4.72
1965-08-01,4.06,3.43,4.35,1.54,1.59,5.96,1.33,0.93,2.29,6.3,4.55,5.43
1965-09-01,0.48,7.12,4.06,4.37,3.35,5.27,1.1,1.39,-0.68,2.24,-0.11,2.92
1965-10-01,2.59,6.14,5.09,1.84,2.77,5.1,-2.27,1.05,0.31,3.23,0.85,5.9
1965-11-01,1.08,-3.81,2.57,0.7,-1.5,2.81,-4.31,-1.01,1.34,3.79,1.31,5.7
1965-12-01,1.29,1.48,3.65,0.19,2.23,-1.65,-0.85,-0.33,1.26,3.82,1.95,4.0
1966-01-01,1.93,0.6,4.11,1.03,-0.1,1.28,-1.29,-3.01,-4.28,2.78,0.57,7.47
1966-02-01,-0.48,-1.49,-0.27,-3.47,-1.96,5.19,0.47,-4.18,-1.84,-1.56,-2.06,4.0
1966-03-01,-2.65,-2.97,-1.2,-2.24,-3.46,-0.79,-4.85,-0.14,-2.12,-1.6,-4.06,-1.91
1966-04-01,0.41,0.15,3.93,3.14,0.07,7.61,1.27,1.18,3.08,-0.01,1.3,3.77
1966-05-01,-4.92,-8.4,-6.35,-3.78,-3.89,-6.02,-2.99,-2.74,-2.93,-5.26,-3.88,-9.43
1966-06-01,-1.8,-1.97,-0.18,-2.27,-3.19,-0.03,0.47,-1.79,-2.38,0.99,-2.1,1.87
1966-07-01,-1.19,-2.57,-1.96,0.4,-0.54,-1.74,-1.16,-0.18,-1.97,-1.72,-2.06,-1.83
1966-08-01,-7.22,-7.62,-8.04,-6.44,-7.43,-6.04,-4.57,-8.61,-6.42,-8.11,-8.84,-13.12
1966-09-01,-1.45,-0.97,-2.86,3.91,-5.6,-1.97,-0.56,4.36,-2.0,-1.14,-0.01,-2.78
1966-10-01,4.53,0.37,2.61,8.46,2.22,0.26,9.18,9.96,-1.38,4.87,10.35,-0.35
1966-11-01,2.31,-3.46,3.71,-1.17,0.01,11.21,-2.84,-1.37,0.7,6.91,3.04,10.43
1966-12-01,0.22,-2.65,1.56,-0.66,0.92,0.37,2.96,2.09,-4.16,-0.18,3.44,1.59
1967-01-01,9.39,11.78,11.47,3.58,10.42,10.23,6.24,2.84,11.8,6.45,8.98,13.42
1967-02-01,2.03,-1.09,1.55,-0.1,0.19,6.29,2.13,-1.73,3.22,1.4,0.22,-0.58
1967-03-01,4.45,3.84,6.01,3.62,5.26,5.41,2.96,1.54,2.33,7.86,1.29,5.89
1967-04-01,4.6,11.06,3.31,1.67,5.31,7.77,0.22,1.88,9.21,4.45,0.44,2.86
1967-05-01,-2.72,-7.35,-3.36,-2.46,-4.67,-4.31,-5.66,-4.12,-4.57,-5.29,-2.42,-1.84
1967-06-01,2.75,1.59,2.64,2.28,0.6,6.38,2.73,-1.31,3.78,5.41,3.72,3.42
1967-07-01,6.05,11.11,4.91,6.93,5.28,4.05,-6.58,2.33,6.0,3.79,6.91,8.21
1967-08-01,-0.82,0.14,-0.53,-1.48,-0.08,-0.98,-1.24,-0.65,0.33,0.65,2.2,-1.29
1967-09-01,3.1,4.98,2.71,4.24,4.44,8.38,1.22,-0.1,2.45,2.9,3.04,0.48
1967-10-01,-2.62,-4.91,-4.57,-0.96,-4.61,5.17,-3.49,-5.37,0.66,-5.03,-3.78,-5.6
1967-11-01,0.49,-0.96,1.39,0.78,-1.68,1.43,0.08,3.19,0.84,1.33,-1.06,0.0
1967-12-01,3.13,0.88,4.7,3.07,6.79,2.09,0.12,3.29,3.45,1.7,6.72,4.85
1968-01-01,-0.43,-5.15,-6.12,-0.9,-6.91,-8.85,2.67,0.18,1.13,-6.57,2.9,-3.91
1968-02-01,-2.71,-2.34,-4.59,-2.68,-3.33,-4.54,-2.42,-1.49,-0.85,-4.25,-2.96,-3.66
1968-03-01,0.64,0.65,0.87,0.74,0.63,4.34,-1.12,-3.94,2.86,0.11,0.95,-0.83
1968-04-01,10.97,11.69,11.38,5.65,8.49,12.4,2.21,2.42,12.22,11.9,11.43,12.18
1968-05-01,5.0,-0.34,4.22,1.24,-0.32,3.89,-0.73,0.44,3.43,3.35,6.77,5.98
1968-06-01,1.0,-1.42,-0.46,1.84,0.57,-2.04,4.18,8.45,0.51,2.23,7.85,0.77
1968-07-01,-3.69,-2.92,-4.54,5.28,-2.14,-5.48,-0.2,0.18,-5.16,-4.12,-0.04,-4.46
1968-08-01,2.74,1.25,3.83,1.3,1.75,0.47,1.29,-0.87,2.26,0.68,4.85,1.49
1968-09-01,4.87,6.64,4.39,3.51,5.07,2.93,2.97,0.26,7.84,0.84,9.93,9.2
1968-10-01,0.87,4.67,0.51,2.59,2.36,-4.98,3.17,0.49,0.69,-0.04,2.85,0.23
1968-11-01,4.67,-0.14,5.91,5.68,5.27,8.67,5.39,8.81,5.14,8.12,6.43,8.34
1968-12-01,-1.02,-4.46,-3.01,-2.53,-4.22,-5.43,-6.67,-2.92,-4.13,-1.02,-6.03,-2.53
1969-01-01,-1.19,-1.72,-0.24,-1.14,-1.16,-4.74,1.17,2.44,-0.97,-0.23,-0.04,1.17
1969-02-01,-6.62,-3.58,-6.06,-4.95,-4.61,-3.58,-3.34,-5.22,-4.15,-5.17,-8.84,-8.21
1969-03-01,0.71,5.1,3.13,7.36,1.06,5.46,-0.42,-1.29,5.07,3.35,3.36,-0.46
1969-04-01,1.05,1.22,1.48,-0.36,0.61,3.95,7.68,1.34,3.94,4.98,2.93,1.31
1969-05-01,1.21,0.13,-1.35,4.0,0.97,-1.68,1.07,0.02,0.48,1.68,-1.3,-1.16
1969-06-01,-7.37,-5.99,-7.13,-9.96,-6.31,-0.02,-4.0,-5.74,-5.51,-5.04,-9.65,-10.94
1969-07-01,-6.85,-6.97,-6.18,-9.64,-3.11,-5.39,-4.5,-2.98,-8.45,-2.73,-8.69,-9.48
1969-08-01,4.95,2.73,4.16,6.62,4.37,7.03,1.65,-1.29,8.13,9.31,10.47,7.79
1969-09-01,0.33,-0.06,-1.45,-9.63,-4.04,0.23,-4.0,-4.15,-0.66,2.09,-0.62,-0.64
1969-10-01,8.32,3.86,6.73,-1.03,6.5,5.79,3.5,8.3,6.71,8.98,9.12,7.05
1969-11-01,-2.36,-4.48,-3.35,-4.56,-3.57,-1.82,1.16,-5.28,-4.09,0.32,-6.84,-4.46
1969-12-01,-1.94,-3.44,-1.4,-3.01,-1.49,-0.74,-5.51,-0.63,-3.0,4.3,-2.26,-5.01
1970-01-01,-4.25,-8.25,-7.81,-11.46,-5.44,-9.17,-2.57,-4.24,-6.09,-7.12,-9.19,-8.56
1970-02-01,4.7,5.6,5.73,5.39,3.38,2.95,7.97,8.38,5.58,5.6,11.44,7.83
1970-03-01,-0.78,4.87,-0.26,-0.45,-0.38,-2.59,2.29,2.91,-1.72,-5.09,-0.76,-2.71
1970-04-01,-10.14,-8.86,-9.79,-9.17,-6.24,-14.46,-8.79,-8.07,-11.12,-10.11,-12.79,-14.75
1970-05-01,-7.45,-6.47,-9.01,2.66,-2.96,-9.5,-3.71,-5.35,-9.47,-7.77,-8.38,-7.97
1970-06-01,-1.48,-4.15,-5.63,-2.44,-2.43,-11.85,-8.49,-4.71,-3.98,-0.51,-4.54,-8.98
1970-07-01,6.68,10.6,4.51,12.76,6.76,2.35,10.26,8.71,10.38,2.16,8.84,7.18
1970-08-01,1.46,8.28,4.88,6.59,3.98,8.08,2.44,4.69,5.31,1.82,4.97,5.24
1970-09-01,5.52,2.69,4.85,3.2,1.53,10.22,-0.88,-0.52,7.95,8.03,5.19,10.07
1970-10-01,0.7,-2.0,-3.67,2.95,-1.63,-3.48,-3.75,-0.83,-1.69,0.1,-7.25,-4.57
1970-11-01,4.73,6.98,3.56,4.95,4.89,4.1,6.16,9.41,6.88,3.08,5.93,1.85
1970-12-01,7.5,6.17,8.0,2.25,8.07,4.32,6.85,7.18,5.41,5.36,9.59,7.16
1971-01-01,4.82,3.87,6.15,0.33,5.24,5.37,9.77,2.93,8.29,4.88,5.2,10.47
1971-02-01,3.77,2.24,1.1,4.81,1.6,2.84,-5.29,-2.6,3.64,1.39,1.91,2.8
1971-03-01,4.45,3.44,4.24,2.76,3.78,8.02,0.71,2.41,6.81,3.67,7.19,4.87
1971-04-01,2.13,8.49,4.23,4.31,4.34,2.33,0.81,-3.55,4.97,4.25,2.32,6.35
1971-05-01,-3.01,-4.28,-2.73,-4.77,-0.92,-6.22,-5.16,-3.71,-1.79,-2.11,-5.4,-3.85
1971-06-01,-0.15,-0.66,-0.34,1.03,2.29,-2.15,1.04,4.32,0.3,2.02,0.06,-2.1
1971-07-01,-2.14,-5.55,-5.03,-2.14,-4.34,-8.71,-3.61,-2.14,-3.45,-2.25,-1.85,-5.97
1971-08-01,3.1,10.6,6.46,-1.22,6.23,5.63,-0.34,-2.33,6.2,3.28,6.7,7.39
1971-09-01,-0.07,-0.07,-0.66,-1.64,0.61,-1.56,0.23,-1.51,0.73,0.66,-0.28,-0.58
1971-10-01,-4.33,-5.21,-6.53,-4.29,-4.7,-4.32,-1.74,2.05,-3.45,-2.5,-2.31,-6.29
1971-11-01,-0.34,0.33,-1.02,0.06,-0.91,1.83,0.39,-1.2,0.24,0.59,1.27,-1.83
1971-12-01,10.54,6.14,10.89,8.84,7.29,11.21,7.37,8.11,10.17,7.91,5.79,10.9
1972-01-01,2.5,3.23,3.06,0.16,3.7,8.41,0.94,-0.3,0.43,2.6,0.76,6.2
1972-02-01,4.65,0.84,5.11,2.61,4.85,1.72,0.16,-2.5,5.66,7.13,0.03,4.59
1972-03-01,0.08,4.23,2.64,-5.46,2.14,1.04,-0.32,-0.16,1.98,0.46,5.18,-0.6
1972-04-01,1.9,-0.53,1.96,-0.69,1.99,0.76,-1.05,-2.82,-0.56,1.08,2.59,1.0
1972-05-01,0.41,-1.02,1.64,3.69,2.66,3.76,1.17,-0.18,1.79,3.52,-1.83,0.71
1972-06-01,-1.15,-2.89,-1.81,-0.92,-3.43,-2.55,-2.75,-1.55,-4.22,2.51,-3.8,-5.26
1972-07-01,-1.58,-2.13,0.26,-1.05,1.09,0.98,0.75,0.04,-2.46,3.13,-1.09,-5.09
1972-08-01,-0.11,3.78,1.26,12.45,4.99,2.9,5.15,5.97,-0.43,1.04,6.09,0.68
1972-09-01,-2.62,-0.89,-0.86,-0.24,-2.18,-1.13,4.31,0.2,-0.5,-0.44,-0.2,-3.63
1972-10-01,-0.01,-2.44,0.68,3.1,2.23,-3.34,2.3,6.77,0.89,1.51,1.62,0.48
1972-11-01,6.88,7.94,4.29,6.2,3.93,2.54,7.06,6.4,6.01,-0.56,4.72,5.7
1972-12-01,0.53,1.64,0.28,1.05,2.54,2.01,1.45,-1.54,1.73,3.74,-0.78,-0.65
1973-01-01,-4.76,-6.7,-4.14,5.03,-2.69,2.11,-2.12,-4.27,-4.09,-1.19,-7.51,-7.37
1973-02-01,-4.37,-5.86,-2.79,-7.38,-1.01,-2.98,-4.64,-1.98,-6.45,-0.71,-6.12,-5.99
1973-03-01,-1.0,-2.82,-0.29,3.05,-0.07,-1.15,0.53,-2.15,-5.64,0.78,-0.38,-0.1
1973-04-01,-6.25,-5.19,-4.97,-0.98,-3.33,-6.49,0.88,-0.6,-8.52,-5.49,-8.01,-7.42
1973-05-01,-2.13,-4.23,-0.84,-3.56,-1.82,-2.68,-0.84,0.35,-2.23,1.06,-3.25,-7.22
1973-06-01,-3.44,-2.54,-0.18,1.59,-0.71,-0.1,-0.32,-2.5,-5.76,0.01,2.54,-3.92
1973-07-01,7.43,7.26,6.73,0.3,6.5,4.85,-0.32,-2.4,11.14,6.87,8.97,10.16
1973-08-01,-3.31,-3.94,-0.41,-3.82,-4.03,-3.76,-3.89,-2.1,-4.15,-6.9,-2.32,-2.3
1973-09-01,5.9,7.82,4.43,9.21,5.16,-3.16,7.64,7.91,7.17,0.78,7.38,7.1
1973-10-01,-2.25,-4.35,0.33,5.17,0.45,4.18,-5.56,-3.41,-3.65,1.83,-1.78,-0.2
1973-11-01,-14.32,-16.31,-13.96,-6.22,-15.01,-11.44,-4.33,-11.64,-18.9,-7.76,-12.38,-14.64
1973-12-01,-1.57,-3.76,1.7,8.63,0.24,-4.44,4.17,3.43,-0.21,-4.48,2.09,2.81
1974-01-01,2.36,6.1,0.42,-7.46,0.57,1.11,2.09,4.55,6.69,-2.56,0.34,2.1
1974-02-01,0.15,-1.07,0.23,-1.55,-0.41,-0.66,4.71,0.29,0.81,-1.22,0.56,1.45
1974-03-01,-1.9,-0.1,-1.77,-3.24,1.77,-2.7,-4.58,-3.66,-3.12,1.21,-4.14,-3.12
1974-04-01,-3.67,-4.07,-2.9,-6.31,0.13,-3.63,-5.32,-12.23,-1.96,-1.48,-6.75,-5.92
1974-05-01,-2.91,0.44,-4.25,-7.54,1.26,-3.91,-1.55,-4.93,1.19,-0.12,-10.12,-6.88
1974-06-01,-0.57,-2.64,-1.02,-0.31,0.92,-2.91,0.27,-6.22,-2.73,-1.62,-6.84,-4.34
1974-07-01,-10.16,-11.91,-7.36,-0.52,-6.76,-8.22,-7.63,0.74,-12.83,-14.14,-7.22,-6.04
1974-08-01,-10.2,-6.71,-9.55,-8.65,-11.64,-4.74,-0.03,-8.69,-13.08,-8.06,-11.79,-9.56
1974-09-01,-12.06,-12.98,-13.42,-7.97,-11.61,-16.9,-3.81,-1.32,-12.27,-15.56,-7.11,-11.96
1974-10-01,15.7,4.5,14.23,20.78,20.22,14.71,10.85,13.02,10.0,29.59,21.01,19.34
1974-11-01,-3.86,-4.79,-5.48,-4.29,-6.66,-5.07,-3.07,-0.15,-5.75,-1.23,-2.14,-3.48
1974-12-01,-0.51,-4.09,-5.0,0.84,-3.25,-5.21,1.57,-0.83,-3.36,-3.32,-2.64,-6.03
1975-01-01,18.73,21.52,16.24,6.76,10.93,15.2,11.09,18.83,25.97,-0.75,17.32,18.57
1975-02-01,4.04,4.99,7.91,2.27,8.26,13.24,5.15,0.88,5.17,16.07,0.26,5.62
1975-03-01,7.16,6.62,5.2,-2.32,4.65,1.02,-0.88,-1.33,10.76,1.29,2.51,5.68
1975-04-01,3.02,4.08,8.59,7.25,11.59,5.62,-0.96,-1.63,2.59,0.65,1.33,5.08
1975-05-01,5.22,2.6,3.07,12.07,2.1,6.06,3.55,8.54,4.01,6.53,6.4,5.1
1975-06-01,5.28,10.24,3.69,6.5,3.44,2.06,4.05,10.74,7.45,0.96,6.34,5.61
1975-07-01,-5.38,-2.02,-6.07,-4.25,-5.58,-9.46,-4.21,-4.8,-7.47,-12.03,-7.32,-5.02
1975-08-01,-3.13,-3.48,-0.87,-0.88,-0.71,-2.85,-3.54,-1.23,-0.33,-3.32,-6.12,-4.24
1975-09-01,-2.44,-2.45,-5.2,-1.17,-7.1,-0.8,-1.27,-0.98,-3.54,-6.52,-7.53,-5.19
1975-10-01,10.58,8.91,4.88,-1.34,7.51,8.5,6.82,6.55,9.92,10.67,5.03,2.91
1975-11-01,4.09,3.27,3.01,-1.64,2.98,5.06,4.28,3.16,4.66,5.13,4.84,2.41
1975-12-01,-1.49,-0.45,-1.13,0.09,-1.91,-1.2,-0.12,1.35,-3.04,-6.36,-0.42,-0.12
1976-01-01,10.94,15.64,17.28,8.48,16.06,18.17,9.49,8.31,8.99,7.74,12.19,13.65
1976-02-01,-1.09,3.87,2.41,-3.16,0.3,1.07,3.54,-3.55,4.68,-6.56,1.95,4.29
1976-03-01,0.72,3.54,2.25,7.22,-1.47,3.05,0.57,1.45,3.44,6.54,3.25,0.87
1976-04-01,-1.66,1.85,-1.8,2.14,-0.5,-3.47,1.72,0.63,-4.67,-4.31,-2.62,-0.59
1976-05-01,-2.17,-3.13,-0.8,5.53,-2.15,0.49,-2.9,-1.47,-5.77,-2.82,-2.17,-1.32
1976-06-01,3.64,4.24,4.44,5.09,2.07,8.23,3.59,4.26,1.47,3.67,6.48,4.38
1976-07-01,1.48,-1.07,-2.01,-0.62,-1.43,-2.22,1.25,2.82,-2.24,-0.38,1.17,-1.31
1976-08-01,-0.34,-1.46,-1.4,-0.89,-2.36,-0.86,4.74,2.97,2.86,2.17,-0.16,-2.2
1976-09-01,1.59,4.49,1.39,5.92,0.45,2.91,1.6,4.08,0.45,3.63,0.56,1.31
1976-10-01,-1.62,-1.16,-3.69,-2.42,-2.4,-4.46,1.29,-0.81,-0.91,-3.74,0.64,-1.57
1976-11-01,1.74,-0.71,1.1,0.83,-3.69,1.56,3.15,3.15,4.85,-9.76,1.77,2.23
1976-12-01,5.21,9.67,5.04,6.33,7.75,3.77,3.45,6.5,2.33,6.29,8.88,7.85
1977-01-01,-4.08,-4.19,-5.67,0.29,-6.5,-3.93,0.12,0.84,-7.13,-8.83,-4.58,-3.68
1977-02-01,-1.39,-3.48,-0.48,-3.01,-0.94,-0.65,0.98,-3.42,-1.84,-0.21,-1.63,-1.83
1977-03-01,-1.4,-3.35,0.0,-2.07,-0.83,-0.09,-1.04,0.18,-2.75,-1.79,-0.52,0.39
1977-04-01,0.52,3.16,0.99,2.52,-0.61,-3.6,0.66,1.94,-3.44,-5.22,2.34,1.89
1977-05-01,-0.94,-0.53,-2.83,-0.43,-3.33,-1.5,1.43,1.67,-2.78,-1.89,-0.65,-1.16
1977-06-01,4.53,4.29,3.78,6.09,2.59,7.81,1.94,5.71,6.09,9.03,6.0,4.59
1977-07-01,1.18,-2.43,-4.12,-1.8,-2.39,-0.07,-0.85,0.87,-0.22,-2.23,0.43,-1.41
1977-08-01,0.11,-0.85,-1.47,-5.84,-0.87,0.59,-2.28,-3.25,4.63,3.84,-1.18,-1.2
1977-09-01,0.27,1.55,-1.15,0.74,-0.32,-1.84,3.48,2.01,-0.7,-0.89,-0.03,-0.19
1977-10-01,-3.35,-4.46,-5.03,-3.55,-3.62,-3.23,-5.05,-3.15,-3.18,-1.75,-4.8,-3.92
1977-11-01,4.59,1.87,4.66,3.47,3.52,5.28,2.16,4.29,5.55,6.09,5.86,7.28
1977-12-01,0.01,-0.75,0.74,1.89,0.86,2.33,2.15,-0.33,-1.23,0.62,-0.1,1.5
1978-01-01,-5.3,-6.82,-5.84,-6.93,-6.55,-4.67,-4.16,-4.54,-6.84,-1.89,-6.02,-4.43
1978-02-01,0.11,0.38,-2.07,-1.09,-3.99,-3.49,4.16,-0.42,-0.44,-3.02,0.08,-0.43
1978-03-01,4.17,6.1,4.36,2.05,2.73,-0.69,2.62,2.48,2.85,4.17,5.17,5.8
1978-04-01,6.92,9.63,11.47,6.7,11.17,13.34,2.93,0.18,10.83,9.24,9.98,8.63
1978-05-01,4.23,0.18,5.22,0.86,1.28,1.64,-0.39,0.71,1.26,5.17,1.32,4.12
1978-06-01,-0.26,-2.77,-1.37,-3.74,-1.63,-0.41,-1.54,0.83,-1.97,1.14,-0.53,-0.14
1978-07-01,3.5,4.73,8.79,3.34,5.15,8.69,1.43,2.82,5.13,8.87,5.2,8.4
1978-08-01,4.11,2.97,3.99,5.13,3.76,6.08,3.53,0.45,5.7,0.97,5.6,7.63
1978-09-01,-0.4,-0.51,-2.33,4.76,-1.45,-4.26,1.22,-0.25,-2.64,-2.71,-0.88,-2.12
1978-10-01,-11.58,-11.18,-12.25,-10.61,-8.99,-10.68,-4.5,-7.1,-14.18,-12.84,-11.47,-17.21
1978-11-01,2.19,0.68,3.28,6.18,1.75,5.15,3.02,3.0,2.63,5.18,1.75,3.47
1978-12-01,1.68,-0.62,1.61,2.82,0.85,6.51,0.1,-1.25,-0.66,3.42,1.37,1.2
1979-01-01,4.18,5.06,7.21,3.09,4.62,4.25,3.66,6.37,5.73,1.42,5.31,6.95
1979-02-01,-3.49,-3.6,-4.72,0.61,-3.83,-3.33,-0.65,-1.64,-4.42,-4.52,-3.34,-3.04
1979-03-01,4.15,6.6,7.52,9.28,6.97,7.53,0.16,2.32,6.12,5.04,7.44,9.04
1979-04-01,0.2,2.93,-0.33,4.33,-0.88,0.37,-2.15,-2.75,0.88,0.43,1.43,1.58
1979-05-01,-1.78,-0.69,-2.05,-2.46,-2.95,-1.96,0.09,1.44,-2.44,-2.64,0.19,-0.85
1979-06-01,3.32,3.0,3.9,9.27,2.38,0.42,1.93,4.97,2.8,4.83,8.71,4.94
1979-07-01,2.03,2.06,1.83,1.58,2.81,-1.71,-0.11,2.07,1.26,0.15,3.26,3.37
1979-08-01,7.56,4.72,7.59,7.93,7.81,6.01,1.52,2.05,8.88,8.58,5.04,6.7
1979-09-01,-1.87,0.39,-1.31,5.92,0.93,-1.73,-2.38,-2.19,-0.75,-0.55,-1.11,-0.12
1979-10-01,-7.66,-9.28,-9.08,-2.55,-8.13,-7.75,-5.07,-5.83,-8.89,-4.34,-10.08,-10.25
1979-11-01,5.16,-2.2,4.5,8.92,5.39,8.19,4.06,7.78,3.83,8.79,6.33,7.86
1979-12-01,3.37,3.26,4.64,2.49,4.06,1.68,-1.52,-1.01,3.07,2.08,1.79,6.88
1980-01-01,3.11,9.11,8.81,14.05,2.21,7.49,-2.07,1.55,1.31,-1.29,2.1,9.42
1980-02-01,-4.86,-6.35,-2.75,13.0,-1.78,-3.63,-1.4,-3.42,-4.86,-4.64,-5.01,-1.66
1980-03-01,-8.17,-8.8,-12.37,-17.91,-10.13,-12.67,-2.66,-6.6,-9.63,-2.85,-8.95,-15.73
1980-04-01,6.4,-1.75,2.37,6.86,5.59,0.56,7.33,12.04,4.5,4.29,6.88,5.34
1980-05-01,7.95,4.37,5.64,4.13,7.78,4.79,5.0,4.6,10.68,6.97,7.86,8.36
1980-06-01,2.99,2.79,2.82,5.84,1.07,3.08,-0.57,4.55,2.42,0.22,4.85,5.36
1980-07-01,7.74,11.75,11.48,2.01,9.35,15.41,1.0,-0.12,10.82,8.88,3.19,11.23
1980-08-01,1.47,1.53,1.47,3.66,1.96,3.62,6.3,-1.17,1.8,0.27,1.87,3.61
1980-09-01,0.2,0.93,3.67,6.53,0.83,1.88,-1.62,0.12,1.28,3.62,2.6,5.1
1980-10-01,0.29,-1.72,1.23,7.76,-1.47,1.77,-3.21,1.92,-1.15,-1.24,0.08,3.19
1980-11-01,0.93,4.89,8.81,24.3,7.25,9.91,-0.46,7.39,2.58,8.88,5.58,9.75
1980-12-01,1.0,-1.08,-2.54,-10.59,-0.98,-0.97,1.22,-1.92,-1.39,4.61,3.12,-2.98
1981-01-01,2.03,-2.24,-2.8,-10.16,0.29,-8.23,5.55,-2.56,0.44,-1.62,-2.74,-3.98
1981-02-01,2.48,6.45,4.27,-0.31,4.78,0.32,2.13,-1.27,2.68,1.8,1.88,1.44
1981-03-01,6.94,6.98,7.38,-2.05,2.42,5.04,1.17,3.0,12.84,5.87,6.96,11.14
1981-04-01,1.15,1.87,-0.87,-7.8,-1.19,-0.02,6.2,-2.69,2.89,3.03,0.65,0.08
1981-05-01,2.65,2.88,-0.14,-3.95,-1.07,4.34,7.21,1.84,2.86,3.46,2.74,2.86
1981-06-01,-0.18,-4.3,-2.36,4.71,1.7,-6.76,-1.91,3.46,-1.43,-5.6,1.7,-4.51
1981-07-01,-0.76,-2.91,-2.62,7.94,-3.76,-3.63,0.34,2.8,-3.4,-3.9,-3.09,-2.37
1981-08-01,-4.93,-7.93,-7.33,-6.34,-5.71,-7.3,-0.77,-0.85,-5.61,-7.75,-5.18,-5.99
1981-09-01,-2.17,-2.96,-7.44,-12.3,-6.61,-3.65,2.84,-5.54,-3.63,-1.29,-2.52,-8.65
1981-10-01,7.41,-4.15,2.94,9.6,5.82,5.14,6.02,4.89,6.76,7.96,7.47,6.81
1981-11-01,2.66,4.86,5.11,6.85,3.52,1.4,2.7,5.95,1.07,3.94,5.66,4.21
1981-12-01,-1.81,0.47,-1.32,-6.41,-2.46,-0.05,-1.45,-2.35,-1.92,-0.74,-3.86,-3.66
1982-01-01,-0.92,1.16,-3.87,-8.47,-1.79,2.91,0.67,-0.67,0.13,1.44,-2.12,-4.63
1982-02-01,-1.94,-2.05,-5.46,-11.2,-6.07,-5.22,-5.69,-0.34,-1.41,-1.74,-2.95,-5.33
1982-03-01,2.47,3.51,-1.96,-3.41,-1.11,-3.68,2.05,1.66,4.28,-2.56,-1.0,-1.66
1982-04-01,6.68,4.44,2.63,4.31,4.96,7.52,-1.36,3.85,5.31,7.39,3.16,4.33
1982-05-01,-3.29,-1.95,-5.06,2.34,-3.95,-5.39,0.2,-0.54,-2.73,-3.05,-5.52,-5.75
1982-06-01,1.66,2.67,-2.11,-6.26,-3.67,-2.38,-2.45,-2.21,2.65,-0.75,-2.62,-2.23
1982-07-01,-0.45,-0.33,-2.22,-8.11,-2.71,1.67,1.2,-2.59,0.22,0.78,-3.03,-3.03
1982-08-01,9.16,13.86,13.74,10.05,14.39,12.94,10.85,12.08,12.6,12.44,11.48,11.14
1982-09-01,5.14,-0.75,-1.33,1.85,-0.2,1.13,1.0,1.07,4.77,1.36,6.0,1.23
1982-10-01,10.46,16.52,13.45,5.5,12.14,17.07,8.12,4.73,16.87,8.22,15.17,16.53
1982-11-01,5.23,8.25,6.2,-4.58,4.72,10.73,6.0,0.12,11.19,5.17,6.5,9.51
1982-12-01,0.97,3.03,1.81,5.53,-1.84,2.66,-1.23,4.34,-2.07,0.58,-2.36,0.25
1983-01-01,-1.01,5.17,4.32,3.64,6.94,8.37,12.44,3.67,1.26,1.42,0.57,6.57
1983-02-01,3.76,3.64,4.28,-0.59,3.21,3.69,-0.37,1.59,7.91,2.83,5.42,3.33
1983-03-01,7.52,-1.15,1.88,5.93,2.59,0.65,0.64,0.25,8.51,4.54,6.81,2.11
1983-04-01,6.2,10.88,5.79,9.36,7.66,7.53,5.14,4.78,8.58,5.05,9.22,6.98
1983-05-01,-0.95,-2.08,2.38,1.33,1.3,2.69,-1.31,2.54,0.47,-2.75,0.54,5.31
1983-06-01,3.19,10.32,1.55,6.43,1.63,6.2,0.18,-0.55,6.11,6.92,0.34,3.79
1983-07-01,-2.66,-3.9,-2.86,-2.27,-1.94,-5.35,-5.17,1.02,-3.28,-5.68,-2.83,-4.97
1983-08-01,0.72,-2.37,-1.09,6.87,4.71,-1.03,2.2,1.52,-4.73,-1.01,0.72,-3.56
1983-09-01,4.66,4.39,2.99,-4.6,0.65,2.17,2.26,4.66,2.19,1.3,1.95,0.94
1983-10-01,-0.21,0.04,-2.38,-2.05,-2.02,-6.99,-5.19,3.05,-1.77,-2.18,-3.01,-5.97
1983-11-01,2.3,4.23,7.86,-0.45,3.25,2.18,3.17,-1.64,4.44,-3.03,3.99,5.98
1983-12-01,-0.47,0.92,-0.31,2.1,-3.07,0.44,-1.53,-3.64,-4.72,-3.63,-0.76,-1.17
1984-01-01,-0.71,-5.38,-3.32,9.85,-4.14,-6.25,4.1,1.44,-5.85,-0.57,-0.46,-3.51
1984-02-01,-5.65,-6.09,-6.71,3.96,-6.28,-5.89,-3.68,-3.34,-4.45,-2.03,-4.59,-5.57
1984-03-01,1.63,0.37,2.55,0.27,5.36,1.72,-4.3,-0.31,1.21,-0.67,2.08,3.07
1984-04-01,0.57,1.32,-0.61,3.98,1.08,-0.38,2.2,-0.5,0.34,2.32,-1.17,-3.58
1984-05-01,-2.41,-5.79,-6.14,-5.12,-5.17,-5.5,-3.57,-0.83,-5.18,-6.46,-7.4,-5.99
1984-06-01,6.32,2.11,3.79,-2.0,1.85,1.68,12.21,0.44,7.4,3.86,2.28,2.19
1984-07-01,-1.57,2.53,-1.28,-7.47,-1.97,-2.36,2.81,-0.01,0.12,-3.77,-0.68,-4.56
1984-08-01,8.69,10.0,12.06,14.01,11.54,13.92,6.72,7.78,9.86,10.44,10.92,11.61
1984-09-01,1.26,-0.2,-2.64,2.25,-2.39,-3.97,2.92,4.86,0.06,-4.42,3.21,-0.16
1984-10-01,1.38,2.15,0.84,-4.35,-0.1,-0.49,-0.8,3.35,-0.69,1.66,1.25,-0.46
1984-11-01,0.38,-3.03,-1.52,-0.99,-0.85,-3.85,-0.24,3.06,-2.91,-0.08,0.28,-1.88
1984-12-01,2.44,4.61,2.47,-0.57,1.32,2.6,5.12,2.65,0.76,2.71,4.49,1.76
1985-01-01,4.84,9.84,9.57,6.54,5.81,12.51,5.86,2.4,13.13,8.31,8.88,12.21
1985-02-01,5.07,-1.57,1.04,3.88,1.89,-1.37,2.69,1.37,2.1,3.6,2.17,2.01
1985-03-01,4.64,-5.23,-3.42,1.45,-1.34,-5.95,5.48,6.13,-0.61,3.07,0.08,-0.85
1985-04-01,-2.13,-3.45,-2.04,3.8,-0.11,-3.73,0.9,1.6,0.04,-1.77,2.58,-1.24
1985-05-01,7.98,5.9,5.71,0.62,6.97,2.79,6.63,5.38,9.6,9.37,6.2,6.51
1985-06-01,2.76,1.49,1.38,-0.64,1.91,-0.74,4.1,3.62,1.6,2.27,2.99,2.45
1985-07-01,-2.62,2.54,3.33,-0.59,3.4,4.52,-4.57,-4.65,-3.99,-0.47,-1.36,3.17
1985-08-01,0.7,-3.03,-1.25,1.58,-0.87,-2.62,0.53,1.92,-0.61,-0.82,-0.26,-0.63
1985-09-01,-0.57,-3.09,-4.34,-1.3,-3.09,-4.68,-4.08,-5.38,-4.33,-3.92,-4.49,-6.35
1985-10-01,3.57,0.98,1.83,5.95,6.84,2.98,4.16,6.33,6.83,2.87,7.67,3.07
1985-11-01,8.23,9.88,8.54,0.34,6.52,8.55,7.41,4.1,7.97,9.56,7.63,7.05
1985-12-01,5.46,7.0,4.06,-2.68,5.56,8.3,6.03,4.98,4.54,3.52,4.96,3.21
1986-01-01,1.79,2.09,2.18,-6.8,0.28,-0.37,-3.78,3.79,1.65,1.06,3.5,3.61
1986-02-01,10.83,10.74,9.78,0.87,11.26,4.92,7.39,6.59,7.82,6.07,8.64,7.47
1986-03-01,8.12,7.84,5.82,0.95,6.29,-0.23,4.18,3.98,8.56,12.08,5.85,5.54
1986-04-01,0.43,-3.31,-2.66,0.75,0.95,3.91,2.43,-3.93,0.4,0.71,-3.21,-0.4
1986-05-01,8.87,3.06,3.69,7.36,6.09,0.82,4.59,3.63,9.77,7.25,5.0,3.8
1986-06-01,6.32,-1.17,-0.77,-2.05,1.37,-3.89,5.38,5.05,3.94,5.68,2.02,0.22
1986-07-01,-5.73,-8.95,-7.94,-5.12,-6.5,-8.24,-2.98,5.13,-9.39,-5.36,-5.44,-9.76
1986-08-01,2.58,7.01,7.16,16.73,4.79,7.02,6.84,7.92,1.66,4.0,7.04,5.98
1986-09-01,-10.85,-8.12,-6.38,-0.88,-6.91,-6.98,-9.44,-9.11,-8.46,-12.6,-10.32,-3.74
1986-10-01,8.86,6.01,5.67,1.91,8.4,0.49,4.63,5.21,7.31,7.98,3.45,6.62
1986-11-01,0.72,4.64,2.06,3.25,3.32,3.61,3.98,0.55,1.61,1.37,-0.94,0.21
1986-12-01,-3.22,-2.57,-1.68,-0.46,-2.54,-3.77,-3.71,-3.3,-5.99,-1.22,-2.32,-3.36
1987-01-01,14.46,18.66,14.23,14.15,14.81,16.47,5.3,9.3,11.72,13.15,10.43,13.65
1987-02-01,5.61,3.59,4.81,-1.76,4.66,9.52,0.03,-2.15,9.81,11.12,3.94,6.99
1987-03-01,1.14,4.43,2.7,11.83,4.91,2.7,1.39,-1.68,1.68,0.15,-1.48,3.04
1987-04-01,-3.68,4.11,-2.02,0.11,-0.48,4.43,-2.47,-4.33,-2.7,-2.45,-4.95,-1.42
1987-05-01,2.63,-1.29,0.05,3.02,1.04,0.26,3.29,-1.85,-0.05,1.25,-0.75,2.04
1987-06-01,6.79,2.78,5.06,5.83,5.39,-0.07,6.95,3.4,6.26,4.78,4.94,3.74
1987-07-01,5.73,6.93,8.33,3.19,4.28,0.85,5.84,-1.67,5.7,5.79,1.89,7.24
1987-08-01,3.67,5.66,2.72,1.93,3.06,7.61,5.08,3.71,3.33,2.21,5.81,1.13
1987-09-01,-2.77,-3.83,0.76,-3.86,-0.66,-2.82,3.34,-2.31,-6.37,-2.57,-2.27,-0.65
1987-10-01,-20.98,-26.58,-28.58,-18.85,-24.53,-25.69,-12.16,-6.93,-27.91,-20.3,-21.24,-29.43
1987-11-01,-8.0,-8.33,-4.43,-10.66,-6.69,-9.95,-8.9,-2.55,-8.65,-9.31,-7.19,-5.09
1987-12-01,7.56,8.76,10.22,6.75,12.5,11.78,3.91,0.56,8.59,5.35,3.58,9.99
1988-01-01,3.04,4.28,0.63,8.43,-0.64,-2.5,10.03,9.77,5.62,6.37,8.83,0.43
1988-02-01,6.04,6.45,8.53,3.61,6.11,7.46,1.24,-1.41,10.27,4.21,3.08,7.54
1988-03-01,-1.52,-3.62,-0.65,2.62,-2.82,-4.83,-3.96,-3.18,-1.15,-2.49,-2.58,1.65
1988-04-01,-0.17,2.72,1.84,4.62,1.09,2.69,0.74,-0.3,1.6,-2.01,-0.46,-0.29
1988-05-01,-0.26,0.96,-0.05,-0.41,-1.22,-1.39,2.34,3.62,-1.41,-0.37,1.98,-1.41
1988-06-01,3.37,7.83,7.83,-2.08,6.93,9.52,2.91,3.23,6.44,2.78,5.54,7.17
1988-07-01,1.31,0.1,-1.92,3.59,-3.22,-4.95,0.15,-0.22,-0.93,0.51,0.25,-2.09
1988-08-01,-0.34,-6.38,-4.65,-1.5,-3.76,-8.15,-2.9,-0.12,-2.26,-1.08,-0.02,-2.49
1988-09-01,6.69,3.66,3.69,-2.47,3.01,2.9,7.07,2.67,8.14,3.76,3.88,4.36
1988-10-01,8.33,3.21,0.65,1.89,1.02,-0.08,2.97,2.51,1.39,1.26,-0.2,0.39
1988-11-01,-1.22,-0.88,-2.02,-0.29,-2.61,-3.04,0.05,-0.5,-2.7,-2.13,-2.6,-1.36
1988-12-01,3.27,0.39,2.46,1.83,4.83,4.63,1.25,1.04,1.59,1.76,-0.16,2.87
1989-01-01,5.6,7.41,6.62,6.26,9.49,7.1,8.36,2.67,6.18,6.81,6.74,7.08
1989-02-01,-1.27,-2.8,-2.03,-1.28,-2.27,-3.74,-1.37,-1.78,-1.87,-1.24,-0.41,-0.73
1989-03-01,5.7,-1.59,0.5,3.89,2.82,-5.39,5.29,0.55,2.63,4.91,4.82,1.44
1989-04-01,5.8,0.33,5.48,2.49,5.02,5.2,9.54,3.97,5.35,5.43,3.85,5.97
1989-05-01,4.93,1.86,4.35,2.7,2.11,2.39,5.92,5.28,5.28,3.37,4.06,4.53
1989-06-01,1.44,1.45,-3.11,-1.01,-1.61,-3.21,0.18,3.42,-2.13,-2.95,0.93,0.5
1989-07-01,11.9,5.24,7.79,3.76,7.21,2.96,9.13,5.81,9.17,13.57,8.09,8.08
1989-08-01,-1.98,4.89,3.41,3.52,6.76,2.52,0.8,-0.8,2.61,0.4,1.99,5.39
1989-09-01,-0.57,-4.66,-2.18,1.35,-3.5,-2.81,4.03,0.48,-2.35,2.34,2.09,0.23
1989-10-01,-2.45,-5.73,-4.59,0.75,-3.74,-4.47,-1.96,1.01,-4.03,0.37,-4.09,-6.23
1989-11-01,1.69,-1.12,3.34,3.99,2.41,-2.03,2.11,3.24,1.22,4.56,-0.5,0.76
1989-12-01,1.39,-1.35,2.29,6.0,4.57,-1.02,5.85,4.8,1.22,1.04,-2.51,0.05
1990-01-01,-9.47,-3.52,-5.66,-4.28,-7.85,-1.44,-13.04,-5.35,-6.41,-7.3,-9.62,-7.63
1990-02-01,-0.55,5.05,2.74,3.11,2.13,3.95,-0.26,0.21,1.93,-2.08,2.28,3.04
1990-03-01,4.63,2.88,4.55,-0.59,2.21,4.65,4.22,-0.75,5.16,3.8,-1.6,1.76
1990-04-01,-0.17,-4.08,-3.0,-3.58,-2.17,-1.96,-3.29,-5.52,-2.08,0.34,-4.19,-2.1
1990-05-01,9.09,7.75,7.77,6.05,8.98,12.42,9.2,5.43,11.53,12.81,9.26,9.08
1990-06-01,2.08,-2.21,-0.55,-2.04,-0.56,-1.34,-4.74,0.75,1.53,4.42,-1.89,-1.39
1990-07-01,-0.79,-3.45,-0.06,8.3,0.78,-7.67,-4.42,0.9,-4.14,2.67,-4.72,-1.66
1990-08-01,-7.37,-14.24,-11.8,-1.3,-12.49,-11.99,-10.38,-6.64,-12.04,-6.65,-10.99,-11.87
1990-09-01,-4.07,-10.63,-8.54,-1.62,-6.68,-6.53,1.82,0.48,-8.77,-4.32,-11.42,-7.6
1990-10-01,2.5,-3.29,-3.75,-3.97,2.48,-3.18,3.02,7.22,-3.04,1.46,-7.16,-5.39
1990-11-01,6.56,4.17,6.76,1.62,8.76,11.02,2.12,2.31,10.43,9.68,14.29,5.03
1990-12-01,4.4,-0.41,5.4,-2.04,3.88,4.09,1.51,0.79,3.3,2.87,5.54,5.38
1991-01-01,5.1,7.37,7.94,-2.03,2.58,15.08,0.02,-1.37,9.39,4.78,7.22,7.71
1991-02-01,10.31,10.27,5.88,8.56,5.74,5.98,3.03,4.84,8.35,10.16,10.82,8.04
1991-03-01,4.82,1.22,1.53,1.29,1.13,0.23,2.3,1.72,8.6,6.24,5.83,-1.7
1991-04-01,-0.99,-2.28,-0.23,2.4,2.25,-2.77,1.13,-0.05,2.02,-1.21,1.78,0.55
1991-05-01,3.61,14.88,7.47,-1.42,7.89,3.71,-1.46,0.15,7.72,4.47,4.67,5.52
1991-06-01,-4.96,-4.49,-4.15,-3.66,-4.52,-8.87,-1.49,-2.37,-4.31,-4.19,-5.34,-5.07
1991-07-01,5.77,-0.42,2.21,5.03,5.13,4.76,3.11,3.99,5.31,8.51,5.75,2.75
1991-08-01,5.48,-2.15,2.02,1.63,1.52,2.82,0.66,3.52,3.6,2.95,4.46,0.73
1991-09-01,-3.24,-2.67,-2.49,-0.68,-1.91,-1.51,0.37,3.72,-3.16,-0.33,-0.25,-1.52
1991-10-01,-0.54,-1.99,1.68,2.06,1.03,2.11,1.93,1.25,-1.94,6.53,2.05,2.68
1991-11-01,-0.42,-8.02,-5.81,-7.75,-5.03,-4.31,-4.75,1.9,-1.2,-2.53,-5.22,-5.83
1991-12-01,14.77,7.61,11.64,2.15,11.44,9.33,9.85,5.01,13.04,16.6,13.37,11.39
1992-01-01,-3.12,10.5,2.04,-4.13,2.9,6.39,-2.88,-4.57,0.28,-5.44,0.8,4.63
1992-02-01,1.05,12.36,2.49,-0.54,1.57,3.83,-1.45,-1.24,2.64,-2.74,2.92,3.37
1992-03-01,-1.51,0.8,-1.98,-2.72,0.64,-5.07,-0.87,-0.53,-1.36,-5.53,-0.9,-4.83
1992-04-01,0.76,7.95,2.07,9.46,5.08,-0.87,7.1,2.69,-3.51,-2.3,0.95,-0.14
1992-05-01,1.31,-1.93,-0.66,3.15,-0.5,0.16,-2.61,2.54,0.24,1.11,2.51,-0.79
1992-06-01,-2.81,2.18,-2.13,-3.5,-5.56,-4.04,1.49,0.54,-1.92,-4.78,1.21,-2.85
1992-07-01,4.67,0.3,1.9,5.28,5.13,2.89,5.46,6.73,3.83,5.79,3.45,2.32
1992-08-01,0.87,-9.61,-3.01,2.55,-4.63,-4.37,-0.97,-0.47,-0.5,-3.46,-3.3,-3.85
1992-09-01,1.06,0.1,2.03,0.13,1.25,3.34,1.91,0.83,4.08,-4.86,3.3,3.74
1992-10-01,-0.82,-0.02,0.32,-3.5,2.37,1.98,-0.55,-0.42,4.36,3.34,2.81,3.32
1992-11-01,3.62,8.58,4.7,-2.71,2.31,6.56,3.88,-0.23,7.08,4.84,6.58,5.07
1992-12-01,0.05,3.35,2.07,1.99,0.08,0.03,5.64,2.71,0.61,-1.35,4.6,1.89
1993-01-01,-0.8,9.58,1.45,2.78,-2.71,4.82,1.33,2.46,0.09,-6.87,3.72,2.5
1993-02-01,-2.14,-0.3,1.56,6.02,2.07,-0.47,5.6,6.23,-1.48,-9.01,0.91,-1.05
1993-03-01,0.0,5.4,2.61,4.09,1.25,2.27,3.35,1.76,2.78,0.73,4.3,2.52
1993-04-01,-9.32,2.44,-0.48,1.1,1.26,-3.56,-2.88,-0.15,-8.09,1.29,-3.78,-2.06
1993-05-01,2.67,1.1,2.8,1.82,1.29,8.75,4.16,-0.04,5.87,3.6,0.4,4.68
1993-06-01,-0.69,3.45,0.47,-1.11,-2.01,-0.53,4.64,3.19,-2.89,-2.98,3.91,-1.43
1993-07-01,-2.36,1.49,0.22,0.47,-0.9,-3.85,2.14,1.94,0.73,-5.98,2.41,1.15
1993-08-01,4.3,0.47,3.9,4.28,2.47,6.58,5.25,3.7,3.93,3.03,3.12,4.36
1993-09-01,-1.84,1.0,-1.71,1.34,-2.32,1.18,-0.48,-0.64,-0.38,0.84,2.38,0.28
1993-10-01,6.04,7.73,2.35,-1.97,4.87,1.62,2.42,-1.97,4.59,5.93,-3.79,1.48
1993-11-01,0.69,0.67,1.23,-5.99,1.61,-0.17,-5.96,-5.52,0.76,0.98,-3.84,-0.44
1993-12-01,1.47,4.44,4.22,0.6,2.64,2.98,-0.53,1.61,-1.88,2.32,2.25,3.16
1994-01-01,-0.41,7.17,4.12,4.88,6.6,4.64,2.17,-1.2,1.1,1.74,4.11,4.92
1994-02-01,-1.27,-4.43,-0.64,-2.96,-0.75,1.75,-5.5,-4.98,1.88,-5.42,-4.03,-3.42
1994-03-01,-4.04,-6.48,-4.43,-3.58,-4.34,-3.8,-3.61,-3.94,-4.84,-6.75,-3.24,-6.66
1994-04-01,1.23,-0.59,-1.39,4.19,3.43,-1.5,1.59,2.13,0.21,2.25,2.51,-1.32
1994-05-01,-1.35,-2.64,1.94,0.94,2.27,2.09,1.63,-5.36,-1.81,4.31,4.36,-0.15
1994-06-01,-1.9,-3.42,-2.32,-2.7,-3.24,-5.13,0.62,-3.15,-2.63,-3.42,-2.58,-2.73
1994-07-01,2.92,3.48,4.85,3.25,3.98,3.79,3.1,5.19,0.94,1.1,2.81,2.41
1994-08-01,6.05,-0.04,3.85,-0.1,6.78,9.22,1.02,0.66,4.41,10.87,3.54,3.34
1994-09-01,-0.32,-5.06,-1.82,-2.1,-1.28,-0.39,-1.15,-2.79,-2.32,1.71,-4.76,-2.82
1994-10-01,2.2,-1.74,0.18,7.4,1.45,7.1,-0.13,1.59,1.3,0.91,0.32,-0.58
1994-11-01,-1.67,-5.07,-5.25,-4.86,-5.54,-2.09,-5.42,0.28,-3.42,0.43,-5.36,-4.72
1994-12-01,1.33,3.88,4.55,-0.99,2.72,2.47,0.86,0.35,-2.7,0.57,1.34,1.55
1995-01-01,1.81,-5.75,-0.21,0.37,-0.87,-0.8,4.16,6.22,1.59,6.06,5.63,2.29
1995-02-01,2.94,5.12,5.87,4.5,4.77,6.68,1.51,0.82,2.66,2.32,4.91,4.71
1995-03-01,2.76,1.43,3.21,5.28,4.25,4.58,0.24,-1.75,3.62,2.77,1.18,3.67
1995-04-01,1.9,1.44,2.66,2.22,3.62,8.26,1.62,2.38,-1.72,3.0,1.79,1.74
1995-05-01,4.75,4.8,3.13,4.08,3.38,2.93,0.91,6.04,2.67,1.63,6.22,0.08
1995-06-01,1.68,0.75,2.67,-3.07,0.75,9.72,3.87,-0.46,4.94,4.48,1.77,3.43
1995-07-01,1.15,2.46,4.59,2.29,1.23,7.71,5.07,-0.37,3.57,5.47,4.19,6.13
1995-08-01,0.64,0.79,-0.29,-1.58,-0.03,0.0,4.38,0.99,-2.71,1.03,5.2,0.23
1995-09-01,6.73,-0.64,1.5,1.29,4.07,1.26,5.75,6.3,2.89,7.38,5.77,1.15
1995-10-01,0.54,-4.9,-2.67,-0.26,-2.59,1.49,0.15,1.48,-5.48,1.03,-1.92,-2.18
1995-11-01,4.52,5.5,6.4,4.79,6.46,-0.46,2.79,1.58,6.14,4.93,6.74,4.36
1995-12-01,1.51,3.06,1.9,5.8,0.48,-4.12,4.12,5.1,-0.84,5.89,1.24,0.53
1996-01-01,2.61,3.47,2.73,-0.41,4.76,1.98,2.28,1.86,-0.3,6.05,3.83,2.59
1996-02-01,3.22,2.03,0.56,1.02,1.73,6.33,-2.38,-2.67,4.41,-1.12,2.12,2.28
1996-03-01,-0.84,4.34,2.88,5.01,4.75,-3.35,-2.01,-0.52,5.97,0.21,1.02,3.95
1996-04-01,0.17,3.6,2.49,3.45,-0.33,9.7,2.88,-2.66,4.27,-0.61,-1.05,3.67
1996-05-01,6.55,2.24,2.89,0.52,0.78,3.88,-0.02,1.32,4.39,3.91,1.43,1.72
1996-06-01,3.2,-4.83,-0.33,0.97,-0.67,-4.73,0.55,5.27,-1.71,-0.25,0.69,-2.63
1996-07-01,-4.05,-4.54,-4.46,-4.63,-2.83,-7.39,-8.49,-5.81,-7.62,-6.25,-2.45,-8.55
1996-08-01,-0.81,3.01,3.45,2.94,2.4,4.38,-1.32,2.89,6.07,4.31,4.25,3.12
1996-09-01,3.75,1.37,5.89,4.01,6.8,10.71,1.62,0.68,3.68,7.36,5.83,3.17
1996-10-01,1.55,3.22,1.44,5.96,2.18,-1.87,-0.31,3.61,-2.29,-0.85,5.46,-0.22
1996-11-01,5.16,6.04,6.19,5.54,5.77,12.0,5.49,2.6,3.11,6.61,8.38,4.79
1996-12-01,0.5,-2.26,0.1,0.79,-1.58,-2.77,2.9,0.13,-3.43,-2.62,-1.64,-2.27
1997-01-01,5.75,2.99,3.91,4.35,4.9,9.29,2.29,0.92,0.1,9.57,6.56,4.43
1997-02-01,4.15,0.55,0.26,-5.74,1.73,-7.4,2.57,-0.57,3.16,0.93,3.93,-1.56
1997-03-01,-5.24,-3.32,-3.89,5.23,-2.99,-5.64,-7.83,-2.79,-1.45,-7.48,-6.53,-3.68
1997-04-01,5.31,3.81,5.32,0.03,5.49,7.74,2.49,-1.39,2.11,6.07,6.02,2.26
1997-05-01,5.93,6.3,8.45,7.32,6.21,10.15,6.56,3.63,6.03,7.01,5.67,7.25
1997-06-01,3.58,3.35,5.2,1.28,5.22,1.41,3.46,3.14,5.1,8.87,6.0,2.8
1997-07-01,3.34,7.46,7.08,7.43,7.45,16.02,2.25,2.83,7.8,2.1,10.51,5.36
1997-08-01,-6.41,1.23,-4.71,0.29,-7.28,-1.4,-2.41,-1.16,-2.52,-6.1,-5.62,-1.86
1997-09-01,5.54,5.19,3.87,6.25,2.08,3.41,9.65,4.62,5.3,6.61,8.21,7.42
1997-10-01,-3.15,-3.37,-6.69,-2.02,-3.5,-8.26,2.88,0.89,-1.97,0.09,-2.11,-5.0
1997-11-01,6.46,-1.42,3.82,-3.48,5.28,1.45,10.68,7.18,5.31,2.77,3.54,1.05
1997-12-01,3.77,3.63,-1.07,-1.46,1.79,-4.24,4.16,8.01,-0.15,3.52,5.79,3.24
1998-01-01,-2.73,0.49,1.72,-5.66,-1.94,5.29,5.09,-4.38,0.9,5.66,-2.64,0.17
1998-02-01,4.96,12.29,6.53,6.79,8.56,10.3,2.41,2.64,10.38,5.53,8.91,6.16
1998-03-01,5.88,6.18,5.15,4.8,3.92,1.3,10.09,6.7,6.79,3.58,5.89,5.87
1998-04-01,-3.24,1.8,1.12,3.74,1.47,5.22,-3.21,-2.49,-0.63,1.91,2.09,1.71
1998-05-01,1.1,6.15,-3.83,-4.27,0.97,-7.05,-1.82,-1.09,2.12,-2.5,-2.3,-5.57
1998-06-01,4.14,1.12,-1.16,-1.24,0.31,8.77,2.93,3.0,5.26,6.2,3.7,1.17
1998-07-01,-4.14,-1.04,-4.85,-6.49,-8.05,0.55,3.82,-5.41,-2.92,-0.26,-1.16,-3.69
1998-08-01,-13.1,-18.96,-15.64,-10.39,-10.82,-17.68,-12.36,1.96,-14.2,-12.37,-21.97,-19.49
1998-09-01,1.26,0.8,1.91,12.95,-2.47,15.12,10.27,8.17,1.48,12.09,2.43,5.21
1998-10-01,10.99,10.63,11.2,1.16,11.46,6.25,6.74,-1.77,10.69,3.83,9.09,5.66
1998-11-01,6.41,5.24,4.05,0.61,2.13,11.69,3.66,1.33,9.46,6.19,6.19,5.59
1998-12-01,0.33,3.74,3.29,-1.24,0.02,15.19,14.39,2.86,9.22,4.94,3.12,4.32
1999-01-01,-3.47,4.9,2.26,-4.97,-3.95,15.12,9.13,-6.25,2.18,0.28,0.33,3.03
1999-02-01,-3.99,-4.5,-3.09,-3.26,0.67,-11.57,-2.89,-3.63,-1.34,0.17,0.63,-2.09
1999-03-01,-2.03,-0.37,4.55,15.28,5.75,8.54,-0.68,-1.64,2.7,2.51,2.97,0.48
1999-04-01,3.91,9.41,8.7,15.77,11.49,2.26,7.75,7.35,0.38,-5.53,6.35,7.8
1999-05-01,1.37,-4.47,-2.91,-3.1,-4.35,-0.83,0.66,6.73,-2.98,-2.03,-3.84,-4.0
1999-06-01,0.26,0.93,5.85,-1.48,0.9,11.59,5.88,-4.49,8.07,4.43,2.83,3.74
1999-07-01,-2.44,-6.03,-1.49,1.64,-0.26,-1.71,-1.72,-0.58,-5.0,-4.4,-5.73,-6.72
1999-08-01,-4.59,0.6,-0.35,1.92,-1.01,5.5,-8.25,0.58,-5.96,3.76,-5.12,-4.79
1999-09-01,-6.91,-8.37,-1.56,-3.96,-7.51,-0.03,4.65,-4.28,1.27,-7.07,-5.58,-1.27
1999-10-01,6.6,4.6,4.94,-1.57,7.97,3.01,8.3,2.16,3.21,10.73,14.02,2.62
1999-11-01,-1.1,-2.2,-1.51,3.81,0.52,12.75,4.61,-7.36,4.15,1.52,-3.65,1.98
1999-12-01,-2.64,2.75,12.05,0.63,5.4,20.76,4.53,-2.37,6.76,-5.62,-1.08,10.3
2000-01-01,-4.72,-1.33,-8.76,1.28,-8.37,-5.28,-3.85,5.54,-11.01,7.63,-4.49,-5.13
2000-02-01,-6.27,-8.81,-1.54,-5.6,-10.19,17.94,-3.69,-7.07,-3.95,-2.51,-8.8,-1.7
2000-03-01,7.43,10.89,11.06,11.92,-3.88,4.22,8.27,5.89,13.39,-0.03,16.95,5.21
2000-04-01,-1.96,8.69,1.8,-2.31,0.19,-10.52,-8.33,7.42,-4.48,5.04,-3.69,-0.33
2000-05-01,7.1,-12.31,-2.69,9.39,1.97,-10.86,-9.97,3.96,-2.83,3.72,4.97,-2.02
2000-06-01,2.18,-8.99,-0.2,-5.05,-5.14,12.61,3.99,-4.68,-2.21,10.99,-4.28,1.23
2000-07-01,0.72,4.73,-1.7,-2.68,-0.91,-5.16,-6.74,3.87,-1.22,-6.51,8.63,-0.35
2000-08-01,-2.08,5.44,9.7,8.75,2.32,12.7,-1.49,11.66,-2.4,3.5,10.11,7.55
2000-09-01,3.73,-4.16,-7.76,4.56,-0.78,-14.79,-4.45,8.8,2.66,3.67,2.48,-3.92
2000-10-01,7.48,2.55,2.03,-2.81,6.41,-7.47,-0.17,-1.67,-1.75,2.06,-0.53,-2.93
2000-11-01,2.7,-11.14,-5.18,-2.52,1.37,-23.21,-16.53,2.96,-1.04,0.75,-5.12,-8.02
2000-12-01,5.44,0.08,6.6,7.5,7.68,-8.06,-4.27,6.47,5.67,3.49,9.8,-0.57
2001-01-01,-2.18,13.05,1.56,-3.43,-5.9,16.23,15.5,-10.23,6.41,-8.51,-0.46,3.24
2001-02-01,0.14,-1.25,-4.88,-0.03,-1.52,-26.11,-10.3,6.18,-5.33,-0.54,-5.07,-2.46
2001-03-01,-4.78,-3.33,-5.85,-0.1,-6.46,-13.89,-6.0,1.05,-2.87,-8.59,-3.32,-7.3
2001-04-01,0.92,8.7,9.68,10.02,3.13,18.0,4.01,5.41,5.6,4.25,4.1,10.93
2001-05-01,3.4,-1.56,1.86,0.1,2.79,-3.26,-1.63,0.47,1.61,2.77,3.67,3.66
2001-06-01,-1.52,3.79,-6.19,-7.46,-1.3,1.4,-2.68,-6.15,-2.58,-2.98,0.69,-1.77
2001-07-01,-0.54,3.26,0.4,-2.23,0.86,-7.54,-0.96,-3.84,4.55,2.28,-0.63,-6.15
2001-08-01,1.99,-10.05,-3.31,-3.5,0.57,-12.63,-8.64,0.53,-6.92,-3.1,-5.26,-5.16
2001-09-01,-3.52,-17.27,-15.96,-6.18,-5.11,-19.05,-2.35,-6.6,-9.51,-0.63,-5.53,-13.99
2001-10-01,1.28,1.07,4.81,5.14,2.15,15.74,-9.57,1.76,1.57,1.26,-1.53,0.71
2001-11-01,2.58,15.01,8.82,-4.21,7.67,15.97,5.85,-1.43,9.81,5.02,6.73,8.41
2001-12-01,1.89,-0.84,3.95,5.97,-0.16,-0.68,2.6,4.04,4.34,-2.82,3.15,5.22
2002-01-01,0.87,2.85,2.0,-2.87,0.57,-0.47,-7.15,-4.33,2.61,-2.41,-1.19,-2.69
2002-02-01,4.24,3.27,4.59,5.56,3.86,-13.18,-2.75,-0.36,-0.15,-0.45,-1.11,2.0
2002-03-01,3.8,6.89,4.89,7.69,5.0,6.49,0.36,10.29,2.09,0.54,6.29,2.48
2002-04-01,2.12,1.93,-1.03,-4.55,-2.56,-11.9,-12.76,-0.42,-1.62,-7.55,-1.02,-7.62
2002-05-01,1.27,-0.43,-0.84,-0.74,1.07,-3.55,3.0,-6.92,-1.44,-2.28,-0.16,-1.74
2002-06-01,-6.05,-8.16,-3.69,0.01,-1.4,-12.2,-14.4,-5.81,-5.1,-9.53,-4.76,-6.13
2002-07-01,-6.63,-11.92,-10.1,-11.83,-5.05,-9.68,-11.67,-12.14,-11.43,-2.76,-7.03,-4.6
2002-08-01,2.25,0.62,-2.76,0.63,1.74,-0.95,0.2,3.4,1.84,0.65,2.25,-1.97
2002-09-01,-7.73,-10.9,-9.79,-7.85,-5.47,-16.67,-9.85,-10.88,-9.44,-5.89,-10.41,-11.08
2002-10-01,5.06,-2.71,4.03,3.14,3.3,19.45,21.94,-0.61,5.72,5.68,7.28,3.84
2002-11-01,-1.09,11.99,8.41,3.02,2.13,16.33,11.81,1.58,1.9,3.78,3.22,7.13
2002-12-01,-0.23,-6.52,-5.03,0.84,-1.36,-12.96,-9.51,3.83,-6.99,-4.09,-4.25,-6.28
2003-01-01,-3.93,-3.4,-4.44,-2.5,-3.36,-1.51,-4.11,-3.21,-4.76,-0.6,-1.61,-4.62
2003-02-01,-2.88,-4.79,-1.82,1.95,-3.14,1.19,-6.45,-3.98,-1.21,-1.96,-3.26,-1.01
2003-03-01,-2.62,-2.57,-1.16,1.5,6.16,-0.95,-0.43,4.31,4.68,3.73,0.21,3.41
2003-04-01,4.38,15.05,6.72,-0.47,5.54,9.24,11.26,7.23,8.97,4.27,11.14,12.91
2003-05-01,9.54,2.86,6.21,8.66,1.81,9.76,6.32,10.16,3.48,3.94,5.61,4.31
2003-06-01,1.66,2.42,1.82,-0.96,-1.91,0.34,2.09,1.06,3.44,4.16,0.64,1.65
2003-07-01,-1.69,6.67,5.96,-2.62,2.98,5.59,-1.71,-5.43,3.29,0.48,4.37,1.67
2003-08-01,0.29,8.03,5.7,6.19,0.8,6.09,1.26,1.92,6.73,-2.82,-0.53,3.72
2003-09-01,1.14,-4.21,-5.22,-2.18,-0.56,-0.93,-5.52,3.84,-4.54,0.3,0.58,-0.58
2003-10-01,5.93,7.31,10.59,1.65,5.41,8.26,6.83,1.51,9.03,0.87,6.96,4.76
2003-11-01,3.59,3.07,2.67,0.65,0.81,1.86,-0.63,0.95,0.56,1.82,0.96,1.67
2003-12-01,3.44,11.9,7.25,13.6,5.59,2.14,7.57,5.86,-2.13,5.64,4.14,4.62
2004-01-01,0.06,-0.76,-0.86,0.23,-0.34,4.48,1.65,1.91,0.45,3.1,3.39,1.66
2004-02-01,4.26,0.0,1.54,4.54,2.92,-2.93,-0.42,2.11,6.1,0.89,2.89,0.03
2004-03-01,-0.09,-1.36,-0.57,0.02,0.36,-2.51,-2.03,1.14,0.28,-3.91,-0.71,-0.55
2004-04-01,1.41,2.46,-0.87,2.66,1.35,-4.92,-0.43,-3.57,-2.72,3.51,-4.26,-2.1
2004-05-01,-1.91,-1.64,1.86,0.55,1.25,4.86,-2.96,1.26,0.3,-0.42,1.56,2.09
2004-06-01,1.67,5.34,6.16,5.46,3.45,2.66,0.8,2.03,0.03,-0.5,0.54,3.37
2004-07-01,-5.97,-4.64,-3.95,3.32,-4.28,-8.52,-1.0,1.06,-4.03,-5.93,-2.23,-2.51
2004-08-01,0.79,-2.23,0.02,-1.38,4.27,-4.52,1.17,3.67,-1.2,1.64,3.12,-0.76
2004-09-01,-2.02,2.3,2.92,8.82,-0.15,3.44,1.33,1.38,2.61,-1.41,0.12,3.29
2004-10-01,2.84,-3.0,-1.32,0.64,-1.74,5.14,3.31,4.24,3.06,-2.43,0.62,2.13
2004-11-01,4.61,7.27,7.78,6.58,5.98,5.72,3.63,4.89,3.67,0.67,4.61,4.86
2004-12-01,4.77,4.88,2.09,-2.31,3.48,3.09,4.18,2.48,3.5,5.66,4.16,4.89
2005-01-01,0.23,-7.02,-2.03,3.03,-1.15,-6.35,-4.24,1.76,-1.03,-4.08,-2.08,-2.35
2005-02-01,0.73,-0.25,4.03,19.45,4.16,0.02,-0.44,2.36,0.63,2.44,-0.25,0.96
2005-03-01,-0.85,-8.0,-1.59,-3.44,-0.94,-2.55,-0.04,0.61,0.22,-0.48,-3.23,-0.64
2005-04-01,-0.96,-11.05,-5.08,-5.61,-3.81,-4.49,-2.0,2.13,-5.28,3.95,-0.87,-3.03
2005-05-01,2.33,8.81,4.03,2.1,0.5,8.23,1.5,1.66,6.43,1.48,3.32,3.1
2005-06-01,-1.67,2.1,-0.7,5.76,-2.19,-1.69,0.19,5.56,2.44,-0.58,2.42,-0.5
2005-07-01,2.71,5.42,6.56,5.89,4.32,6.08,3.13,2.98,5.83,3.72,1.74,3.86
2005-08-01,0.08,-2.87,-0.42,5.81,-3.38,-0.38,-1.2,1.25,-5.6,-0.31,-1.45,-2.06
2005-09-01,0.37,-4.34,1.09,7.26,0.31,0.7,-1.47,4.38,-1.8,-1.93,1.17,1.24
2005-10-01,-1.5,-5.21,-3.18,-10.16,-0.61,-1.77,-3.03,-6.85,1.54,-3.26,2.51,-1.32
2005-11-01,0.99,2.21,6.6,1.01,2.7,6.53,2.64,-0.22,3.94,1.59,4.49,5.68
2005-12-01,-0.07,-0.65,1.55,0.44,1.2,-1.96,-1.73,1.24,-0.59,2.4,0.31,0.0
2006-01-01,0.1,5.79,6.25,12.54,2.9,3.99,3.86,3.03,2.01,2.19,1.29,2.3
2006-02-01,1.15,-0.38,1.35,-8.14,0.31,-1.01,3.3,0.23,1.4,1.05,1.6,-0.2
2006-03-01,1.24,2.66,4.36,4.0,0.11,2.89,1.8,-3.65,2.43,-1.01,0.64,4.3
2006-04-01,1.05,0.28,4.75,4.52,2.58,-1.14,1.47,1.82,-1.58,-1.86,2.81,0.85
2006-05-01,1.06,0.63,-3.44,-3.46,-3.13,-6.9,0.0,1.51,-1.87,-2.2,-3.6,-2.15
2006-06-01,0.3,1.87,-0.63,2.73,-0.2,-1.42,2.95,2.42,0.29,-0.11,-0.43,-0.25
2006-07-01,3.55,-3.01,-4.54,5.06,-1.6,-3.81,2.44,4.83,-4.29,4.12,1.38,-5.3
2006-08-01,3.06,2.37,0.34,-3.24,5.84,7.43,2.28,2.28,2.22,2.33,1.5,2.24
2006-09-01,-0.65,4.22,1.98,-3.81,1.68,3.63,3.66,-2.12,5.69,1.53,3.59,2.43
2006-10-01,2.81,4.96,4.54,5.2,4.17,4.09,5.2,5.36,3.92,1.7,2.01,4.84
2006-11-01,1.45,1.8,4.63,8.59,1.25,3.07,0.63,3.06,-1.23,0.07,0.9,2.92
2006-12-01,2.02,-0.81,0.05,-1.93,1.5,-0.95,4.33,0.73,1.46,0.13,3.75,2.07
2007-01-01,1.54,2.91,3.28,-1.33,2.9,1.98,2.73,0.48,3.64,3.51,0.37,2.4
2007-02-01,-1.49,-0.4,0.93,-2.12,0.22,-2.35,-2.78,4.16,-0.68,-2.85,-2.52,-1.85
2007-03-01,2.65,-1.1,2.0,5.9,0.87,0.87,2.31,4.33,0.8,-0.25,-0.37,-0.03
2007-04-01,3.62,6.21,5.4,5.13,2.32,4.87,1.74,3.92,2.28,6.78,3.64,2.65
2007-05-01,2.88,3.17,6.17,7.15,1.72,3.9,7.31,1.19,2.36,1.14,2.81,3.88
2007-06-01,-1.06,1.88,-0.59,0.86,-0.88,0.53,-1.8,-4.82,-1.97,-3.37,-3.68,-1.02
2007-07-01,-4.15,-5.8,-0.06,-1.1,0.05,-1.03,-3.11,-3.73,-5.32,-4.02,-7.43,-1.0
2007-08-01,1.82,-1.79,-0.2,0.23,2.7,2.88,-0.86,1.84,1.53,2.32,1.61,0.45
2007-09-01,4.0,1.72,5.0,7.84,6.4,4.19,2.05,3.48,-0.65,3.54,1.89,3.98
2007-10-01,2.18,0.95,0.43,2.79,2.17,6.78,-2.18,6.56,1.17,1.41,-1.44,3.38
2007-11-01,0.85,-8.96,-4.08,-4.34,0.41,-7.56,-6.25,-0.71,-3.73,0.01,-6.2,-5.51
2007-12-01,-1.01,-2.16,0.69,7.7,1.63,1.47,-0.25,0.9,-2.68,-3.95,-4.13,-2.33
2008-01-01,-5.19,-5.2,-7.48,-9.11,-7.32,-12.42,-7.78,-6.93,-0.47,-4.61,-1.12,-3.62
2008-02-01,-0.13,-6.0,-0.17,6.94,2.61,-3.59,-3.85,-3.03,-4.65,-0.93,-10.81,-2.71
2008-03-01,1.18,-4.14,-0.87,-2.89,1.28,0.71,-0.05,0.81,1.85,-1.77,-3.93,1.24
2008-04-01,-1.15,6.56,6.3,10.63,2.66,6.5,4.62,6.39,5.01,0.43,5.51,0.33
2008-05-01,3.38,1.33,4.2,4.28,1.49,5.69,4.79,3.59,1.19,1.62,-4.23,0.61
2008-06-01,-7.34,-19.5,-10.8,2.82,-5.89,-8.88,-10.92,-0.41,-8.09,-3.01,-17.54,-10.36
2008-07-01,2.26,-0.66,-2.06,-15.66,3.31,-0.61,-3.09,-7.1,1.14,6.75,7.21,0.2
2008-08-01,1.72,1.66,1.48,-0.04,1.31,2.4,4.0,-0.46,5.39,1.77,0.39,1.15
2008-09-01,-2.96,-8.99,-15.82,-12.12,-9.24,-12.51,-12.61,-11.84,-5.76,-5.95,-4.88,-8.58
2008-10-01,-13.41,-33.62,-23.71,-16.78,-15.58,-18.08,-15.53,-11.12,-15.08,-11.03,-20.18,-19.26
2008-11-01,-4.37,-10.71,-7.96,0.14,-7.23,-10.81,-1.58,1.26,-7.68,-7.33,-14.23,-9.44
2008-12-01,0.87,0.17,3.7,-2.43,-2.17,2.06,3.47,-2.04,4.89,6.74,1.53,-0.09
2009-01-01,-5.05,-12.69,-9.47,-3.53,-8.81,-3.14,-10.32,-0.84,-7.61,-2.2,-20.79,-12.77
2009-02-01,-7.66,-12.14,-15.84,-12.51,-9.76,-5.08,-6.95,-12.52,-3.05,-10.82,-15.41,-13.36
2009-03-01,6.44,12.21,8.69,3.96,5.98,11.54,7.95,2.82,9.98,7.41,14.75,10.67
2009-04-01,4.97,44.32,20.94,4.54,11.02,12.38,9.65,2.09,9.54,-0.94,17.12,14.74
2009-05-01,7.16,-3.22,5.12,10.5,6.17,3.02,1.05,4.64,-0.93,6.21,10.01,3.18
2009-06-01,0.65,4.4,-1.18,-4.78,-2.7,4.48,1.65,4.64,-0.29,3.61,-1.8,-2.12
2009-07-01,7.31,19.76,10.7,5.35,12.46,8.14,5.54,4.41,6.77,5.48,8.66,9.91
2009-08-01,0.74,2.5,4.75,0.78,-0.16,2.3,0.73,0.25,3.71,2.2,9.99,3.95
2009-09-01,4.23,2.1,6.46,5.12,6.63,5.22,6.49,2.24,2.4,2.18,1.36,6.16
2009-10-01,-0.62,-0.61,-3.72,2.48,-1.29,-1.48,-3.98,-2.71,0.04,-3.47,-4.95,-6.18
2009-11-01,3.86,10.37,7.21,3.22,8.33,4.87,6.84,4.58,5.0,8.07,4.66,7.78
2009-12-01,2.64,5.65,4.67,-0.52,-0.33,5.97,6.42,5.87,1.95,2.47,0.55,1.42
2010-01-01,-2.4,-0.4,-4.46,-4.85,-1.16,-7.88,-6.77,-4.45,-1.83,-0.01,-0.65,-0.29
2010-02-01,2.66,7.39,5.85,2.59,4.05,4.83,2.76,-0.42,4.29,0.38,2.91,4.64
2010-03-01,5.8,9.38,7.8,3.2,4.08,6.67,7.63,3.12,6.25,3.63,8.31,7.76
2010-04-01,-1.02,7.27,4.16,4.08,1.3,2.29,3.41,2.85,2.52,-2.18,1.13,2.88
2010-05-01,-5.73,-9.07,-9.26,-10.23,-6.79,-7.78,-5.85,-6.3,-5.41,-8.08,-9.09,-8.16
2010-06-01,-1.91,-10.68,-6.49,-6.26,-4.47,-6.17,-3.84,-0.71,-9.11,-1.66,-7.22,-5.33
2010-07-01,7.36,15.38,10.36,7.69,8.72,7.33,9.59,6.81,4.61,2.14,6.53,7.05
2010-08-01,-1.17,-9.58,-7.36,-3.44,-2.0,-6.53,-1.99,0.36,-3.97,-1.7,-8.49,-4.79
2010-09-01,6.15,13.08,12.3,9.2,6.06,12.54,7.88,3.65,12.15,9.0,7.24,10.6
2010-10-01,4.4,8.54,4.55,4.58,6.43,6.43,4.56,1.86,2.41,1.94,1.69,2.54
2010-11-01,-0.07,7.32,2.81,5.51,-1.19,-0.71,-1.89,-1.36,4.18,-3.34,-0.3,1.65
2010-12-01,4.35,8.9,7.31,9.41,6.31,5.96,6.59,3.23,3.21,5.45,10.56,7.22
2011-01-01,-2.37,-0.24,4.41,6.93,0.08,3.92,0.05,2.18,-0.86,-0.72,2.54,1.44
2011-02-01,4.72,-2.15,3.54,7.63,3.2,2.42,7.4,2.42,2.26,3.33,2.72,3.28
2011-03-01,3.03,1.87,2.36,2.11,0.72,-1.44,1.68,0.92,1.1,2.26,-1.58,-0.31
2011-04-01,4.61,2.78,1.99,1.58,4.93,3.1,3.26,4.0,4.51,6.25,0.67,1.73
2011-05-01,2.04,-3.58,-2.99,-4.51,-0.43,-1.75,0.77,1.32,0.88,1.99,-2.67,-2.62
2011-06-01,-1.07,-1.09,0.01,-2.31,-1.89,-2.45,-1.38,-0.34,-0.88,-1.87,-2.3,-1.81
2011-07-01,-0.42,-9.03,-5.95,0.49,-2.31,-0.53,-4.98,-0.33,-0.64,-3.67,-3.91,-3.21
2011-08-01,-0.66,-12.23,-7.6,-9.91,-3.17,-6.77,-5.04,0.2,-2.88,-3.13,-9.34,-6.29
2011-09-01,-4.87,-13.85,-11.99,-12.23,-9.11,-4.74,-5.72,-1.61,-3.89,-3.97,-11.25,-10.86
2011-10-01,6.3,23.07,16.42,16.25,9.87,11.77,7.61,6.7,9.75,5.52,13.47,13.77
2011-11-01,1.44,-8.68,1.84,2.15,0.46,-1.96,0.3,1.01,1.07,1.3,-3.16,-0.39
2011-12-01,1.89,-1.03,-1.79,-0.35,1.25,-1.43,3.12,2.91,0.9,3.47,1.76,1.02
2012-01-01,0.39,13.66,8.15,1.01,4.04,8.47,2.37,-2.71,4.06,3.43,7.35,7.04
2012-02-01,3.93,5.95,3.97,6.52,3.71,6.64,5.07,1.3,3.12,1.25,6.51,0.77
2012-03-01,3.9,1.38,-0.02,-3.27,1.98,4.66,2.38,1.48,4.66,3.95,7.0,1.61
2012-04-01,0.81,-7.3,-1.02,-1.57,-0.19,-2.1,1.69,1.7,0.95,0.6,-2.35,-0.56
2012-05-01,-2.67,-7.82,-8.75,-10.57,-5.91,-7.82,-0.77,-0.88,-3.03,-3.24,-9.19,-5.33
2012-06-01,3.44,-5.43,0.78,5.78,1.95,2.93,7.02,3.42,2.17,6.84,4.65,5.3
2012-07-01,1.4,-0.35,0.64,2.81,1.45,-0.1,4.15,3.5,1.22,1.63,-1.1,-1.43
2012-08-01,0.12,4.25,3.46,2.36,2.89,4.8,0.97,-3.46,2.76,0.97,4.18,1.48
2012-09-01,0.94,3.4,1.55,3.81,1.97,1.2,4.86,2.11,1.92,4.68,3.64,4.15
2012-10-01,-1.68,6.31,-0.37,-1.86,-1.02,-6.35,-2.43,1.09,-1.03,-1.92,1.91,-0.66
2012-11-01,3.2,2.56,3.03,-1.49,2.23,1.46,0.06,-3.79,1.47,1.51,-0.94,0.6
2012-12-01,-2.26,7.6,3.71,1.33,1.05,0.37,1.15,0.12,-1.12,-0.53,4.42,2.4
2013-01-01,5.12,3.36,5.62,7.47,6.81,2.37,4.85,5.05,5.54,8.08,6.24,7.65
2013-02-01,3.17,-0.73,1.29,0.68,1.27,0.68,2.29,2.2,0.84,1.33,1.18,1.75
2013-03-01,5.06,4.44,3.15,2.07,1.62,2.68,5.64,5.69,4.73,6.52,4.52,3.69
2013-04-01,3.74,3.94,-0.32,-1.39,2.7,0.38,4.32,5.13,2.72,2.59,1.62,-0.46
2013-05-01,-2.29,10.04,4.65,3.03,1.39,4.57,-1.76,-7.14,2.23,1.61,7.22,3.78
2013-06-01,0.07,-0.45,-1.62,-2.39,-2.67,-2.93,1.98,0.82,-0.03,-1.38,-0.48,-2.42
2013-07-01,2.89,9.01,6.47,5.18,5.73,5.69,3.43,4.58,5.9,8.07,6.52,4.17
2013-08-01,-3.91,-1.03,-1.72,-1.9,-1.98,-0.2,-3.29,-4.43,-4.26,-3.67,-4.26,-2.64
2013-09-01,2.0,6.45,6.58,1.97,2.52,3.81,4.28,1.05,4.49,4.17,3.02,5.24
2013-10-01,4.82,0.76,4.19,4.79,5.41,3.79,5.85,3.34,5.12,3.55,3.21,4.79
2013-11-01,1.27,1.88,3.3,0.87,2.34,3.61,0.08,-1.81,3.69,4.5,6.06,2.43
2013-12-01,2.47,1.24,4.02,3.03,1.3,3.98,3.98,1.79,0.25,0.59,2.67,3.98
2014-01-01,-5.72,-3.62,-4.13,-6.89,-4.59,-1.44,-3.81,2.49,-6.48,1.79,-4.24,-4.38
2014-02-01,3.46,8.01,5.36,5.69,5.53,5.12,2.56,3.09,5.33,6.35,3.24,3.9
2014-03-01,3.25,-1.13,-0.16,2.43,1.26,-0.61,0.15,2.68,-0.59,-2.47,2.54,1.14
2014-04-01,1.49,0.33,0.51,5.67,1.46,-0.99,0.39,3.98,-0.93,-0.33,-3.57,0.73
2014-05-01,3.37,0.69,1.35,0.88,1.13,3.42,4.11,0.01,0.99,1.85,1.66,1.99
2014-06-01,1.2,4.45,2.28,4.12,-0.3,2.85,1.54,5.43,1.26,2.87,3.08,1.41
2014-07-01,-4.35,-4.71,-4.76,-3.56,-2.89,0.15,0.8,-6.4,-2.02,-0.34,-2.07,-2.54
2014-08-01,5.56,5.07,4.67,2.32,5.14,4.24,0.33,5.31,5.01,5.54,3.85,4.54
2014-09-01,-0.07,-9.38,-3.33,-7.83,-0.91,-1.4,-1.45,-3.38,-1.33,-0.22,-0.56,-2.0
2014-10-01,2.69,3.49,3.18,-4.19,0.96,1.58,1.3,6.71,2.71,5.92,3.79,2.8
2014-11-01,4.79,4.42,2.16,-9.57,2.52,4.28,2.46,0.26,7.51,2.52,1.8,3.73
2014-12-01,-2.41,0.35,-0.43,0.54,0.6,-1.27,-2.05,1.86,1.6,-0.83,2.14,-0.39
2015-01-01,-0.56,-4.28,-3.89,-4.31,-3.5,-3.5,-4.47,1.24,-0.4,1.58,-7.76,-3.98
2015-02-01,5.13,8.02,6.24,4.72,5.97,8.25,8.92,-4.36,5.67,4.0,7.98,5.97
2015-03-01,-2.42,-0.58,-1.55,-2.49,-3.0,-2.53,-2.12,-0.31,0.66,0.86,0.2,-1.91
2015-04-01,0.81,-0.71,-0.94,6.65,-0.42,1.46,3.63,0.28,-2.09,-1.55,0.74,0.35
2015-05-01,1.5,0.99,1.09,-5.11,0.5,1.9,0.33,-0.43,1.07,4.99,3.12,-0.6
2015-06-01,-1.53,-1.85,-2.04,-3.75,-1.89,-3.61,-0.55,-5.27,-0.61,0.37,1.47,-2.49
2015-07-01,4.96,-2.31,-1.82,-8.95,-2.36,2.19,1.52,2.65,5.14,3.5,1.94,1.66
2015-08-01,-4.1,-5.98,-4.79,-3.65,-7.18,-5.82,-8.38,-4.08,-5.3,-8.38,-6.51,-5.56
2015-09-01,-0.56,-3.45,-4.44,-5.75,-3.86,-1.29,-2.5,-0.5,-2.06,-6.92,-3.19,-2.87
2015-10-01,6.8,6.96,8.27,12.17,11.61,10.2,9.07,2.09,4.82,7.51,5.77,7.86
2015-11-01,-0.92,1.96,0.48,1.06,0.28,1.11,-1.92,-3.42,1.1,0.58,2.19,0.04
2015-12-01,0.78,-4.08,-3.49,-9.6,-0.76,-2.54,-2.96,-2.39,0.04,0.32,-2.87,-2.26
2016-01-01,0.17,-12.33,-6.25,-4.37,-4.71,-5.94,0.39,4.67,-4.53,-10.12,-9.72,-6.96
2016-02-01,0.59,4.09,3.65,-2.95,2.65,-0.88,0.91,1.72,0.11,-0.97,-3.01,4.05
2016-03-01,4.96,10.65,7.35,10.89,6.14,8.51,6.16,7.84,5.56,3.95,6.6,7.99
2016-04-01,0.27,1.54,2.63,9.17,1.68,-4.25,0.69,-0.8,-0.55,4.96,4.16,-0.34
2016-05-01,0.74,-1.09,-0.59,-0.59,-0.42,5.17,0.17,2.24,0.96,2.42,2.2,-0.46
2016-06-01,4.74,-5.48,0.66,2.55,1.36,-1.73,3.55,7.43,0.73,-0.17,-5.32,0.77
2016-07-01,-0.06,8.58,4.78,-2.73,2.84,7.5,2.25,-0.25,3.84,6.16,4.06,3.33
2016-08-01,-0.61,0.25,1.03,1.61,2.05,1.79,-3.17,-3.78,-1.36,-3.15,4.92,0.67
2016-09-01,-2.48,-1.54,0.15,2.81,-0.32,2.21,0.47,1.83,-0.62,0.6,-1.49,-0.19
2016-10-01,-0.18,-3.77,-2.69,-2.96,-2.32,-1.07,-3.05,-0.66,-4.12,-7.53,1.54,-0.65
2016-11-01,-3.87,7.55,9.27,9.59,1.13,0.73,6.54,-2.65,4.28,2.39,13.31,8.35
2016-12-01,3.46,3.98,0.3,1.97,0.83,0.91,4.89,3.61,-0.3,0.69,3.87,1.36
2017-01-01,1.69,2.94,3.1,-4.29,3.77,4.6,3.33,1.09,1.11,2.02,0.52,1.72
2017-02-01,3.75,0.72,4.12,-2.46,4.25,4.88,-0.12,3.85,2.88,6.97,4.57,2.13
2017-03-01,0.88,0.24,-0.27,-1.2,0.86,2.1,0.88,0.38,0.79,0.04,-2.32,-0.29
2017-04-01,0.51,1.69,2.76,-2.73,0.26,2.55,0.11,0.32,2.65,0.93,0.16,0.85
2017-05-01,3.22,-0.15,1.59,-3.38,0.68,4.07,-1.52,2.44,1.67,-0.27,-1.14,1.04
2017-06-01,-1.12,3.35,1.55,-0.14,0.61,-2.07,-2.46,-1.91,-1.88,5.53,5.95,1.68
2017-07-01,-0.06,-1.01,2.29,2.04,1.95,3.64,5.33,2.99,0.2,0.69,1.85,0.72
2017-08-01,-1.75,0.03,-0.06,-5.13,1.07,2.98,-2.48,2.18,-1.6,2.59,-1.29,0.78
2017-09-01,-0.38,5.39,5.02,10.94,1.94,0.61,-1.5,-1.95,2.49,2.08,5.28,3.29
2017-10-01,0.08,1.31,3.61,0.47,0.81,6.86,-5.58,3.02,2.69,-2.25,3.37,0.39
2017-11-01,4.07,-0.49,3.41,2.99,3.59,1.11,4.01,2.42,7.77,2.48,3.97,3.66
2017-12-01,2.01,-0.72,2.48,5.0,1.8,-0.17,4.49,-4.98,2.54,-0.16,1.03,1.89
2018-01-01,1.93,2.75,6.1,2.77,-0.72,7.79,3.15,-2.81,9.38,6.39,6.13,5.44
2018-02-01,-6.22,-6.04,-3.26,-10.78,-6.01,0.02,-7.05,-4.54,-4.48,-3.49,-2.59,-4.62
2018-03-01,-1.08,-5.57,-3.24,3.07,0.4,-3.14,-2.53,3.17,-2.58,-2.39,-3.44,-1.21
2018-04-01,-3.95,-0.3,-3.64,9.93,-2.85,-0.17,-2.31,2.78,3.78,-0.05,1.15,-0.39
2018-05-01,-0.58,3.11,3.21,3.39,0.71,6.8,-1.31,0.27,0.85,2.38,0.38,3.48
2018-06-01,4.33,0.61,-2.29,0.5,2.42,-0.43,6.51,2.57,2.93,1.47,-1.03,-0.73
2018-07-01,2.87,-1.16,5.87,1.11,3.95,2.48,2.73,1.68,3.08,5.9,4.26,3.03
2018-08-01,-1.16,-0.54,-1.12,-2.84,1.14,7.15,2.89,0.93,7.99,4.5,2.44,2.42
2018-09-01,0.71,-3.69,2.47,3.37,-1.15,-0.08,1.79,-0.57,0.55,2.08,-2.07,-0.42
2018-10-01,-0.22,-2.99,-11.77,-11.73,-5.73,-8.82,-0.41,-0.06,-8.8,-8.79,-5.59,-8.8
2018-11-01,0.49,5.24,4.26,-2.2,5.54,-1.65,2.52,3.26,2.64,6.41,2.87,2.87
2018-12-01,-11.31,-11.58,-9.94,-13.06,-6.25,-8.17,-8.7,-4.77,-9.01,-8.24,-11.57,-9.58
2019-01-01,7.29,11.03,11.75,10.34,5.69,9.22,5.45,5.38,8.32,5.31,9.87,9.7
2019-02-01,1.34,3.74,5.71,2.47,4.18,5.68,3.04,3.55,0.8,3.3,2.76,3.63
2019-03-01,3.67,-5.0,-2.19,2.02,1.8,3.77,0.6,3.33,3.39,0.51,-2.51,0.67
2019-04-01,3.13,3.41,3.82,0.22,4.47,5.88,5.98,1.0,4.62,-3.16,7.13,5.71
2019-05-01,-5.62,-12.24,-9.87,-11.88,-7.8,-8.58,-3.0,-1.55,-6.05,-3.4,-5.58,-6.96
2019-06-01,4.91,13.12,9.61,8.83,8.41,7.94,5.15,3.64,7.17,6.82,6.2,7.48
2019-07-01,1.6,0.83,-0.31,-2.64,3.56,3.67,2.05,-1.01,1.02,-2.16,3.14,-0.48
2019-08-01,-1.42,-4.68,-2.08,-8.51,-0.88,-2.61,0.29,3.45,0.12,-0.64,-4.83,-4.2
2019-09-01,1.88,3.78,4.33,3.69,2.89,1.36,1.26,3.94,0.83,-0.98,2.67,0.44
2019-10-01,0.08,7.02,0.71,-2.08,-1.21,3.34,2.19,-1.39,0.67,4.66,3.39,2.42
2019-11-01,2.27,2.91,4.47,1.12,0.83,5.3,2.47,-2.14,2.11,5.48,5.74,3.81
2019-12-01,3.48,5.4,0.99,6.24,2.08,3.81,1.04,4.12,1.35,3.45,2.62,2.0
2020-01-01,-0.43,6.15,-2.83,-11.87,-2.56,3.4,-2.12,4.83,0.97,-1.99,-2.44,0.61
2020-02-01,-8.76,-7.25,-8.52,-15.43,-8.79,-6.99,-6.22,-9.89,-6.72,-5.37,-10.71,-8.39
2020-03-01,-10.87,-22.67,-20.31,-34.47,-9.92,-9.66,-13.22,-13.05,-7.91,-5.09,-20.2,-17.71
2020-04-01,7.75,25.49,10.17,32.31,12.12,14.84,9.21,5.18,18.24,13.45,11.96,11.0
2020-05-01,3.1,7.13,6.49,0.56,4.63,7.62,4.81,4.63,4.48,4.16,3.65,6.21
2020-06-01,-0.14,14.13,3.38,-0.39,1.19,5.79,-2.62,-5.02,4.42,-1.44,-0.35,1.7
2020-07-01,5.87,18.68,2.98,-4.79,7.49,6.83,5.06,6.34,9.43,4.39,1.97,6.79
2020-08-01,4.45,40.99,6.85,-1.14,4.95,10.69,5.6,-2.25,8.07,2.35,4.9,9.35
2020-09-01,-2.08,-9.04,-0.26,-14.99,0.08,-5.29,-1.97,-0.32,-3.86,-1.43,-4.1,-1.22
2020-10-01,-2.7,-3.25,-0.77,-4.46,-0.72,-1.81,-3.89,4.47,-2.69,-4.37,-0.78,-2.85
2020-11-01,10.02,33.9,17.07,28.53,8.34,10.75,14.47,2.66,8.3,9.83,16.34,15.01
2020-12-01,4.91,15.39,2.9,5.69,1.79,5.08,5.12,0.62,1.38,4.71,6.94,3.95
2021-01-01,-4.15,11.48,-1.41,5.05,-4.1,0.56,-3.55,-0.44,-0.06,3.42,-2.82,-2.49
2021-02-01,1.32,-8.08,7.94,23.62,0.63,1.3,4.26,-4.59,-1.65,-1.25,10.75,8.39
2021-03-01,7.28,0.87,7.82,2.28,7.49,0.87,1.63,10.39,5.73,-0.09,5.87,4.27
2021-04-01,3.32,4.4,2.35,0.75,2.62,6.36,3.08,3.98,7.03,2.96,6.19,5.21
2021-05-01,1.97,-5.33,2.96,6.2,2.36,-0.88,-0.51,-1.16,-2.15,-0.12,3.21,2.01
2021-06-01,-0.81,5.56,-0.31,5.53,-2.55,6.8,-0.01,-1.42,2.93,4.41,-2.26,-1.51
2021-07-01,0.23,-0.96,0.83,-8.66,2.47,3.64,0.36,2.97,0.25,2.84,0.21,-1.64
2021-08-01,-0.28,1.78,0.67,-1.16,0.28,4.64,1.37,3.23,2.41,2.84,2.86,2.54
2021-09-01,-4.58,2.8,-6.26,11.08,-4.74,-6.15,-5.58,-4.87,-4.38,-6.02,-1.54,-3.84
2021-10-01,3.74,30.78,4.48,10.27,6.11,8.16,-4.24,5.11,5.15,2.23,7.07,6.08
2021-11-01,-3.87,2.05,-1.12,-5.4,0.25,1.51,-7.19,-1.97,1.47,-4.26,-5.68,-5.2
2021-12-01,8.07,-4.66,4.14,3.05,9.42,1.66,3.95,8.56,1.52,6.58,4.72,5.2
2022-01-01,-0.65,-10.31,-5.56,17.42,-6.41,-8.4,-1.93,-2.1,-8.83,-8.77,-0.69,-7.27
2022-02-01,-0.57,-7.07,-0.16,8.36,-3.47,-4.52,0.29,-1.09,-1.55,-1.01,-1.62,-1.97
2022-03-01,0.45,15.03,1.3,9.79,0.12,3.31,-2.42,9.69,2.98,5.15,-1.04,4.36
2022-04-01,2.26,-16.9,-7.93,-1.28,0.44,-12.61,-10.56,-3.71,-9.78,-6.91,-7.98,-10.89
2022-05-01,-1.63,-9.04,-0.08,15.57,-0.95,-2.09,8.66,4.8,-4.1,0.96,2.88,-2.85
2022-06-01,-3.89,-11.84,-10.02,-16.55,-8.31,-8.15,-6.63,-6.54,-7.73,-2.02,-9.05,-11.28
2022-07-01,4.13,27.65,10.98,10.47,3.15,11.68,-0.03,6.27,14.7,2.77,7.4,11.22
2022-08-01,-1.82,-5.79,-4.38,3.35,-1.62,-5.3,-2.87,0.11,-3.11,-5.04,-2.15,-3.39
2022-09-01,-8.37,-6.55,-11.94,-9.25,-10.71,-11.48,-13.86,-11.61,-7.63,-1.92,-7.7,-8.82
2022-10-01,9.96,-6.62,14.83,23.46,6.92,5.02,10.6,3.45,4.35,8.78,12.72,9.54
2022-11-01,5.31,-8.08,8.62,1.04,9.91,5.39,2.18,6.85,3.79,5.35,4.8,7.62
2022-12-01,-2.63,-28.07,-2.44,-4.24,-2.2,-7.98,-6.82,-1.12,-7.93,-1.72,-5.54,-5.03
2023-01-01,-0.37,29.04,7.25,2.75,3.07,9.54,13.56,-1.22,9.75,-1.05,6.36,9.51
2023-02-01,-2.17,10.98,-1.07,-6.9,-3.61,-0.14,-6.5,-5.32,-4.67,-4.29,-2.43,-2.61
2023-03-01,3.17,-0.64,-0.17,-0.43,1.6,10.57,-0.1,3.95,3.39,2.49,-8.94,1.08
2023-04-01,3.17,-15.26,-2.02,2.58,2.63,0.27,0.99,1.72,2.24,4.12,1.97,1.45
2023-05-01,-5.42,13.55,-4.15,-9.51,-8.53,8.57,-9.41,-5.83,0.52,-3.66,-3.77,-1.38
2023-06-01,2.85,24.66,11.57,6.54,8.69,5.87,4.62,2.51,7.83,4.66,5.86,9.71
2023-07-01,2.3,2.76,3.78,7.46,1.83,4.24,0.95,2.77,2.26,-0.12,6.42,3.89
2023-08-01,-3.78,-4.35,-2.21,1.97,-2.79,-1.63,0.16,-5.36,-0.39,-0.23,-3.61,-3.06
2023-09-01,-4.6,-2.58,-7.3,3.14,-6.55,-5.99,-3.2,-5.05,-5.66,-4.7,-2.04,-5.45
2023-10-01,-3.69,-17.9,-2.91,-6.11,-2.21,-1.73,-0.13,1.02,0.4,-4.59,-1.79,-4.1
2023-11-01,4.94,15.77,9.72,-1.34,6.29,12.05,6.96,5.15,7.17,5.8,10.26,10.8
2023-12-01,3.57,6.59,7.76,0.17,2.92,4.58,2.25,1.73,5.9,6.91,6.76,6.53
2024-01-01,-1.94,-17.93,-1.83,-0.11,0.52,3.17,4.57,-3.01,1.24,3.52,0.74,1.13
2024-02-01,1.69,7.21,6.2,3.09,3.2,6.18,-2.72,2.39,9.48,4.63,3.64,6.28
2024-03-01,2.96,-5.59,4.7,10.29,3.92,2.36,3.09,7.04,2.68,2.19,4.83,4.0
2024-04-01,-1.36,-0.95,-4.17,-0.64,-3.31,-4.38,-6.53,1.58,-4.73,-5.87,-4.17,-5.21
2024-05-01,0.96,-0.78,3.59,-0.45,1.95,8.17,3.74,8.03,2.47,3.2,3.55,2.67
2024-06-01,-2.1,6.13,-1.86,-2.15,-2.03,7.61,-0.6,-4.16,3.53,2.93,-0.28,0.06
2024-07-01,4.77,11.58,4.19,1.99,1.61,-1.8,3.85,6.39,0.54,0.83,7.67,4.58
2024-08-01,4.1,-5.13,0.37,-2.92,4.69,1.36,1.24,4.58,1.36,6.41,2.5,3.66
2024-09-01,0.98,14.27,2.7,-3.15,2.01,3.0,5.56,5.34,3.67,-1.84,-0.5,2.01
2024-10-01,-2.59,-3.14,-3.66,-0.54,-4.86,-0.18,2.37,0.69,-1.14,-3.15,2.64,-0.85
2024-11-01,1.53,29.71,6.9,6.54,5.04,4.97,9.18,6.21,9.96,-0.51,12.06,7.79
2024-12-01,-5.04,11.01,-7.6,-8.98,-8.31,1.45,-7.96,-7.78,-1.87,-5.38,-7.33,-6.71
2025-01-01,0.66,0.43,4.7,1.43,1.69,0.27,1.37,2.92,6.73,6.35,7.58,4.66
2025-02-01,5.53,-22.8,-3.01,2.97,1.08,-3.93,9.4,2.02,-3.74,3.5,-1.66,0.73
2025-03-01,0.41,-9.99,-5.06,3.85,-3.31,-9.15,-1.34,0.76,-7.36,-4.16,-4.82,-3.82
2025-04-01,-0.6,5.89,-1.43,-14.03,-3.91,1.16,-4.9,-1.32,0.95,-0.66,-3.37,0.64
2025-05-01,1.22,18.86,8.21,1.78,3.48,10.71,3.86,3.43,5.57,-3.95,4.3,4.27
2025-06-01,-0.74,-5.84,6.19,5.13,-2.62,9.08,3.63,1.01,2.41,2.01,5.51,2.64
2025-07-01,-1.88,-1.15,3.62,3.53,-2.41,5.63,-3.36,3.37,2.18,-1.28,-0.68,-1.68
2025-08-01,3.05,8.04,0.48,4.41,4.18,0.94,3.8,-1.59,0.82,4.73,4.18,4.29
2025-09-01,-3.06,25.11,4.87,-0.75,-3.99,7.09,-1.13,3.98,-1.15,2.03,1.18,-0.85
2025-10-01,-3.35,2.56,4.42,-0.81,-2.87,5.57,-5.85,0.44,1.74,4.28,-2.33,-3.16
2025-11-01,5.26,-3.71,-0.84,2.37,1.74,-2.56,-1.45,2.9,0.28,10.86,1.56,2.13
2025-12-01,-0.86,4.39,2.5,-0.8,-2.23,-0.63,3.71,-4.27,-1.32,-1.53,3.57,-0.16
2026-01-01,7.0,-2.44,11.1,13.8,8.96,-0.85,3.4,2.86,5.0,0.52,-1.53,0.22
2026-02-01,7.11,-4.64,7.05,8.69,8.15,-4.86,4.04,9.9,-1.78,4.63,-4.67,3.89
