market,drawdown_threshold,freq,horizon,target,indicator,pseudo_r2,p_value,z_score,coef,odds_ratio,n_obs,n_crisis
China,0.03,D,5,Crisis_next_5D,HY_Spread,0.009590691489345438,0.08551046322074832,1.719570934939193,0.46020979893718506,1.584406356897373,601,41
China,0.03,D,5,Crisis_next_5D,Yield_Curve,-4.666516062457049e-10,,,0.0,1.0,601,41
China,0.03,D,5,Crisis_next_5D,Neely,0.009144205993947163,0.10097881128356782,-1.6401267705214209,-0.5382404482819115,0.5837745306927752,601,41
China,0.03,D,5,Crisis_next_5D,PatroCorr,0.012601522109726315,0.06646626213142774,1.8352661625395765,3.5751264799357245,35.69913575452092,601,41
China,0.03,D,5,Crisis_next_5D,SahmIndicator,0.00046592977792292434,0.7088541089635201,-0.373395498977057,-0.42924200828977543,0.6510023621472344,601,41
China,0.03,D,5,Crisis_next_5D,VIX,6.942689593891771e-05,0.8842217645119445,0.14561951113748006,0.0053093000896898565,1.005323419400237,601,41
China,0.03,D,5,Crisis_next_5D,M2_Growth,0.021847356009090824,0.011161493143061136,-2.537601705217352,-0.12773553505030963,0.8800861002962316,601,41
China,0.03,D,5,Crisis_next_5D,BuffettDeviation,0.00024144897255884423,0.786953812833175,0.2702683497423317,0.5206953988239611,1.683197736539711,601,41
China,0.03,D,5,Crisis_next_5D,Systemic_Corr,0.0077962649245112425,0.14580102559854868,1.4545242126840983,4.529651156446978,92.72620849941372,601,41
China,0.03,D,5,Crisis_next_5D,Shiller_CAPE,0.009905554883333334,0.06210506563526892,-1.8655448934833896,-0.4542532474732686,0.6349219205119858,601,41
China,0.03,D,5,Crisis_next_5D,YC_10Y3M,-4.666516062457049e-10,,,0.0,1.0,601,41
China,0.03,D,5,Crisis_next_5D,CFNAI,0.012902363103463599,0.03759248125385652,-2.079270649250025,-0.6922149829596957,0.500466316115738,601,41
China,0.03,D,5,Crisis_next_5D,CISS,0.01861299310771325,0.011578344679808518,2.5247414226692655,9.360906958907051,11624.927093477241,601,41
China,0.03,D,5,Crisis_next_5D,Downside_Beta,0.007533934147917809,0.13913148127394678,1.479033052324161,1.098952024576154,3.0010193808744714,601,41
China,0.03,D,5,Crisis_next_5D,NFCI,0.022244107542801483,0.00885620655628757,2.617555575237422,4.2241147747561465,68.31400349401953,601,41
China,0.03,D,5,Crisis_next_5D,EPU,0.003117574357970998,0.35314109735338506,-0.9285138297443104,-0.00106408627870682,0.9989364796603436,601,41
China,0.03,D,5,Crisis_next_5D,RSkew,0.05853643435383238,0.00041801708597904086,3.52843975477782,0.8474563902447684,2.3337032656562022,601,41
China,0.03,D,5,Crisis_next_5D,RSV_Ratio,0.029864150471831774,0.0039017867260239,-2.885994744513638,-3.468925351695345,0.03115048849979156,601,41
China,0.03,D,5,Crisis_next_5D,HillTail,0.002295740667391799,0.4123271279841937,-0.8198052670365724,-0.9920941307133091,0.3707993750457257,601,41
China,0.03,D,10,Crisis_next_10D,HY_Spread,0.020528038948905092,0.0019813138320971336,3.093019099561059,0.630903736727475,1.8793082118956557,601,76
China,0.03,D,10,Crisis_next_10D,Yield_Curve,-5.187579255050423e-10,,,0.0,1.0,601,76
China,0.03,D,10,Crisis_next_10D,Neely,0.0005155282988859033,0.6277127600011276,-0.48494866575348433,-0.11912507893672665,0.8876967616506849,601,76
China,0.03,D,10,Crisis_next_10D,PatroCorr,0.013941218908654074,0.01633638256226064,2.401312413814857,3.4754733708567165,32.31312100659438,601,76
China,0.03,D,10,Crisis_next_10D,SahmIndicator,0.00028472130031875764,0.7186996861343243,-0.3601971763594803,-0.3144956017057483,0.7301570713835939,601,76
China,0.03,D,10,Crisis_next_10D,VIX,0.0009542755953492188,0.5232124806850763,-0.6384013065137267,-0.020092413878544275,0.9801080935310897,601,76
China,0.03,D,10,Crisis_next_10D,M2_Growth,0.02893322610911142,0.00031954770186539485,-3.5989149202363375,-0.13813852215982755,0.870978033630699,601,76
China,0.03,D,10,Crisis_next_10D,BuffettDeviation,0.00027497941496612555,0.7240573022206611,-0.3530415352400802,-0.5265955760713089,0.5906122453916991,601,76
China,0.03,D,10,Crisis_next_10D,Systemic_Corr,0.004480901149926608,0.16631006971107687,1.384158035412625,3.0998298709596974,22.194175086522755,601,76
China,0.03,D,10,Crisis_next_10D,Shiller_CAPE,0.013289557635961513,0.008577913386906007,-2.628433465733877,-0.5033564445347677,0.6044982858777098,601,76
China,0.03,D,10,Crisis_next_10D,YC_10Y3M,-5.187579255050423e-10,,,0.0,1.0,601,76
China,0.03,D,10,Crisis_next_10D,CFNAI,0.01771150103872432,0.002909098728099139,-2.9771834611233543,-0.7703741342625493,0.4628398716597858,601,76
China,0.03,D,10,Crisis_next_10D,CISS,0.007301869155379781,0.05836728520234962,1.8929292019729385,5.949768458640963,383.66449457743386,601,76
China,0.03,D,10,Crisis_next_10D,Downside_Beta,0.009889449565480102,0.036345405705185206,2.093041997455465,1.1784047426691209,3.2491867773245175,601,76
China,0.03,D,10,Crisis_next_10D,NFCI,0.03508557060850459,5.829829796192204e-05,4.0195948910415344,5.013687939138109,150.458596366115,601,76
China,0.03,D,10,Crisis_next_10D,EPU,0.007620272985406462,0.07776599128824772,-1.7637980182402506,-0.0016005195373469405,0.9984007606109893,601,76
China,0.03,D,10,Crisis_next_10D,RSkew,0.04015225467119865,0.0002982059030319725,3.6168535564329822,0.5862505978276775,1.7972372017309681,601,76
China,0.03,D,10,Crisis_next_10D,RSV_Ratio,0.010964305560064003,0.027266624393268338,-2.2076794780413773,-1.9166177416099952,0.1471036642720326,601,76
China,0.03,D,10,Crisis_next_10D,HillTail,0.00858981706970574,0.05314676853745535,-1.9337264618339678,-1.8260462913402395,0.16104905171860007,601,76
China,0.03,D,15,Crisis_next_15D,HY_Spread,0.018455575940193758,0.0008325622346477723,3.3417359422882176,0.5787375165388771,1.7837850095231405,601,119
China,0.03,D,15,Crisis_next_15D,Yield_Curve,1.0488498958238779e-11,,,0.0,1.0,601,119
China,0.03,D,15,Crisis_next_15D,Neely,0.0024228960385045406,0.23050760845649765,1.1990523039766328,0.2486891247956677,1.2823433223560234,601,119
China,0.03,D,15,Crisis_next_15D,PatroCorr,0.033097572123350405,3.693588938979944e-05,4.125855652499595,5.283559325401456,197.07006499940488,601,119
China,0.03,D,15,Crisis_next_15D,SahmIndicator,0.001376084761157026,0.36552168200341917,0.9048937432700216,0.6650733494596722,1.9446331538968555,601,119
China,0.03,D,15,Crisis_next_15D,VIX,0.010941688811027417,0.020165983820258263,-2.3232452007482194,-0.07415990098069683,0.928523210198353,601,119
China,0.03,D,15,Crisis_next_15D,M2_Growth,0.03222924463131327,1.3585253726755658e-05,-4.350459514705503,-0.13973622014512221,0.8695875848355269,601,119
China,0.03,D,15,Crisis_next_15D,BuffettDeviation,0.005496427291803219,0.074228958054094,-1.7851995308348283,-2.2939941140842377,0.10086279872725613,601,119
China,0.03,D,15,Crisis_next_15D,Systemic_Corr,0.00016568832332497507,0.753587532275819,0.3139124526346516,0.5400125850869177,1.7160284584162655,601,119
China,0.03,D,15,Crisis_next_15D,Shiller_CAPE,0.015231742315602759,0.0016617983621438073,-3.1448362169330752,-0.536241044020925,0.5849428996085678,601,119
China,0.03,D,15,Crisis_next_15D,YC_10Y3M,1.0488498958238779e-11,,,0.0,1.0,601,119
China,0.03,D,15,Crisis_next_15D,CFNAI,0.015763672776687665,0.0015574620420111724,-3.163758066696786,-0.7199121295939258,0.4867950289575732,601,119
China,0.03,D,15,Crisis_next_15D,CISS,0.0020256543702630303,0.2631606796381456,1.1189518534970075,3.1478251865800937,23.285368142154045,601,119
China,0.03,D,15,Crisis_next_15D,Downside_Beta,0.029076988405421722,5.244645577497046e-05,4.044448407296201,1.9619544261400217,7.113215743326195,601,119
China,0.03,D,15,Crisis_next_15D,NFCI,0.04400107340659942,3.549052693752444e-07,5.091679707391402,5.454338277494366,233.7701289214834,601,119
China,0.03,D,15,Crisis_next_15D,EPU,0.01778029732745856,0.0025754487334389412,-3.0143330957000907,-0.002416165175863278,0.9975867514017646,601,119
China,0.03,D,15,Crisis_next_15D,RSkew,0.02908585748264314,0.0002524581142095967,3.659753368754434,0.4306755694952035,1.5382963987141371,601,119
China,0.03,D,15,Crisis_next_15D,RSV_Ratio,0.00836854310979862,0.02665602685124776,-2.2165182874773044,-1.590711442477259,0.20378058198810284,601,119
China,0.03,D,15,Crisis_next_15D,HillTail,0.025526034509944506,0.00018267039854523497,-3.741850198142207,-3.0804505119956844,0.04593855611588044,601,119
China,0.03,M,6,Crisis_next_6M,HY_Spread,0.30857939491473985,0.00446262109341244,2.8434628540981506,2.6926148629277042,14.770247641573842,32,10
China,0.03,M,6,Crisis_next_6M,Yield_Curve,6.812461705862916e-11,,,0.0,1.0,32,10
China,0.03,M,6,Crisis_next_6M,Neely,0.042834358056382915,0.20485000645877904,1.2678542447296508,1.029635151332468,2.800044055970258,32,10
China,0.03,M,6,Crisis_next_6M,PatroCorr,0.06717057930915882,0.1375915536834736,1.4848198443223417,7.146057945151863,1269.093246293864,32,10
China,0.03,M,6,Crisis_next_6M,SahmIndicator,0.5130926012442512,0.0027740524972901864,-2.9917258590930285,-17.68864900804159,2.079300909279884e-08,32,10
China,0.03,M,6,Crisis_next_6M,VIX,0.003708228173745054,0.7043951694689785,-0.3793941831101009,-0.04782114916443369,0.9533042710968802,32,10
China,0.03,M,6,Crisis_next_6M,M2_Growth,0.38457390650202716,0.002914174877243594,-2.9766489464231025,-0.5893063607197314,0.554711921297416,32,10
China,0.03,M,6,Crisis_next_6M,BuffettDeviation,0.007848370807633342,0.5764797151283645,0.5585341157748852,2.4886075503310643,12.044493087979603,32,10
China,0.03,M,6,Crisis_next_6M,Systemic_Corr,0.022318074103682473,0.352337325142114,-0.930065204536319,-5.803523515290013,0.0030169058816734476,32,10
China,0.03,M,6,Crisis_next_6M,Shiller_CAPE,0.3953436068037772,0.20915158007561085,-1.2559017884423431,-8.697221605777722,0.0001670492956157466,32,10
China,0.03,M,6,Crisis_next_6M,YC_10Y3M,6.812461705862916e-11,,,0.0,1.0,32,10
China,0.03,M,6,Crisis_next_6M,CFNAI,0.577972737449473,0.015005890575259155,-2.4322368626372675,-7.100499177323351,0.0008246931523807193,32,10
China,0.03,M,6,Crisis_next_6M,CISS,0.16226529413788404,0.022077365695619678,2.2890341943726833,34.746512380315025,1230888154208022.2,32,10
China,0.03,M,6,Crisis_next_6M,Downside_Beta,0.22262822700308438,0.016147218608941714,2.4055708946020777,6.0348464147683565,417.73464683872635,32,10
China,0.03,M,6,Crisis_next_6M,NFCI,0.33824564848408567,0.005079718618464172,2.8019344981619,17.663015489561925,46875958.47731829,32,10
China,0.03,M,6,Crisis_next_6M,EPU,0.021820545766111477,0.3712996809115682,-0.894041511962028,-0.0026434605649784397,0.9973600303002352,32,10
China,0.03,M,6,Crisis_next_6M,RSkew,0.02399164421062361,0.36691993086449537,0.9022578117466724,0.3177419002145166,1.3740215807828071,32,10
China,0.03,M,6,Crisis_next_6M,RSV_Ratio,0.010736213793428373,0.518147805356151,-0.6462031414223534,-1.6807320647338058,0.1862375881527244,32,10
China,0.03,M,6,Crisis_next_6M,HillTail,0.0466673034365187,0.19549439127471402,-1.2944953012119327,-4.085569692529031,0.01681355802863329,32,10
China,0.05,D,5,Crisis_next_5D,HY_Spread,0.024275006399497423,0.19320800782811698,-1.3011473939608043,-1.0488788570803882,0.35033029935221954,601,8
China,0.05,D,5,Crisis_next_5D,Yield_Curve,-2.169715829225538e-08,,,0.0,1.0,601,8
China,0.05,D,5,Crisis_next_5D,Neely,0.14721002210109002,0.6430410544827121,-0.4634511049590591,-7.94973252020179,0.000352756507249697,601,8
China,0.05,D,5,Crisis_next_5D,PatroCorr,0.027086439016970165,0.1233514347535181,-1.540857650635198,-5.1702313446234385,0.0056832538768949855,601,8
China,0.05,D,5,Crisis_next_5D,SahmIndicator,0.036654458090195186,0.09513316779678392,1.6689203410355082,4.838745715029313,126.31082256414595,601,8
China,0.05,D,5,Crisis_next_5D,VIX,0.027184749649756923,0.06716246938243739,1.8305852660603583,0.08171922804384937,1.0851510870593142,601,8
China,0.05,D,5,Crisis_next_5D,M2_Growth,0.09446624489856326,0.054048673082801826,1.9264462828573083,0.5084801073369425,1.6627620535754155,601,8
China,0.05,D,5,Crisis_next_5D,BuffettDeviation,0.0734048586415671,0.011351974903732354,2.5316731648508566,9.711846885721613,16512.069638521472,601,8
China,0.05,D,5,Crisis_next_5D,Systemic_Corr,0.14022487844868226,0.014088499655258912,2.454998958492988,37.67828638213618,2.309254844213174e+16,601,8
China,0.05,D,5,Crisis_next_5D,Shiller_CAPE,0.021579527914144192,0.5661082065608221,0.5737925266366739,4.221856382901515,68.15989778600841,601,8
China,0.05,D,5,Crisis_next_5D,YC_10Y3M,-2.169715829225538e-08,,,0.0,1.0,601,8
China,0.05,D,5,Crisis_next_5D,CFNAI,0.06709555941863032,0.9831192612373694,0.02115844713539149,101.32344434406298,1.0097474522662163e+44,601,8
China,0.05,D,5,Crisis_next_5D,CISS,0.0090378749638802,0.4243590610077749,-0.7988816138933807,-11.024578826810941,1.6296196404304534e-05,601,8
China,0.05,D,5,Crisis_next_5D,Downside_Beta,0.12281431538448362,0.04346121399348522,-2.0192502681759836,-7.633806958395805,0.0004838154825214416,601,8
China,0.05,D,5,Crisis_next_5D,NFCI,0.0311517913069127,0.13849075661638313,-1.4814347643143861,-7.2792501695897815,0.0006897025297809588,601,8
China,0.05,D,5,Crisis_next_5D,EPU,0.009556649981495857,0.33647888365428946,0.9611457607654463,0.0017602858425681798,1.0017618360551643,601,8
China,0.05,D,5,Crisis_next_5D,RSkew,0.07311126330924744,0.01752219467992676,2.375563131426715,1.137812588529011,3.1199363111778258,601,8
China,0.05,D,5,Crisis_next_5D,RSV_Ratio,0.08469145352218521,0.016494667853238318,-2.3977822427242503,-7.556011099677789,0.0005229571127364026,601,8
China,0.05,D,5,Crisis_next_5D,HillTail,0.04164181676493495,0.06743720520544648,1.8287490871653977,4.744016268042375,114.8947242793858,601,8
China,0.05,D,10,Crisis_next_10D,HY_Spread,5.402655423536462e-05,0.9269478054148411,0.09168564193354542,0.039222083306131465,1.0400014249599403,601,17
China,0.05,D,10,Crisis_next_10D,Yield_Curve,-9.605880313401371e-09,,,0.0,1.0,601,17
China,0.05,D,10,Crisis_next_10D,Neely,0.06342038956191898,0.006688783298989399,-2.711954204958682,-1.740151557387085,0.17549380121941777,601,17
China,0.05,D,10,Crisis_next_10D,PatroCorr,0.002373517970054917,0.5535095823549658,0.5925093188974105,1.6114593298215572,5.010117309144542,601,17
China,0.05,D,10,Crisis_next_10D,SahmIndicator,4.2972971562971196e-05,0.9387938547395345,-0.0767859164036336,-0.1345196849490225,0.8741356713910783,601,17
China,0.05,D,10,Crisis_next_10D,VIX,0.0001873217061222343,0.8674930619226169,-0.16684366317317986,-0.010140566366856663,0.9899106758217222,601,17
China,0.05,D,10,Crisis_next_10D,M2_Growth,0.0037741852249859598,0.4425780218933534,-0.7678471111286147,-0.05803243558549564,0.9436193400946367,601,17
China,0.05,D,10,Crisis_next_10D,BuffettDeviation,0.017602256956424367,0.0915640523114748,1.6872044173624774,4.6118700255774545,100.67223337222586,601,17
China,0.05,D,10,Crisis_next_10D,Systemic_Corr,0.06955095421464697,0.005359168732162199,2.784612737055891,19.0595788180251,189439224.8822861,601,17
China,0.05,D,10,Crisis_next_10D,Shiller_CAPE,0.0019512311023898166,0.6145653987860124,0.5035674102635759,0.31425808739263433,1.3692430753244655,601,17
China,0.05,D,10,Crisis_next_10D,YC_10Y3M,-9.605880313401371e-09,,,0.0,1.0,601,17
China,0.05,D,10,Crisis_next_10D,CFNAI,0.00023514682551029065,0.9541291238472033,-0.057522323649238614,-0.03495810113361607,0.9656458748774611,601,17
China,0.05,D,10,Crisis_next_10D,CISS,0.0052397580873801974,0.33888187594193353,0.956376850623046,5.69114703003758,296.2332142360814,601,17
China,0.05,D,10,Crisis_next_10D,Downside_Beta,0.0006630148753488108,0.7494498716257442,-0.3193648372148402,-0.3481927157390333,0.7059628129588107,601,17
China,0.05,D,10,Crisis_next_10D,NFCI,0.0020517251475230536,0.5671159619620634,0.572304115668552,1.4468912567872885,4.249882165500149,601,17
China,0.05,D,10,Crisis_next_10D,EPU,0.00141618742755234,0.6310077571856507,0.4803089058191707,0.0006893901906533997,1.0006896278746868,601,17
China,0.05,D,10,Crisis_next_10D,RSkew,0.09475109072398957,0.0005001064017518902,3.480699407753331,1.2623636383205834,3.533764164340562,601,17
China,0.05,D,10,Crisis_next_10D,RSV_Ratio,0.06374071303166595,0.0037675323474705424,-2.89699710273712,-5.8507616339506505,0.002877706564197957,601,17
China,0.05,D,10,Crisis_next_10D,HillTail,0.0013917129114874305,0.6397738209738957,0.4680150586671116,0.816725637128704,2.2630775554190614,601,17
China,0.05,D,15,Crisis_next_15D,HY_Spread,0.018734109111577357,0.01714882557095372,2.383501264129165,0.6382612134351061,1.8931861690604883,601,40
China,0.05,D,15,Crisis_next_15D,Yield_Curve,-5.972364824913257e-10,,,0.0,1.0,601,40
China,0.05,D,15,Crisis_next_15D,Neely,0.002401128681834175,0.4011059185572925,-0.8396477489241493,-0.2752136280701959,0.7594098746291535,601,40
China,0.05,D,15,Crisis_next_15D,PatroCorr,0.024363361226871882,0.014858864261569371,2.435800810538146,5.255697414607165,191.6551023238209,601,40
China,0.05,D,15,Crisis_next_15D,SahmIndicator,0.00456353650197916,0.2464013705757817,-1.1591344865231774,-1.3451455531176124,0.2605017882529602,601,40
China,0.05,D,15,Crisis_next_15D,VIX,0.0003120631035418153,0.767055710887972,-0.29622833538792026,-0.012049737723056822,0.9880225696468619,601,40
China,0.05,D,15,Crisis_next_15D,M2_Growth,0.043549243521440184,0.0005110093340522831,-3.4749181037442227,-0.18299749663534437,0.8327702404620678,601,40
China,0.05,D,15,Crisis_next_15D,BuffettDeviation,0.0008288837063697985,0.6170290316948936,-0.5000653948378402,-1.0068877278809545,0.3653542939340792,601,40
China,0.05,D,15,Crisis_next_15D,Systemic_Corr,0.002459631955504471,0.4079775419554096,0.8274579578687976,2.4406909166033257,11.48097039618381,601,40
China,0.05,D,15,Crisis_next_15D,Shiller_CAPE,0.0008056351043835841,0.6153327660704957,-0.502475949377666,-0.14750168809988853,0.8628609817246189,601,40
China,0.05,D,15,Crisis_next_15D,YC_10Y3M,-5.972364824913257e-10,,,0.0,1.0,601,40
China,0.05,D,15,Crisis_next_15D,CFNAI,0.013698338988911818,0.03347714361273026,-2.1263137536212433,-0.7121435693319544,0.4905914527557904,601,40
China,0.05,D,15,Crisis_next_15D,CISS,0.013921349646638714,0.030855177801368233,2.158935415715374,8.255476067468699,3848.6436536944443,601,40
China,0.05,D,15,Crisis_next_15D,Downside_Beta,0.023705457915684236,0.011578719515391417,2.5247300448154246,2.018619874345343,7.5279282740264275,601,40
China,0.05,D,15,Crisis_next_15D,NFCI,0.0342789074089781,0.00132513685041586,3.2104795760290723,5.226018528462881,186.05057185722882,601,40
China,0.05,D,15,Crisis_next_15D,EPU,0.0023125199949250996,0.4252812499598839,-0.7972923710948906,-0.0009088795457584838,0.9990915333601524,601,40
China,0.05,D,15,Crisis_next_15D,RSkew,0.02951401211328275,0.010954980724427375,2.544131585333263,0.530409088065881,1.6996274637308817,601,40
China,0.05,D,15,Crisis_next_15D,RSV_Ratio,0.007057647645275611,0.15375408776975322,-1.4263959303114533,-1.6421642196085713,0.193560680838519,601,40
China,0.05,D,15,Crisis_next_15D,HillTail,0.008562972187701856,0.1233073160435692,-1.5410389112954932,-1.969788811222398,0.13948631104819884,601,40
China,0.05,M,6,Crisis_next_6M,HY_Spread,0.4092998060434566,0.004509307897952157,2.8401446665972547,3.3607249475020806,28.81006909814945,32,8
China,0.05,M,6,Crisis_next_6M,Yield_Curve,-3.000089066063083e-11,,,0.0,1.0,32,8
China,0.05,M,6,Crisis_next_6M,Neely,0.05931658356063074,0.16589996279631092,1.3854989190855664,1.265665215852119,3.545450441667183,32,8
China,0.05,M,6,Crisis_next_6M,PatroCorr,0.193925552360928,0.06279661292450074,1.8606288136431217,16.561933893807325,15586783.378618633,32,8
China,0.05,M,6,Crisis_next_6M,SahmIndicator,0.5645615528339711,0.006312611513109997,-2.7310853815029406,-20.346525430494456,1.4575258959378146e-09,32,8
China,0.05,M,6,Crisis_next_6M,VIX,0.008166113247957796,0.5967639209873177,-0.5290598665045148,-0.07381267449165518,0.9288456740333767,32,8
China,0.05,M,6,Crisis_next_6M,M2_Growth,0.5421197397288726,0.02717511439480841,-2.208993192670185,-1.0256548576094306,0.35856158172642005,32,8
China,0.05,M,6,Crisis_next_6M,BuffettDeviation,0.0006822425201553628,0.8759386966968817,-0.15611966664428417,-0.7596735956483991,0.46781910028203766,32,8
China,0.05,M,6,Crisis_next_6M,Systemic_Corr,0.03949635391938178,0.24270922954925833,-1.1682418358935986,-7.748173860267094,0.0004315298552982402,32,8
China,0.05,M,6,Crisis_next_6M,Shiller_CAPE,0.549082287773311,0.13867197378794463,-1.4807546178073467,-10.545530561526308,2.6310813028021264e-05,32,8
China,0.05,M,6,Crisis_next_6M,YC_10Y3M,-3.000089066063083e-11,,,0.0,1.0,32,8
China,0.05,M,6,Crisis_next_6M,CFNAI,0.6810385755009316,0.011468649875074241,-2.528085255667969,-6.783180776360695,0.001132666403933124,32,8
China,0.05,M,6,Crisis_next_6M,CISS,0.1690496928117864,0.025404666750129094,2.2351932148931093,35.25393320280775,2044507252006688.8,32,8
China,0.05,M,6,Crisis_next_6M,Downside_Beta,0.37197297840829213,0.04787507992022922,1.978475587797426,12.005717410619381,163687.99259688065,32,8
China,0.05,M,6,Crisis_next_6M,NFCI,0.5216332767312437,0.005812780881596809,2.758159606828663,26.449162617843392,306708191997.9396,32,8
China,0.05,M,6,Crisis_next_6M,EPU,0.05349631779706654,0.21320716155479258,-1.2447948721269884,-0.004612560840282939,0.9953980606813895,32,8
China,0.05,M,6,Crisis_next_6M,RSkew,0.01895914214642913,0.44086273053243175,0.7707371780339711,0.28697241980279137,1.3323874654598638,32,8
China,0.05,M,6,Crisis_next_6M,RSV_Ratio,0.0016770800765263383,0.8061780869700292,-0.24535949744439836,-0.6708359276705755,0.511281005161892,32,8
China,0.05,M,6,Crisis_next_6M,HillTail,0.09485299637941735,0.10166935172314125,-1.6368139418955947,-6.44476867246583,0.0015888120625451232,32,8
China,0.08,D,5,Crisis_next_5D,HY_Spread,0.008192900667771674,0.6578691682734567,-0.44285700441893155,-0.636579235144164,0.529099256047768,601,2
China,0.08,D,5,Crisis_next_5D,Yield_Curve,-2.0431012215382793e-08,,,0.0,1.0,601,2
China,0.08,D,5,Crisis_next_5D,Neely,0.11582984413958408,0.9336887644119339,-0.08320471412278416,-10.538413502554052,2.6498736574196994e-05,601,2
China,0.08,D,5,Crisis_next_5D,PatroCorr,0.005368760664366867,0.7257290559686328,-0.3508124505193366,-2.403201676697566,0.09042796819928105,601,2
China,0.08,D,5,Crisis_next_5D,SahmIndicator,0.01194881873210174,0.5816258822459569,0.5510113672174973,2.9749961326377066,19.58954748957219,601,2
China,0.08,D,5,Crisis_next_5D,VIX,0.04855946131694955,0.14067766530417533,1.4732721566731248,0.10240361270493198,1.1078305159766548,601,2
China,0.08,D,5,Crisis_next_5D,M2_Growth,0.061586131494583696,0.34582329657528676,0.9427216497977228,0.4174854200908665,1.518139269404524,601,2
China,0.08,D,5,Crisis_next_5D,BuffettDeviation,0.09201910266822666,0.11617796199626843,1.5710201776710513,12.008561761244083,164154.2414140949,601,2
China,0.08,D,5,Crisis_next_5D,Systemic_Corr,0.07176848573372907,0.2705338665429503,1.1018339528633492,25.377518811650443,105030730073.35101,601,2
China,0.08,D,5,Crisis_next_5D,Shiller_CAPE,0.016999112107167202,0.7745947686371432,0.28636997500859673,4.1970931767028095,66.4927671245971,601,2
China,0.08,D,5,Crisis_next_5D,YC_10Y3M,-2.0431012215382793e-08,,,0.0,1.0,601,2
China,0.08,D,5,Crisis_next_5D,CFNAI,-0.0017901624181877462,0.974057946546825,-0.032519272973548126,-0.056325060265281286,0.9452318286374445,601,2
China,0.08,D,5,Crisis_next_5D,CISS,0.00010107511309764838,0.9915845932084333,-0.010547343858983614,-0.2181403044374542,0.8040126272131933,601,2
China,0.08,D,5,Crisis_next_5D,Downside_Beta,0.06098148204139664,0.30443589582110875,-1.0269672282984634,-4.8811365151636,0.007588384810484018,601,2
China,0.08,D,5,Crisis_next_5D,NFCI,0.007359520372484107,0.6703255767178478,-0.4257012148534254,-3.6242225288006384,0.026669824298287407,601,2
China,0.08,D,5,Crisis_next_5D,EPU,0.0057156887011201585,0.6776894425407001,0.4156181510405586,0.0015418995445063966,1.0015430888828105,601,2
China,0.08,D,5,Crisis_next_5D,RSkew,0.20605100721180003,0.00885235482927086,2.6177040337982307,1.9204912529384615,6.824310108365781,601,2
China,0.08,D,5,Crisis_next_5D,RSV_Ratio,0.15749887184136369,0.07915279097519953,-1.7556230664455292,-13.11495662892687,2.0148684925736476e-06,601,2
China,0.08,D,5,Crisis_next_5D,HillTail,0.0067215702367995345,0.6674666792890639,0.4296274315918214,2.125785521331252,8.37947716160718,601,2
China,0.08,D,10,Crisis_next_10D,HY_Spread,0.009248973763875457,0.7279814965173583,-0.3478118408645784,-0.7228195226560695,0.485381779898459,601,1
China,0.08,D,10,Crisis_next_10D,Yield_Curve,-1.912175617846401e-08,,,0.0,1.0,601,1
China,0.08,D,10,Crisis_next_10D,Neely,0.10462918212320016,0.7963738174034017,-0.25804287567300166,-6.650771371917036,0.001293024318035745,601,1
China,0.08,D,10,Crisis_next_10D,PatroCorr,0.04722314063317967,0.40901844753517935,-0.8256221828881007,-7.959513440646114,0.0003493230425110243,601,1
China,0.08,D,10,Crisis_next_10D,SahmIndicator,0.0026977180127306655,0.8263555053606928,-0.21937812932499237,-1.5527213693832138,0.21167115391513217,601,1
China,0.08,D,10,Crisis_next_10D,VIX,0.01653115698960128,0.5428632259140679,0.6084889599722868,0.07493818474948472,1.0778175232651408,601,1
China,0.08,D,10,Crisis_next_10D,M2_Growth,0.07360692242929201,0.49588204433758654,0.6809833208038722,0.5575653634365086,1.7464154333244302,601,1
China,0.08,D,10,Crisis_next_10D,BuffettDeviation,0.036367664826985835,0.45067969562550425,0.7542823543440332,8.031215462624107,3075.4775304042996,601,1
China,0.08,D,10,Crisis_next_10D,Systemic_Corr,0.021219878953762095,0.6153995289367655,0.5023810178780046,11.916133834947527,149661.87095822475,601,1
China,0.08,D,10,Crisis_next_10D,Shiller_CAPE,0.015386016304353545,0.8394542230095823,0.20259164231555718,4.051715458786883,57.49600452037833,601,1
China,0.08,D,10,Crisis_next_10D,YC_10Y3M,-1.912175617846401e-08,,,0.0,1.0,601,1
China,0.08,D,10,Crisis_next_10D,CFNAI,-0.0018248810872960597,0.9793455102588854,-0.025889455828865326,-0.0631927274993369,0.9387625308983163,601,1
China,0.08,D,10,Crisis_next_10D,CISS,0.03931027099773399,0.5520471258783743,-0.5946953571522738,-37.092385559453774,7.780036435806902e-17,601,1
China,0.08,D,10,Crisis_next_10D,Downside_Beta,0.16748178729493868,0.6967393516002414,-0.3897257524415772,-182.4550925909549,5.764479414303287e-80,601,1
China,0.08,D,10,Crisis_next_10D,NFCI,0.009758950517539389,0.7186956574836785,-0.3602025639314738,-4.473077267491973,0.011412143542623989,601,1
China,0.08,D,10,Crisis_next_10D,EPU,0.06647534916886033,0.2587239119786122,1.129412381896642,0.0044103081542355115,1.0044200478763712,601,1
China,0.08,D,10,Crisis_next_10D,RSkew,7.102252206592219e-05,0.9713103478349236,-0.035964898425437604,-0.028326002574982818,0.9720714173557611,601,1
China,0.08,D,10,Crisis_next_10D,RSV_Ratio,0.00043589782135067257,0.9153411949492265,0.10630395347228194,0.7282137630161709,2.071377330398337,601,1
China,0.08,D,10,Crisis_next_10D,HillTail,0.6613307903375215,0.6970180522470122,0.389348920510806,415.06608746744087,1.8235237006321843e+180,601,1
China,0.08,D,15,Crisis_next_15D,HY_Spread,0.009783690650002064,0.5664307344995378,-0.5733160287071681,-0.6811145238168401,0.5060526701952469,601,3
China,0.08,D,15,Crisis_next_15D,Yield_Curve,-6.077938152770912e-11,,,0.0,1.0,601,3
China,0.08,D,15,Crisis_next_15D,Neely,0.123460658665277,0.9316130400417157,-0.08581555619662189,-10.96592204762577,1.7280669560485253e-05,601,3
China,0.08,D,15,Crisis_next_15D,PatroCorr,0.05571595772517668,0.1528989363184414,-1.4293664491390599,-8.008934940861094,0.00033247863989104373,601,3
China,0.08,D,15,Crisis_next_15D,SahmIndicator,0.0032070083203366018,0.7267613787529723,-0.3494368416469294,-1.4310875827022391,0.2390487954797558,601,3
China,0.08,D,15,Crisis_next_15D,VIX,0.04863090065287601,0.08378839886811713,1.729115649314799,0.10134968618095304,1.106663559063233,601,3
China,0.08,D,15,Crisis_next_15D,M2_Growth,0.08672972113286637,0.23778702748392633,1.1805361851059535,0.5595606448957618,1.749903502341205,601,3
China,0.08,D,15,Crisis_next_15D,BuffettDeviation,0.07293007167207166,0.09254914884928479,1.6821015553260679,10.407789821452516,33116.59586796729,601,3
China,0.08,D,15,Crisis_next_15D,Systemic_Corr,0.021366613199158224,0.41629613816316324,0.812863823150919,10.859803902889656,52041.871926164305,601,3
China,0.08,D,15,Crisis_next_15D,Shiller_CAPE,0.01811380239731797,0.7257034033668415,0.3508466420180929,4.200807725502255,66.7402170507812,601,3
China,0.08,D,15,Crisis_next_15D,YC_10Y3M,-6.077938152770912e-11,,,0.0,1.0,601,3
China,0.08,D,15,Crisis_next_15D,CFNAI,0.05631647448787436,0.9895758123504278,0.013065153441492224,100.9156439117649,6.71594743948438e+43,601,3
China,0.08,D,15,Crisis_next_15D,CISS,0.005782430987337661,0.6649989351615443,-0.43302179633921284,-9.377190457162623,8.463264787035674e-05,601,3
China,0.08,D,15,Crisis_next_15D,Downside_Beta,0.1974409717425326,0.50177000609995,-0.6717073738618698,-187.18717164221073,5.0774338346583995e-82,601,3
China,0.08,D,15,Crisis_next_15D,NFCI,0.028466660004107025,0.348227915219666,-0.9380320975230776,-7.5980243567167545,0.0005014411242697872,601,3
China,0.08,D,15,Crisis_next_15D,EPU,0.24355893956473873,0.0019087151568796712,3.104080305548099,0.0071705906438136995,1.0071963608880374,601,3
China,0.08,D,15,Crisis_next_15D,RSkew,0.004396940058925769,0.6663878905059966,-0.4311106867525793,-0.17059175779191077,0.8431657190543959,601,3
China,0.08,D,15,Crisis_next_15D,RSV_Ratio,0.002021864477348423,0.7818200841250508,0.2769479358069541,1.0953152036887501,2.9901250333097997,601,3
China,0.08,D,15,Crisis_next_15D,HillTail,0.6378544672038902,0.06419553548041149,1.8508194255433708,139.67134287576914,4.5550535917782165e+60,601,3
China,0.08,M,6,Crisis_next_6M,HY_Spread,0.33209163406252995,0.026394200875396425,2.220362051578761,2.9518430987014153,19.141200358268705,32,4
China,0.08,M,6,Crisis_next_6M,Yield_Curve,-6.112987893658328e-10,,,0.0,1.0,32,4
China,0.08,M,6,Crisis_next_6M,Neely,0.000742219422834034,0.893599110706573,-0.1337514610154422,-0.1430297884062945,0.8667282500576802,32,4
China,0.08,M,6,Crisis_next_6M,PatroCorr,0.054668449872415925,0.30545436155419914,1.0248067908313192,7.3821126644609105,1606.981196158515,32,4
China,0.08,M,6,Crisis_next_6M,SahmIndicator,0.5420006658908636,0.05195204458730136,-1.943530908746578,-24.800529438420458,1.6953794575083624e-11,32,4
China,0.08,M,6,Crisis_next_6M,VIX,0.021320606425232147,0.5003824691050028,-0.6738880829246496,-0.13655439366839162,0.8723588681700934,32,4
China,0.08,M,6,Crisis_next_6M,M2_Growth,0.6255187845931465,0.19832073326793465,-1.2863505923380523,-4.42768828203664,0.011942064472890793,32,4
China,0.08,M,6,Crisis_next_6M,BuffettDeviation,0.00524798570152385,0.7191846783130955,0.3595486657315444,2.183770064837268,8.879720353962075,32,4
China,0.08,M,6,Crisis_next_6M,Systemic_Corr,0.010430852301626103,0.6067896279656079,-0.5146614332422115,-4.118589506571901,0.01626744338957646,32,4
China,0.08,M,6,Crisis_next_6M,Shiller_CAPE,0.29066802065265984,0.014871529487830742,-2.4354925828068734,-1.52928519568263,0.21669050327798345,32,4
China,0.08,M,6,Crisis_next_6M,YC_10Y3M,-6.112987893658328e-10,,,0.0,1.0,32,4
China,0.08,M,6,Crisis_next_6M,CFNAI,0.40028506072724424,0.01043978388294578,-2.5609118585228194,-2.605651023193792,0.0738550401989759,32,4
China,0.08,M,6,Crisis_next_6M,CISS,0.12247079241100167,0.0998269589618453,1.6456931066634395,29.73059003741525,8162650410827.697,32,4
China,0.08,M,6,Crisis_next_6M,Downside_Beta,0.2909486822394617,0.14610472588631374,1.453428832829912,12.914553261934447,406180.638453457,32,4
China,0.08,M,6,Crisis_next_6M,NFCI,0.6414047925345749,0.037504263583415846,2.080231944160615,35.58555723526053,2848466673917200.5,32,4
China,0.08,M,6,Crisis_next_6M,EPU,0.05317996686398452,0.33599019807889885,-0.9621182691618271,-0.0053576584583098575,0.9946566681965743,32,4
China,0.08,M,6,Crisis_next_6M,RSkew,0.004392020267256602,0.7527179724228136,0.3150575317094578,0.14115527923048787,1.1516034542001345,32,4
China,0.08,M,6,Crisis_next_6M,RSV_Ratio,0.0008551823849434204,0.8865166141831848,-0.1427132976931747,-0.5102074513585607,0.6003710181092219,32,4
China,0.08,M,6,Crisis_next_6M,HillTail,0.03159787960359395,0.4124871829469403,-0.81952458179036,-3.7599816160131,0.02328416842680968,32,4
China,0.1,D,15,Crisis_next_15D,HY_Spread,0.005799667294027144,0.7797298760676442,-0.2796710695739728,-0.5565032703433062,0.5732099237168383,601,1
China,0.1,D,15,Crisis_next_15D,Yield_Curve,-1.912175617846401e-08,,,0.0,1.0,601,1
China,0.1,D,15,Crisis_next_15D,Neely,0.10462918212316319,0.7963738173949122,-0.25804287568400186,-6.650771371778922,0.001293024318214329,601,1
China,0.1,D,15,Crisis_next_15D,PatroCorr,0.04722314063317967,0.4090184475356571,-0.8256221828872589,-7.959513440648545,0.0003493230425101751,601,1
China,0.1,D,15,Crisis_next_15D,SahmIndicator,0.0026977180127306655,0.8263555053606928,-0.21937812932499237,-1.5527213693832138,0.21167115391513217,601,1
China,0.1,D,15,Crisis_next_15D,VIX,0.046985371046805446,0.2751394685685644,1.0913032490828487,0.10354070138608042,1.109090933984721,601,1
China,0.1,D,15,Crisis_next_15D,M2_Growth,0.07360692242929234,0.49588204433760774,0.6809833208038387,0.5575653634365092,1.7464154333244313,601,1
China,0.1,D,15,Crisis_next_15D,BuffettDeviation,0.06260385157008108,0.3279095495485096,0.978333210490987,10.423212274478288,33631.29376237501,601,1
China,0.1,D,15,Crisis_next_15D,Systemic_Corr,0.022682837915276033,0.6048016679086956,0.5175078823867156,12.42688368269851,249417.55101285607,601,1
China,0.1,D,15,Crisis_next_15D,Shiller_CAPE,0.015386016304031247,0.8394542237941702,0.20259164131183377,4.0517154517857845,57.49600411784314,601,1
China,0.1,D,15,Crisis_next_15D,YC_10Y3M,-1.912175617846401e-08,,,0.0,1.0,601,1
China,0.1,D,15,Crisis_next_15D,CFNAI,-0.0018248810872960597,0.9793455102588854,-0.025889455828865326,-0.0631927274993369,0.9387625308983163,601,1
China,0.1,D,15,Crisis_next_15D,CISS,0.0033093009458700084,0.8288803262088478,-0.21613781238726798,-7.823979648730824,0.000400026545730993,601,1
China,0.1,D,15,Crisis_next_15D,Downside_Beta,0.1674817872949378,0.6967393516002149,-0.3897257524416128,-182.45509259091267,5.764479414546748e-80,601,1
China,0.1,D,15,Crisis_next_15D,NFCI,0.024112721213950805,0.5773459292257708,-0.5572656674424294,-7.910531102223382,0.00036685968884954244,601,1
China,0.1,D,15,Crisis_next_15D,EPU,0.10024594891165295,0.1659865507425532,1.3852156040898616,0.005166545706569144,1.0051799153188257,601,1
China,0.1,D,15,Crisis_next_15D,RSkew,0.0037212568828118853,0.8021642791220034,-0.25054710803479874,-0.1709232861406138,0.8428862320473677,601,1
China,0.1,D,15,Crisis_next_15D,RSV_Ratio,0.001491056860085771,0.8812508301256712,0.149383754246302,1.0193628828561105,2.771428476762508,601,1
China,0.1,D,15,Crisis_next_15D,HillTail,0.42019534476378495,0.2937975069978169,1.0498273309766168,46.72657309270362,1.9637800892695174e+20,601,1
China,0.1,M,6,Crisis_next_6M,HY_Spread,0.20151454376779943,0.07725407089263163,1.7668457116140823,2.1356615182602225,8.462642848390368,32,3
China,0.1,M,6,Crisis_next_6M,Yield_Curve,6.036282584886976e-13,,,0.0,1.0,32,3
China,0.1,M,6,Crisis_next_6M,Neely,0.012515206469247864,0.6256622939964895,0.4878412454480962,0.6243822096541725,1.867092129564646,32,3
China,0.1,M,6,Crisis_next_6M,PatroCorr,0.0450636059214119,0.39262703481667727,0.8548629300279725,6.84474933306244,938.9378908232363,32,3
China,0.1,M,6,Crisis_next_6M,SahmIndicator,0.4105113848311025,0.08149362081156224,-1.7420847204913534,-18.56044792935043,8.695606582529023e-09,32,3
China,0.1,M,6,Crisis_next_6M,VIX,0.09697370005083861,0.24616190506878677,-1.1597222577536253,-0.3690995019856633,0.6913566156716959,32,3
China,0.1,M,6,Crisis_next_6M,M2_Growth,0.6190966872308945,0.2518975229325947,-1.1457526239025826,-5.8178628436564646,0.0029739541629468847,32,3
China,0.1,M,6,Crisis_next_6M,BuffettDeviation,0.0013133947556586145,0.8726570921110148,-0.16028434272214562,-1.1771200983329926,0.3081649466361582,32,3
China,0.1,M,6,Crisis_next_6M,Systemic_Corr,0.0007539975161154899,0.9013576095690936,-0.12394653225754813,-1.1911985982957045,0.3038568434186888,32,3
China,0.1,M,6,Crisis_next_6M,Shiller_CAPE,0.0864577108081368,0.16568434832820056,-1.3862048914043545,-0.822329801737512,0.4394067304705804,32,3
China,0.1,M,6,Crisis_next_6M,YC_10Y3M,6.036282584886976e-13,,,0.0,1.0,32,3
China,0.1,M,6,Crisis_next_6M,CFNAI,0.22990701189752838,0.0406426845506896,-2.047156870935977,-1.815902110353643,0.1626910768661493,32,3
China,0.1,M,6,Crisis_next_6M,CISS,0.027630262146918327,0.4517668364293377,0.7524727080690229,14.298953457841915,1621647.973673191,32,3
China,0.1,M,6,Crisis_next_6M,Downside_Beta,0.19600053884641677,0.20559266723246794,1.2657777386314646,8.37440037071615,4334.668304999603,32,3
China,0.1,M,6,Crisis_next_6M,NFCI,0.3822640602086762,0.0387477038255688,2.0668562229164693,19.623593582735406,332980198.67405003,32,3
China,0.1,M,6,Crisis_next_6M,EPU,0.05343356628144558,0.39095450113613306,-0.857887655777596,-0.005715292071978511,0.9943010091395752,32,3
China,0.1,M,6,Crisis_next_6M,RSkew,0.0034248481124447006,0.7998901201248505,0.25348931095059796,0.1282257904848624,1.136809654524291,32,3
China,0.1,M,6,Crisis_next_6M,RSV_Ratio,0.0022885770246025006,0.8309180706722443,0.2135242574177313,0.8613774820829121,2.3664181482479774,32,3
China,0.1,M,6,Crisis_next_6M,HillTail,0.05151445269462229,0.36354727591706804,-0.9086265711253149,-5.244354049390101,0.005277229423451276,32,3
China,0.12,M,6,Crisis_next_6M,HY_Spread,0.033716380065943685,0.5825420704065492,0.5496753448870811,0.9005039681117468,2.4608429850947475,32,1
China,0.12,M,6,Crisis_next_6M,Yield_Curve,-2.6000595010344796e-09,,,0.0,1.0,32,1
China,0.12,M,6,Crisis_next_6M,Neely,0.17438236305946275,0.9819061189345708,-0.02267926096362371,-12.878048688736058,2.553492089582451e-06,32,1
China,0.12,M,6,Crisis_next_6M,PatroCorr,0.09944355364981805,0.4197978928932996,0.8067719319435278,13.389717530890817,653251.5335113734,32,1
China,0.12,M,6,Crisis_next_6M,SahmIndicator,0.18028941597750625,0.3200531513719468,-0.9943486643010148,-10.48223877953404,2.8029899463676957e-05,32,1
China,0.12,M,6,Crisis_next_6M,VIX,0.14114822602431498,0.4103329962031619,-0.8233077699585083,-0.6170568243302138,0.539530034776049,32,1
China,0.12,M,6,Crisis_next_6M,M2_Growth,0.2946777883102458,0.4641904045814016,-0.7319642236438355,-1.4050100055464274,0.24536460143373318,32,1
China,0.12,M,6,Crisis_next_6M,BuffettDeviation,0.0020493217508553707,0.8939593169651251,-0.13329596705380853,-1.666846427126353,0.18884165352383575,32,1
China,0.12,M,6,Crisis_next_6M,Systemic_Corr,0.030205408815905166,0.6378698972893204,0.4706791200187101,10.568876089209299,38904.923480097685,32,1
China,0.12,M,6,Crisis_next_6M,Shiller_CAPE,0.9999987162914896,0.9991441227348615,0.0010726832819186465,451.9678698028244,1.9370991606025424e+196,32,1
China,0.12,M,6,Crisis_next_6M,YC_10Y3M,-2.6000595010344796e-09,,,0.0,1.0,32,1
China,0.12,M,6,Crisis_next_6M,CFNAI,0.06259194413147662,0.42512691003033054,-0.7975582105051158,-1.0231415171719023,0.35946390249376564,32,1
China,0.12,M,6,Crisis_next_6M,CISS,0.17979992279515888,0.2501373968268963,1.1500157196834884,41.21282521521254,7.915941473851736e+17,32,1
China,0.12,M,6,Crisis_next_6M,Downside_Beta,0.1087145240142855,0.4717195455205676,0.7196840554790555,6.096554041078356,444.3240066824923,32,1
China,0.12,M,6,Crisis_next_6M,NFCI,0.11566326043432418,0.33480352433313476,0.9644836048188998,9.858475407622286,19119.717427931086,32,1
China,0.12,M,6,Crisis_next_6M,EPU,0.16467878535865843,0.4490539951694247,-0.7569931018921765,-0.026124441680193174,0.9742138492569602,32,1
China,0.12,M,6,Crisis_next_6M,RSkew,0.07820312639221183,0.39777891704284773,0.8455946393807676,0.7785156049653472,2.1782365010695366,32,1
China,0.12,M,6,Crisis_next_6M,RSV_Ratio,0.04609797930623227,0.5339611206090789,-0.6219707210076248,-4.512466469133144,0.010971366240184521,32,1
China,0.12,M,6,Crisis_next_6M,HillTail,0.040345502084026985,0.5941254632302725,-0.532867270174298,-5.285817594367908,0.005062891104275839,32,1
China,0.15,M,6,Crisis_next_6M,HY_Spread,0.033716380065943685,0.5825420704065492,0.5496753448870811,0.9005039681117468,2.4608429850947475,32,1
China,0.15,M,6,Crisis_next_6M,Yield_Curve,-2.6000595010344796e-09,,,0.0,1.0,32,1
China,0.15,M,6,Crisis_next_6M,Neely,0.17438236305946275,0.9819061189345708,-0.02267926096362371,-12.878048688736058,2.553492089582451e-06,32,1
China,0.15,M,6,Crisis_next_6M,PatroCorr,0.09944355364981805,0.4197978928932996,0.8067719319435278,13.389717530890817,653251.5335113734,32,1
China,0.15,M,6,Crisis_next_6M,SahmIndicator,0.18028941597750625,0.3200531513719468,-0.9943486643010148,-10.48223877953404,2.8029899463676957e-05,32,1
China,0.15,M,6,Crisis_next_6M,VIX,0.14114822602431498,0.4103329962031619,-0.8233077699585083,-0.6170568243302138,0.539530034776049,32,1
China,0.15,M,6,Crisis_next_6M,M2_Growth,0.2946777883102458,0.4641904045814016,-0.7319642236438355,-1.4050100055464274,0.24536460143373318,32,1
China,0.15,M,6,Crisis_next_6M,BuffettDeviation,0.0020493217508553707,0.8939593169651251,-0.13329596705380853,-1.666846427126353,0.18884165352383575,32,1
China,0.15,M,6,Crisis_next_6M,Systemic_Corr,0.030205408815905166,0.6378698972893204,0.4706791200187101,10.568876089209299,38904.923480097685,32,1
China,0.15,M,6,Crisis_next_6M,Shiller_CAPE,0.9999987162914896,0.9991441227348615,0.0010726832819186465,451.9678698028244,1.9370991606025424e+196,32,1
China,0.15,M,6,Crisis_next_6M,YC_10Y3M,-2.6000595010344796e-09,,,0.0,1.0,32,1
China,0.15,M,6,Crisis_next_6M,CFNAI,0.06259194413147662,0.42512691003033054,-0.7975582105051158,-1.0231415171719023,0.35946390249376564,32,1
China,0.15,M,6,Crisis_next_6M,CISS,0.17979992279515888,0.2501373968268963,1.1500157196834884,41.21282521521254,7.915941473851736e+17,32,1
China,0.15,M,6,Crisis_next_6M,Downside_Beta,0.1087145240142855,0.4717195455205676,0.7196840554790555,6.096554041078356,444.3240066824923,32,1
China,0.15,M,6,Crisis_next_6M,NFCI,0.11566326043432418,0.33480352433313476,0.9644836048188998,9.858475407622286,19119.717427931086,32,1
China,0.15,M,6,Crisis_next_6M,EPU,0.16467878535865843,0.4490539951694247,-0.7569931018921765,-0.026124441680193174,0.9742138492569602,32,1
China,0.15,M,6,Crisis_next_6M,RSkew,0.07820312639221183,0.39777891704284773,0.8455946393807676,0.7785156049653472,2.1782365010695366,32,1
China,0.15,M,6,Crisis_next_6M,RSV_Ratio,0.04609797930623227,0.5339611206090789,-0.6219707210076248,-4.512466469133144,0.010971366240184521,32,1
China,0.15,M,6,Crisis_next_6M,HillTail,0.040345502084026985,0.5941254632302725,-0.532867270174298,-5.285817594367908,0.005062891104275839,32,1
