Date,1,2,3,4,5,6
1989-07-01,0.6,-0.39,15.53,-99.99,-99.99,0.7
1989-08-01,1.63,8.78,-3.73,-99.99,-99.99,0.74
1989-09-01,14.41,3.32,-7.7,-99.99,-99.99,0.65
1989-10-01,-2.18,-0.49,-4.36,-99.99,-99.99,0.68
1989-11-01,0.72,0.43,2.22,-99.99,-99.99,0.69
1989-12-01,6.93,2.69,10.71,-99.99,-99.99,0.61
1990-01-01,1.02,8.24,12.96,-99.99,-99.99,0.57
1990-02-01,3.76,5.35,2.64,-99.99,-99.99,0.57
1990-03-01,-5.07,-1.87,2.88,-99.99,-99.99,0.64
1990-04-01,-1.12,1.76,-7.17,-99.99,-99.99,0.69
1990-05-01,8.13,-1.96,5.03,-99.99,-99.99,0.68
1990-06-01,3.65,5.64,-14.35,-99.99,-99.99,0.63
1990-07-01,7.13,1.16,-3.75,-99.99,-99.99,0.68
1990-08-01,-13.29,2.59,-1.65,-99.99,-99.99,0.66
1990-09-01,-11.63,7.75,1.11,-99.99,-99.99,0.6
1990-10-01,1.01,5.57,-10.21,-99.99,-99.99,0.68
1990-11-01,-4.3,1.71,-3.76,-99.99,-99.99,0.57
1990-12-01,0.14,-0.97,4.01,-99.99,-99.99,0.6
1991-01-01,2.02,0.47,-0.01,-99.99,-99.99,0.52
1991-02-01,12.31,-5.06,5.5,-99.99,-99.99,0.48
1991-03-01,2.36,4.55,5.55,-99.99,-99.99,0.44
1991-04-01,0.06,0.05,-3.26,-99.99,-99.99,0.53
1991-05-01,4.49,6.62,5.24,-99.99,-99.99,0.47
1991-06-01,-3.87,-1.55,-4.13,-99.99,-99.99,0.42
1991-07-01,0.99,-6.06,3.65,-1.46,-99.99,0.49
1991-08-01,0.09,-4.43,5.05,3.42,-99.99,0.46
1991-09-01,-3.5,-0.14,-1.32,-0.77,-99.99,0.46
1991-10-01,4.77,-4.22,0.95,-1.03,-99.99,0.42
1991-11-01,-0.49,2.99,2.44,5.59,-99.99,0.39
1991-12-01,8.52,-3.31,4.38,5.28,-99.99,0.38
1992-01-01,8.66,-5.72,2.71,-8.93,-99.99,0.34
1992-02-01,4.47,-4.35,3.64,-5.84,-99.99,0.28
1992-03-01,-2.65,3.73,-2.63,5.35,-99.99,0.34
1992-04-01,-0.96,3.84,1.61,0.62,-99.99,0.32
1992-05-01,-0.61,-0.97,2.21,-2.77,-99.99,0.28
1992-06-01,-7.71,7.18,-5.65,8.3,-99.99,0.32
1992-07-01,-0.49,1.74,-2.0,3.93,-2.72,0.31
1992-08-01,-3.64,-0.25,-2.3,3.57,-2.25,0.26
1992-09-01,-1.22,-3.29,-0.11,1.34,0.98,0.26
1992-10-01,4.4,0.0,-0.75,-2.67,-5.13,0.23
1992-11-01,-0.72,2.79,-0.61,0.16,-8.79,0.23
1992-12-01,1.97,1.12,-2.84,0.83,-1.78,0.28
1993-01-01,-0.86,-1.57,1.52,-1.22,1.18,0.23
1993-02-01,3.12,3.08,5.52,-2.34,1.46,0.22
1993-03-01,3.2,1.55,-1.5,-1.46,-7.0,0.25
1993-04-01,4.09,4.12,5.59,-6.11,5.99,0.24
1993-05-01,4.11,3.34,4.08,-4.74,5.22,0.22
1993-06-01,0.24,-2.59,-2.29,0.02,-3.14,0.25
1993-07-01,3.45,0.7,-1.97,1.52,-0.56,0.24
1993-08-01,8.26,1.23,5.97,-2.73,0.87,0.25
1993-09-01,4.61,3.38,3.01,-2.31,1.45,0.26
1993-10-01,9.42,4.26,-2.58,1.52,-4.6,0.22
1993-11-01,6.02,3.17,6.24,-5.19,1.66,0.25
1993-12-01,18.24,2.55,4.14,-3.89,1.52,0.23
1994-01-01,-1.35,-5.38,2.09,-2.2,2.26,0.25
1994-02-01,-1.21,7.29,0.38,-0.7,-0.91,0.21
1994-03-01,-11.62,-0.3,-1.42,1.95,-1.51,0.27
1994-04-01,-0.52,-1.02,-0.72,3.59,0.86,0.27
1994-05-01,1.56,-5.56,0.25,-0.58,2.78,0.32
1994-06-01,-3.3,1.62,0.79,-0.9,0.51,0.31
1994-07-01,6.24,-2.84,0.12,-0.76,-1.36,0.28
1994-08-01,11.81,3.63,-2.37,-3.8,0.89,0.37
1994-09-01,2.21,4.28,0.56,-1.11,3.41,0.37
1994-10-01,-3.22,-0.08,1.44,1.38,1.86,0.38
1994-11-01,-4.7,0.53,1.02,-1.11,0.88,0.37
1994-12-01,-9.51,1.6,-0.27,5.89,0.17,0.44
1995-01-01,-12.79,-3.02,0.93,2.27,2.04,0.42
1995-02-01,0.14,2.7,-4.78,2.95,4.96,0.4
1995-03-01,-0.59,-0.45,-1.73,1.85,0.03,0.46
1995-04-01,2.15,-2.5,2.75,-1.14,-1.28,0.45
1995-05-01,5.27,-2.89,1.29,1.28,1.89,0.54
1995-06-01,0.06,-0.41,2.22,0.66,-0.08,0.47
1995-07-01,2.57,0.94,-0.18,0.5,-1.56,0.45
1995-08-01,-2.86,1.1,-0.8,1.09,0.64,0.47
1995-09-01,-0.88,-1.18,2.51,-0.88,1.9,0.43
1995-10-01,-3.96,-0.08,-1.54,0.89,-0.48,0.47
1995-11-01,-1.54,0.52,-2.13,1.38,-0.18,0.42
1995-12-01,2.95,-0.21,-2.07,2.03,-0.27,0.49
1996-01-01,8.45,1.8,-1.63,0.55,-0.69,0.43
1996-02-01,-2.71,2.58,-0.61,2.17,-0.59,0.39
1996-03-01,0.82,3.21,-3.02,2.23,-0.8,0.39
1996-04-01,2.08,2.4,-2.17,0.32,0.32,0.46
1996-05-01,-1.77,-3.73,0.78,-0.13,1.01,0.42
1996-06-01,0.72,1.84,-0.61,0.96,-0.08,0.4
1996-07-01,-5.86,2.86,-0.62,0.12,0.65,0.45
1996-08-01,2.62,0.8,-4.39,1.55,-0.17,0.41
1996-09-01,1.07,2.38,-1.89,-0.26,-0.49,0.44
1996-10-01,-2.2,2.33,0.27,1.94,-1.47,0.42
1996-11-01,1.09,-1.25,2.84,-0.96,0.01,0.41
1996-12-01,0.2,-2.46,1.57,0.75,-0.1,0.46
1997-01-01,6.62,1.24,4.51,-0.9,1.43,0.45
1997-02-01,4.78,0.7,0.05,-3.03,1.69,0.39
1997-03-01,-2.58,2.51,-1.59,1.92,0.05,0.43
1997-04-01,-2.43,-2.6,5.9,-0.82,0.58,0.43
1997-05-01,2.69,-1.79,0.25,-0.47,0.78,0.49
1997-06-01,4.37,-0.91,3.03,-1.82,-1.56,0.37
1997-07-01,0.36,0.22,4.2,1.32,-3.85,0.43
1997-08-01,-11.62,1.96,5.99,-2.79,-2.06,0.41
1997-09-01,1.3,-3.02,3.79,0.72,3.88,0.44
1997-10-01,-16.3,2.91,1.09,1.11,0.85,0.42
1997-11-01,-5.79,-4.83,5.98,0.74,-0.18,0.39
1997-12-01,-0.44,-3.44,2.81,0.3,-1.72,0.48
1998-01-01,-6.6,0.3,-4.18,-0.11,-1.16,0.43
1998-02-01,10.17,-1.63,-2.99,2.63,-2.45,0.39
1998-03-01,3.7,0.41,4.55,-1.5,2.26,0.39
1998-04-01,0.34,1.47,-0.46,-1.91,-0.1,0.43
1998-05-01,-10.81,6.48,-3.42,0.84,-1.67,0.4
1998-06-01,-10.61,1.93,1.46,0.54,1.55,0.41
1998-07-01,1.85,-1.65,0.74,-1.14,-0.86,0.4
1998-08-01,-24.96,6.48,2.87,-0.86,2.54,0.43
1998-09-01,3.59,-4.59,1.96,0.93,0.9,0.46
1998-10-01,7.76,-6.27,-1.03,2.11,1.28,0.32
1998-11-01,6.12,1.42,0.22,0.68,-1.66,0.31
1998-12-01,-2.11,1.59,-0.48,-0.18,-0.29,0.38
1999-01-01,-1.9,-2.19,-1.67,1.03,3.42,0.35
1999-02-01,-0.13,-1.34,0.18,-0.09,1.26,0.35
1999-03-01,8.69,-1.05,3.4,1.61,-0.28,0.43
1999-04-01,10.32,-0.29,5.2,-4.44,2.08,0.37
1999-05-01,0.84,5.21,-1.61,1.66,0.88,0.34
1999-06-01,10.21,2.05,-0.18,1.36,-4.36,0.4
1999-07-01,-1.77,1.67,-0.01,0.48,6.53,0.38
1999-08-01,2.41,2.48,2.03,0.64,5.91,0.39
1999-09-01,-3.4,1.47,1.03,-1.55,2.37,0.39
1999-10-01,2.94,-0.3,0.12,-2.6,1.3,0.39
1999-11-01,8.32,-2.01,-3.2,2.5,4.55,0.36
1999-12-01,11.38,-7.89,-6.06,1.14,-4.66,0.44
2000-01-01,0.42,4.17,2.93,-3.01,-2.39,0.41
2000-02-01,2.51,-0.43,-11.54,8.03,0.99,0.43
2000-03-01,0.18,0.49,-0.84,2.06,-1.97,0.47
2000-04-01,-11.33,0.07,3.68,0.14,-1.36,0.46
2000-05-01,-3.1,-0.53,1.6,0.59,2.82,0.5
2000-06-01,1.82,-4.48,-3.2,2.87,1.18,0.4
2000-07-01,-5.13,0.87,6.2,-0.57,3.18,0.48
2000-08-01,-0.48,-1.4,-1.6,2.92,-1.51,0.5
2000-09-01,-9.75,1.11,4.66,-0.03,3.66,0.51
2000-10-01,-9.2,-1.0,2.73,2.15,1.04,0.56
2000-11-01,-8.95,1.43,1.46,0.6,3.19,0.51
2000-12-01,0.8,-4.51,4.26,0.72,2.89,0.5
2001-01-01,11.47,-3.74,-0.36,0.58,-3.35,0.54
2001-02-01,-6.9,6.53,3.46,-1.7,3.96,0.38
2001-03-01,-8.59,3.69,2.17,-0.04,0.93,0.42
2001-04-01,3.54,-3.71,0.17,3.75,-0.61,0.39
2001-05-01,0.74,0.42,3.17,3.47,1.0,0.32
2001-06-01,-2.07,1.16,1.86,1.1,1.81,0.28
2001-07-01,-6.94,0.67,-0.14,1.31,0.65,0.3
2001-08-01,-1.84,0.22,5.46,-0.91,4.42,0.31
2001-09-01,-14.68,0.8,2.63,1.41,2.23,0.28
2001-10-01,5.08,-0.36,-2.59,1.22,-4.21,0.22
2001-11-01,9.66,-2.57,-0.7,-0.21,-3.01,0.17
2001-12-01,8.09,-2.11,-0.17,1.16,-2.07,0.15
2002-01-01,2.94,2.18,3.96,-0.59,2.2,0.14
2002-02-01,1.18,-1.82,1.89,0.83,0.22,0.13
2002-03-01,6.48,1.82,2.0,-0.86,-1.57,0.13
2002-04-01,0.13,1.91,5.25,-3.19,2.5,0.15
2002-05-01,-2.27,1.29,1.36,-0.36,0.09,0.14
2002-06-01,-7.49,0.05,2.98,1.56,1.94,0.13
2002-07-01,-6.23,1.54,1.51,-1.01,-0.31,0.15
2002-08-01,0.99,-0.89,-1.24,2.38,-2.17,0.14
2002-09-01,-11.13,-1.27,2.91,3.62,0.24,0.14
2002-10-01,5.94,-1.65,0.83,-0.33,0.59,0.14
2002-11-01,6.0,-1.29,2.49,0.88,1.29,0.12
2002-12-01,-2.86,0.5,5.25,-1.13,0.56,0.11
2003-01-01,0.0,2.36,3.72,-3.17,3.46,0.1
2003-02-01,-2.99,0.33,0.78,1.14,-0.46,0.09
2003-03-01,-3.31,-0.91,1.46,1.19,1.47,0.1
2003-04-01,9.22,-1.82,0.76,0.47,-0.17,0.1
2003-05-01,7.08,0.47,1.16,-1.62,1.03,0.09
2003-06-01,5.88,0.02,1.27,-0.98,-0.52,0.1
2003-07-01,5.03,-0.87,1.11,2.31,-1.77,0.07
2003-08-01,6.5,-2.54,1.87,1.36,0.7,0.07
2003-09-01,1.61,0.98,3.13,-0.27,0.97,0.08
2003-10-01,7.41,-2.78,4.35,-0.6,1.12,0.07
2003-11-01,1.15,1.0,1.69,-1.34,0.05,0.07
2003-12-01,7.34,-1.35,3.89,-0.47,2.15,0.08
2004-01-01,3.56,0.76,0.88,0.34,-0.74,0.07
2004-02-01,4.57,-0.51,3.33,-0.48,0.46,0.06
2004-03-01,1.59,-0.33,0.26,0.67,-0.79,0.09
2004-04-01,-6.94,3.27,-0.47,0.89,-0.92,0.08
2004-05-01,-2.01,-1.18,-0.27,-0.01,1.33,0.06
2004-06-01,0.49,-2.5,2.1,0.2,-0.95,0.08
2004-07-01,-1.93,-0.85,5.1,-0.58,1.75,0.1
2004-08-01,4.03,-0.31,-0.18,0.5,-0.29,0.11
2004-09-01,5.84,-0.62,3.4,-0.38,0.25,0.11
2004-10-01,2.8,-0.5,1.05,-0.17,-0.38,0.11
2004-11-01,8.42,0.45,1.93,0.31,-0.46,0.15
2004-12-01,5.42,1.13,0.91,-0.53,0.35,0.16
2005-01-01,0.67,3.9,-1.52,-0.73,-0.49,0.16
2005-02-01,8.45,-0.36,3.14,-0.2,-0.92,0.16
2005-03-01,-6.07,1.54,-0.81,0.86,-0.9,0.21
2005-04-01,-2.79,0.38,1.31,0.58,-0.48,0.21
2005-05-01,3.12,-0.78,-1.49,0.23,-0.53,0.24
2005-06-01,3.47,0.33,1.6,-0.7,0.41,0.23
2005-07-01,6.45,-0.26,0.83,0.64,2.01,0.24
2005-08-01,0.71,-2.07,2.0,-1.48,-0.67,0.3
2005-09-01,8.41,-3.07,1.81,-2.15,-0.07,0.29
2005-10-01,-6.09,2.67,-0.22,-1.2,-0.05,0.27
2005-11-01,7.52,0.28,1.1,-2.2,0.27,0.31
2005-12-01,5.94,-0.58,0.13,0.61,0.9,0.32
2006-01-01,9.93,-1.88,0.5,-1.71,0.59,0.35
2006-02-01,0.16,1.66,2.31,-2.04,0.93,0.34
2006-03-01,0.74,1.63,0.04,1.36,-1.76,0.37
2006-04-01,7.21,-0.34,2.87,-1.92,0.83,0.36
2006-05-01,-10.31,2.02,-0.9,1.32,1.17,0.43
2006-06-01,-1.44,-4.98,-0.06,-0.87,0.49,0.4
2006-07-01,0.87,-0.87,0.48,1.32,-0.39,0.4
2006-08-01,2.6,0.42,-1.36,-0.89,-1.39,0.42
2006-09-01,0.65,1.29,0.33,0.46,0.63,0.41
2006-10-01,4.25,0.85,2.13,0.79,-0.29,0.41
2006-11-01,7.22,0.89,2.48,-2.88,1.3,0.42
2006-12-01,4.23,-0.42,2.28,-0.49,0.91,0.4
2007-01-01,-1.17,3.88,-2.43,0.37,-0.03,0.44
2007-02-01,-0.15,3.56,2.09,-0.92,1.28,0.38
2007-03-01,3.89,1.08,1.8,-0.13,0.4,0.43
2007-04-01,4.59,1.39,2.56,0.41,-0.61,0.44
2007-05-01,5.17,3.76,1.32,0.76,-1.47,0.41
2007-06-01,4.28,-0.19,0.69,-0.54,0.67,0.4
2007-07-01,5.56,0.13,1.8,-2.1,2.16,0.4
2007-08-01,-3.39,-4.17,0.08,0.53,2.99,0.42
2007-09-01,8.93,-3.59,1.26,3.04,-2.36,0.32
2007-10-01,9.56,-6.95,-0.47,-0.16,-0.52,0.32
2007-11-01,-7.07,0.24,1.69,0.56,1.84,0.34
2007-12-01,0.99,0.92,1.6,1.5,0.78,0.27
2008-01-01,-12.39,-0.34,2.08,-1.29,3.75,0.21
2008-02-01,6.84,-0.99,1.13,-1.37,-0.87,0.13
2008-03-01,-4.91,-0.53,0.2,1.29,2.16,0.17
2008-04-01,6.99,-1.98,0.18,1.99,-1.07,0.18
2008-05-01,1.82,-1.35,1.14,-0.55,0.46,0.18
2008-06-01,-9.6,1.04,-0.45,0.22,1.41,0.17
2008-07-01,-4.21,1.61,-0.82,0.7,-0.05,0.15
2008-08-01,-8.17,-0.11,-1.22,1.59,1.23,0.13
2008-09-01,-18.07,-2.27,1.7,1.68,3.19,0.15
2008-10-01,-27.31,0.11,-0.67,3.0,6.32,0.08
2008-11-01,-7.84,-2.04,1.52,-1.82,6.17,0.03
2008-12-01,7.41,-0.96,0.25,-2.39,0.31,0.0
2009-01-01,-6.41,1.53,-0.8,0.83,1.24,0.0
2009-02-01,-5.07,1.34,-1.02,0.33,1.21,0.01
2009-03-01,13.72,-2.64,1.31,-0.57,-1.82,0.02
2009-04-01,16.98,1.69,0.34,-1.52,-6.22,0.01
2009-05-01,17.98,-0.36,2.92,-3.7,-3.18,0.0
2009-06-01,-1.41,1.1,0.41,-0.38,-0.15,0.01
2009-07-01,11.09,-0.25,3.56,-0.59,-1.71,0.01
2009-08-01,0.02,3.05,2.1,1.06,-0.22,0.01
2009-09-01,9.4,-0.36,2.96,-1.5,-0.65,0.01
2009-10-01,-0.25,1.22,0.42,0.88,0.96,0.0
2009-11-01,4.19,0.58,-0.09,0.3,-1.76,0.0
2009-12-01,4.63,2.12,2.34,0.53,-0.53,0.01
2010-01-01,-4.55,2.2,-0.16,-0.01,2.28,0.0
2010-02-01,0.66,2.24,-0.53,0.87,-1.23,0.0
2010-03-01,8.11,-0.44,3.29,0.06,-0.07,0.01
2010-04-01,1.51,1.94,0.66,1.6,1.54,0.01
2010-05-01,-8.88,-1.45,-2.03,0.94,0.39,0.01
2010-06-01,-0.23,1.16,-1.4,0.13,0.42,0.01
2010-07-01,8.14,-1.58,0.79,-0.38,2.41,0.01
2010-08-01,-1.45,1.35,-0.39,1.15,0.67,0.01
2010-09-01,11.21,-0.77,0.17,0.15,0.63,0.01
2010-10-01,2.98,1.91,0.12,1.22,-1.07,0.01
2010-11-01,-2.28,-0.11,-0.59,1.88,0.61,0.01
2010-12-01,7.24,-1.74,2.62,-1.92,1.7,0.01
2011-01-01,-2.38,0.2,2.04,0.77,-0.18,0.01
2011-02-01,-1.7,-1.37,-0.35,0.15,-0.61,0.01
2011-03-01,5.5,-2.45,0.63,0.6,-0.12,0.01
2011-04-01,3.73,0.56,-0.07,1.87,0.36,0.0
2011-05-01,-2.57,0.0,-1.04,2.07,0.98,0.0
2011-06-01,-1.45,-0.43,-0.05,0.77,0.28,0.0
2011-07-01,0.35,1.42,0.31,-0.1,0.42,0.0
2011-08-01,-9.08,-0.8,-1.78,1.83,1.97,0.01
2011-09-01,-14.82,-0.48,-2.21,2.66,3.79,0.0
2011-10-01,12.15,-2.85,-0.21,-1.0,-2.54,0.0
2011-11-01,-6.36,0.07,0.26,2.02,0.64,0.0
2011-12-01,-1.28,0.43,0.36,-0.76,2.38,0.0
2012-01-01,11.15,-1.92,2.38,-0.7,-1.83,0.0
2012-02-01,6.33,2.03,-0.11,0.49,-0.86,0.0
2012-03-01,-2.92,0.44,-1.6,2.18,-0.29,0.0
2012-04-01,-1.61,-0.4,-0.29,2.4,1.71,0.0
2012-05-01,-10.37,1.46,-1.77,-0.02,0.59,0.01
2012-06-01,3.67,-0.14,0.49,0.48,0.65,0.0
2012-07-01,1.32,-2.47,0.15,0.63,0.23,0.0
2012-08-01,0.55,2.73,-0.7,-0.72,-1.07,0.01
2012-09-01,5.78,-0.88,1.61,-0.65,0.06,0.01
2012-10-01,-0.68,0.64,0.29,1.61,0.06,0.01
2012-11-01,1.08,-0.63,-0.05,0.61,0.61,0.01
2012-12-01,5.09,-0.24,2.71,-0.26,0.26,0.01
2013-01-01,1.75,0.98,1.6,-1.82,0.63,0.0
2013-02-01,-0.83,2.24,-1.18,0.47,-0.1,0.0
2013-03-01,-1.21,1.29,-0.53,0.93,1.29,0.0
2013-04-01,1.09,0.81,-0.34,0.54,0.48,0.0
2013-05-01,-1.89,1.73,0.2,-0.86,0.8,0.0
2013-06-01,-6.44,-0.54,-3.05,1.53,0.57,0.0
2013-07-01,1.58,0.0,-0.58,0.21,0.19,0.0
2013-08-01,-2.49,-0.93,1.48,-0.67,0.04,0.0
2013-09-01,6.8,-0.59,0.7,-1.53,0.36,0.0
2013-10-01,4.25,-1.47,0.23,-0.05,-1.13,0.0
2013-11-01,-1.46,-0.03,-0.62,1.18,0.09,0.0
2013-12-01,-0.48,1.47,0.16,0.18,0.84,0.0
2014-01-01,-5.9,3.7,-0.89,0.26,-0.02,0.0
2014-02-01,3.59,1.06,-2.35,0.19,-0.8,0.0
2014-03-01,2.55,-0.17,1.66,0.25,0.81,0.0
2014-04-01,0.56,0.03,1.54,1.18,0.05,0.0
2014-05-01,3.88,0.53,1.03,-0.04,-0.22,0.0
2014-06-01,3.06,-0.5,0.7,-0.45,0.13,0.0
2014-07-01,1.68,-2.18,2.22,0.21,0.59,0.0
2014-08-01,2.17,0.3,-0.26,-0.01,0.26,0.0
2014-09-01,-6.24,2.94,-2.33,2.33,0.55,0.0
2014-10-01,0.47,-2.1,-1.72,1.82,-1.02,0.0
2014-11-01,-1.13,-1.63,-0.57,0.98,0.43,0.0
2014-12-01,-3.96,0.79,-0.37,1.49,1.31,0.0
2015-01-01,0.78,-0.29,-1.81,1.76,0.63,0.0
2015-02-01,2.56,-0.46,1.56,-0.51,0.42,0.0
2015-03-01,-1.06,0.86,-1.07,0.58,-0.74,0.0
2015-04-01,7.29,1.4,4.34,-2.97,0.26,0.0
2015-05-01,-2.86,4.19,-1.87,-0.48,0.01,0.0
2015-06-01,-2.34,-0.32,-2.65,0.44,0.17,0.0
2015-07-01,-6.72,0.07,-1.56,2.23,0.23,0.0
2015-08-01,-8.77,-1.11,-0.85,0.95,0.66,0.0
2015-09-01,-2.05,2.77,-0.2,-0.7,-0.35,0.0
2015-10-01,7.11,-1.37,-0.47,0.32,-1.15,0.0
2015-11-01,-2.81,1.23,-2.18,0.04,-1.46,0.0
2015-12-01,-1.63,1.86,0.58,1.38,0.72,0.01
2016-01-01,-6.27,-1.73,-0.94,0.14,0.83,0.01
2016-02-01,-0.61,-0.04,1.63,-0.65,0.77,0.02
2016-03-01,12.06,-1.98,2.99,-1.7,0.34,0.02
2016-04-01,1.25,1.1,2.11,-1.34,1.56,0.01
2016-05-01,-3.51,0.11,-2.98,1.54,-1.77,0.01
2016-06-01,4.11,-0.62,1.75,0.29,1.2,0.02
2016-07-01,4.65,-0.3,3.4,-0.1,0.98,0.02
2016-08-01,2.41,-1.32,1.5,0.82,-0.84,0.02
2016-09-01,1.22,0.71,-0.52,0.87,-0.53,0.02
2016-10-01,-0.18,-0.62,3.5,-1.73,1.63,0.02
2016-11-01,-4.49,0.24,2.74,-0.29,1.19,0.01
2016-12-01,0.4,0.76,1.14,0.05,0.55,0.03
2017-01-01,5.2,-0.86,3.22,-0.98,1.78,0.04
2017-02-01,3.43,0.1,2.73,-0.47,-0.33,0.04
2017-03-01,2.78,0.27,-0.48,2.17,0.07,0.03
2017-04-01,1.72,-0.94,-1.28,0.95,-0.62,0.05
2017-05-01,2.4,-2.29,-1.69,2.2,-1.43,0.06
2017-06-01,0.71,-0.47,-0.18,1.21,-0.84,0.06
2017-07-01,5.24,-2.68,0.54,-0.17,-1.22,0.07
2017-08-01,1.96,-0.91,0.26,-0.09,0.48,0.09
2017-09-01,-0.33,1.24,-0.35,0.87,-1.03,0.09
2017-10-01,3.2,-0.79,0.4,0.44,-1.09,0.09
2017-11-01,0.42,0.3,-1.89,0.06,-0.33,0.08
2017-12-01,3.53,0.16,-0.16,0.34,0.55,0.09
2018-01-01,7.64,-1.66,0.16,-0.93,-1.25,0.11
2018-02-01,-4.45,1.54,-1.39,0.22,0.42,0.11
2018-03-01,-1.57,1.66,-2.32,1.2,-0.1,0.12
2018-04-01,-0.65,0.54,1.4,-0.78,1.48,0.14
2018-05-01,-3.07,1.7,-2.38,0.92,-1.91,0.14
2018-06-01,-4.46,-2.91,0.12,0.41,0.02,0.14
2018-07-01,1.8,-2.14,3.03,-0.34,2.14,0.16
2018-08-01,-2.71,-0.98,1.45,-0.72,0.96,0.16
2018-09-01,-1.33,-2.04,2.03,-1.21,3.46,0.15
2018-10-01,-8.87,-0.78,5.42,-1.3,3.56,0.19
2018-11-01,4.26,-0.45,-0.92,0.91,-2.43,0.18
2018-12-01,-2.24,0.97,1.99,-0.76,1.15,0.19
2019-01-01,7.27,-2.25,0.05,0.63,-0.53,0.21
2019-02-01,0.14,0.92,-1.27,0.75,-0.77,0.18
2019-03-01,0.8,0.22,-0.05,0.78,-2.33,0.19
2019-04-01,1.51,-1.02,-1.83,0.31,-0.8,0.21
2019-05-01,-6.35,1.89,3.54,-1.35,2.47,0.21
2019-06-01,5.4,-1.77,0.15,1.24,-0.46,0.18
2019-07-01,-1.83,-0.81,-1.67,1.05,-0.99,0.19
2019-08-01,-4.61,0.11,-2.15,-0.74,-0.12,0.16
2019-09-01,1.96,-0.28,1.4,2.14,-0.25,0.18
2019-10-01,3.78,-1.32,-0.73,-0.16,-0.56,0.15
2019-11-01,-0.4,-1.61,0.9,-0.57,-1.63,0.12
2019-12-01,6.91,-0.75,0.45,2.67,-0.74,0.14
2020-01-01,-4.63,2.02,-2.97,0.27,-1.85,0.13
2020-02-01,-5.62,-0.04,-3.05,1.43,-2.05,0.12
2020-03-01,-17.09,-3.35,-6.89,1.94,-1.5,0.12
2020-04-01,10.08,1.99,0.45,-1.15,-0.19,0.0
2020-05-01,1.65,1.27,-3.16,-3.01,-1.38,0.01
2020-06-01,7.3,1.08,-1.23,-1.34,-3.95,0.01
2020-07-01,8.28,-0.83,-1.73,1.29,-2.46,0.01
2020-08-01,2.55,1.88,-0.55,-1.9,-3.15,0.01
2020-09-01,-1.72,0.43,0.25,0.81,1.08,0.01
2020-10-01,1.66,-2.18,-0.46,-0.05,-0.53,0.01
2020-11-01,10.13,0.97,6.06,-2.44,6.48,0.01
2020-12-01,7.43,-1.9,1.3,-0.65,4.14,0.01
2021-01-01,2.11,-0.89,-4.38,2.03,-3.96,0.0
2021-02-01,2.06,3.49,4.31,-1.68,1.16,0.0
2021-03-01,-0.65,2.18,4.33,0.94,3.55,0.0
2021-04-01,2.97,2.05,2.92,-1.32,0.59,0.0
2021-05-01,2.42,0.36,2.9,0.31,0.85,0.0
2021-06-01,0.61,2.92,0.2,-0.96,0.41,0.0
2021-07-01,-5.45,2.78,3.72,1.93,2.0,0.0
2021-08-01,2.32,-1.69,1.85,0.86,1.94,0.0
2021-09-01,-3.1,0.62,3.38,-0.25,1.79,0.0
2021-10-01,0.59,-1.27,0.07,-0.78,-0.38,0.0
2021-11-01,-3.57,0.94,-1.21,2.29,0.39,0.0
2021-12-01,2.39,1.14,3.95,2.22,2.64,0.01
2022-01-01,-2.17,-2.64,5.47,0.08,0.77,0.0
2022-02-01,-2.93,0.2,1.92,1.56,2.91,0.0
2022-03-01,-1.57,0.44,2.91,-1.13,1.17,0.0
2022-04-01,-5.26,0.55,3.5,0.38,1.7,0.0
2022-05-01,0.26,-1.55,-0.87,-0.13,1.66,0.03
2022-06-01,-6.77,0.13,-0.99,-1.49,0.39,0.06
2022-07-01,0.24,0.78,1.47,0.08,1.19,0.08
2022-08-01,0.75,0.31,0.87,-2.36,0.4,0.19
2022-09-01,-10.76,0.2,3.89,0.16,4.44,0.19
2022-10-01,-1.99,0.84,3.59,-0.61,3.05,0.23
2022-11-01,12.55,-2.95,-3.47,2.76,-3.78,0.29
2022-12-01,-1.47,1.76,-0.32,-0.33,-0.51,0.33
2023-01-01,6.27,-0.31,-3.43,2.72,-3.49,0.35
2023-02-01,-5.67,2.21,0.97,0.73,1.69,0.34
2023-03-01,2.27,-2.17,-1.26,0.88,-1.15,0.36
2023-04-01,-0.73,1.52,5.05,-1.51,3.32,0.35
2023-05-01,-1.45,0.72,0.87,-0.06,1.05,0.36
2023-06-01,3.72,0.06,1.57,-0.61,0.35,0.4
2023-07-01,5.33,-1.8,1.51,-1.04,0.97,0.45
2023-08-01,-5.33,2.17,0.99,-0.01,-0.99,0.45
2023-09-01,-2.63,0.23,3.28,0.86,0.92,0.43
2023-10-01,-4.42,0.34,0.09,0.96,0.16,0.47
2023-11-01,7.32,-0.4,0.15,0.0,-0.51,0.44
2023-12-01,3.48,-0.95,3.09,0.27,-0.51,0.43
2024-01-01,-4.55,1.25,5.88,0.6,-0.2,0.47
2024-02-01,3.59,-1.09,-0.91,0.39,-0.92,0.42
2024-03-01,1.21,-3.19,-0.67,1.81,0.1,0.43
2024-04-01,0.12,1.36,3.37,-0.25,1.24,0.47
2024-05-01,0.57,-0.67,0.85,0.9,1.19,0.44
2024-06-01,2.52,-1.18,1.06,2.35,-2.47,0.41
2024-07-01,0.04,-0.15,2.86,-1.53,1.11,0.45
2024-08-01,0.88,0.0,0.07,0.97,-0.9,0.48
2024-09-01,5.42,0.21,-2.0,-1.09,-0.45,0.4
2024-10-01,-4.03,0.71,-1.07,0.64,-1.81,0.39
2024-11-01,-3.39,1.4,1.51,0.45,0.25,0.4
2024-12-01,-0.76,-0.89,-0.86,2.84,-1.18,0.37
2025-01-01,0.65,-2.76,-0.82,0.47,-2.13,0.37
2025-02-01,-0.66,-0.15,-1.81,-2.59,1.99,0.33
2025-03-01,0.19,-1.52,3.74,1.1,1.59,0.34
2025-04-01,1.07,0.03,0.06,-1.3,-1.05,0.35
2025-05-01,4.55,1.54,-0.18,0.55,-0.45,0.38
2025-06-01,5.43,-0.56,-0.15,-0.18,-0.72,0.34
2025-07-01,1.21,0.11,-0.61,-0.38,0.21,0.35
2025-08-01,1.8,1.87,-2.25,-0.05,-0.36,0.38
2025-09-01,5.19,-3.73,-1.7,1.89,0.49,0.33
2025-10-01,3.13,-4.63,1.64,2.81,-2.18,0.37
2025-11-01,-2.41,-0.22,2.28,-0.21,0.92,0.3
2025-12-01,2.2,-1.56,1.06,1.31,-1.74,0.34
2026-01-01,7.43,-3.9,-0.31,0.75,-0.24,0.3
2026-02-01,4.91,-1.76,1.54,1.72,-2.35,0.28
