DATE,IR3TIB01CNM156N
1997-06-01,10.75
1997-07-01,9.7355
1997-08-01,9.6809
1997-09-01,9.6
1997-10-01,8.5686
1997-11-01,8.707
1997-12-01,9.0
1998-01-01,8.719
1998-02-01,8.5962
1998-03-01,8.7092
1998-04-01,6.88
1998-05-01,7.4466
1998-06-01,6.9244
1998-07-01,5.9877
1998-08-01,6.752
1998-09-01,5.355
1998-10-01,5.2292
1998-11-01,6.7931
1998-12-01,4.8665
1999-01-01,4.5161
1999-02-01,6.2767
1999-03-01,4.3972
1999-04-01,4.3383
1999-05-01,4.2458
1999-06-01,3.4632
1999-07-01,2.8688
1999-08-01,2.8003
1999-09-01,2.7752
1999-10-01,2.7973
1999-11-01,2.7629
1999-12-01,2.6592
2000-01-01,2.7155
2000-02-01,2.7268
2000-03-01,2.6435
2000-04-01,2.6423
2000-05-01,2.5682
2000-06-01,2.4485
2000-07-01,2.5058
2000-08-01,2.4385
2000-09-01,2.4197
2000-10-01,2.4964
2000-11-01,2.3392
2000-12-01,3.2674
2001-01-01,2.8258
2001-02-01,2.8275
2001-03-01,2.6494
2001-04-01,2.5887
2001-05-01,2.5457
2001-06-01,2.5516
2001-07-01,2.4958
2001-08-01,2.4372
2001-09-01,2.3849
2001-10-01,2.3417
2001-11-01,2.3371
2001-12-01,2.2688
2002-01-01,2.2796
2002-02-01,2.1624
2002-03-01,2.0207
2002-04-01,1.99
2002-05-01,1.982
2002-06-01,1.97
2002-07-01,2.03
2002-08-01,2.12
2002-09-01,2.23
2002-10-01,2.34
2002-11-01,2.33
2002-12-01,2.37
2003-01-01,2.39
2003-02-01,2.31
2003-03-01,2.24
2003-04-01,2.17
2003-05-01,2.16
2003-06-01,2.28
2003-07-01,2.34
2003-08-01,2.36
2003-09-01,3.68
2003-10-01,3.45
2003-11-01,3.1
2003-12-01,2.94
2004-01-01,2.84
2004-02-01,2.33
2004-03-01,2.27
2004-04-01,2.61
2004-05-01,2.81
2004-06-01,3.11
2004-07-01,3.03
2004-08-01,3.0
2004-09-01,2.93
2004-10-01,2.94
2004-11-01,2.91
2004-12-01,2.73
2005-01-01,2.49
2005-02-01,2.38
2005-03-01,2.51
2005-04-01,2.21
2005-05-01,1.52
2005-06-01,1.5
2005-07-01,1.54
2005-08-01,1.49
2005-09-01,1.52
2005-10-01,1.83
2005-11-01,1.53
2005-12-01,1.77
2006-01-01,
2006-02-01,1.78
2006-03-01,1.89
2006-04-01,2.24
2006-05-01,2.27
2006-06-01,2.51
2006-07-01,3.12
2006-08-01,2.85
2006-09-01,2.72
2006-10-01,2.7
2006-11-01,2.98
2006-12-01,2.84
2007-01-01,2.63
2007-02-01,2.82
2007-03-01,2.63
2007-04-01,3.91
2007-05-01,3.58
2007-06-01,3.14
2007-07-01,3.14
2007-08-01,3.2
2007-09-01,3.64
2007-10-01,3.88
2007-11-01,5.02
2007-12-01,4.55
2008-01-01,4.27
2008-02-01,4.26
2008-03-01,4.39
2008-04-01,4.51
2008-05-01,4.38
2008-06-01,4.2
2008-07-01,4.47
2008-08-01,4.08
2008-09-01,4.14
2008-10-01,4.25
2008-11-01,3.55
2008-12-01,1.9
2009-01-01,2.3
2009-02-01,1.09
2009-03-01,1.27
2009-04-01,1.12
2009-05-01,1.14
2009-06-01,1.2
2009-07-01,1.68
2009-08-01,1.7
2009-09-01,1.78
2009-10-01,1.81
2009-11-01,2.08
2009-12-01,1.86
2010-01-01,1.85
2010-02-01,1.94
2010-03-01,1.91
2010-04-01,1.73
2010-05-01,2.02
2010-06-01,3.69
2010-07-01,2.48
2010-08-01,2.44
2010-09-01,2.56
2010-10-01,2.75
2010-11-01,3.38
2010-12-01,4.94
2011-01-01,4.98
2011-02-01,4.84
2011-03-01,4.02
2011-04-01,3.94
2011-05-01,4.24
2011-06-01,5.91
2011-07-01,5.89
2011-08-01,5.19
2011-09-01,5.69
2011-10-01,5.67
2011-11-01,5.73
2011-12-01,5.57
2012-01-01,6.8
2012-02-01,5.36
2012-03-01,4.72
2012-04-01,4.37
2012-05-01,4.04
2012-06-01,3.7
2012-07-01,3.46
2012-08-01,3.59
2012-09-01,4.12
2012-10-01,3.78
2012-11-01,3.82
2012-12-01,3.97
2013-01-01,3.77
2013-02-01,3.71
2013-03-01,3.52
2013-04-01,3.63
2013-05-01,3.84
2013-06-01,6.65
2013-07-01,5.09
2013-08-01,5.4
2013-09-01,5.58
2013-10-01,5.14
2013-11-01,6.43
2013-12-01,6.96
2014-01-01,6.76
2014-02-01,5.14
2014-03-01,4.84
2014-04-01,4.64
2014-05-01,4.5
2014-06-01,4.59
2014-07-01,4.57
2014-08-01,4.47
2014-09-01,4.44
2014-10-01,4.26
2014-11-01,4.22
2014-12-01,5.22
2015-01-01,4.98
2015-02-01,5.41
2015-03-01,5.18
2015-04-01,4.1
2015-05-01,3.11
2015-06-01,3.35
2015-07-01,3.21
2015-08-01,3.05
2015-09-01,3.16
2015-10-01,3.19
2015-11-01,3.06
2015-12-01,2.97
2016-01-01,3.19
2016-02-01,2.95
2016-03-01,2.77
2016-04-01,2.95
2016-05-01,2.89
2016-06-01,2.87
2016-07-01,2.87
2016-08-01,2.77
2016-09-01,2.81
2016-10-01,2.91
2016-11-01,3.35
2016-12-01,4.77
2017-01-01,4.57
2017-02-01,5.51
2017-03-01,4.86
2017-04-01,4.4
2017-05-01,4.86
2017-06-01,5.13
2017-07-01,4.35
2017-08-01,4.48
2017-09-01,4.59
2017-10-01,4.7
2017-11-01,4.76
2017-12-01,5.55
2018-01-01,4.85
2018-02-01,4.49
2018-03-01,4.8
2018-04-01,4.37
2018-05-01,4.54
2018-06-01,4.63
2018-07-01,3.93
2018-08-01,3.23
2018-09-01,3.12
2018-10-01,3.22
2018-11-01,3.37
2018-12-01,3.87
2019-01-01,3.24
2019-02-01,2.91
2019-03-01,3.08
2019-04-01,3.0
2019-05-01,3.15
2019-06-01,3.6
2019-07-01,3.16
2019-08-01,3.11
2019-09-01,3.3
2019-10-01,3.46
2019-11-01,3.33
2019-12-01,3.49
2020-01-01,3.67
2020-02-01,2.98
2020-03-01,2.55
2020-04-01,2.32
2020-05-01,2.13
2020-06-01,2.54
2020-07-01,2.76
2020-08-01,2.97
2020-09-01,2.99
2020-10-01,3.18
2020-11-01,3.56
2020-12-01,3.33
2021-01-01,3.01
2021-02-01,3.25
2021-03-01,3.07
2021-04-01,2.82
2021-05-01,2.84
2021-06-01,2.93
2021-07-01,2.82
2021-08-01,2.86
2021-09-01,2.77
2021-10-01,2.72
2021-11-01,2.94
2021-12-01,3.08
2022-01-01,3.32
2022-02-01,3.2
2022-03-01,3.17
2022-04-01,2.99
2022-05-01,2.81
2022-06-01,2.76
2022-07-01,2.79
2022-08-01,2.5
2022-09-01,2.36
2022-10-01,2.43
2022-11-01,2.68
2022-12-01,2.79
2023-01-01,2.9
2023-02-01,2.94
2023-03-01,3.05
2023-04-01,2.89
2023-05-01,2.98
2023-06-01,2.81
2023-07-01,2.57
2023-08-01,2.63
2023-09-01,2.64
2023-10-01,2.73
2023-11-01,2.88
2023-12-01,3.02
2024-01-01,2.79
2024-02-01,2.69
2024-03-01,2.53
2024-04-01,2.49
2024-05-01,2.32
2024-06-01,2.23
2024-07-01,2.21
2024-08-01,2.04
2024-09-01,2.06
2024-10-01,2.1
2024-11-01,2.04
2024-12-01,2.0
2025-01-01,1.94
2025-02-01,1.99
2025-03-01,2.14
2025-04-01,2.02
2025-05-01,1.83
2025-06-01,1.79
2025-07-01,1.78
2025-08-01,1.66
2025-09-01,1.68
2025-10-01,1.69
2025-11-01,1.66
2025-12-01,1.69
2026-01-01,1.75
